1, 3.5846357372201516
1.8435111533341277, 2.7321174066104135, 2.867497357926571, 2.9135519894050916, 2.856413501481665, 2.868231925809034, 0.842673274103666, 0.9124096366591318, 0.9026817459893338, 0.9187183122260871, 0.33395885023654565, 0.2053970407150197, 1.8439543266477176, 2.733194479049863, 2.845655819507383, 2.928217569784086, 2.8590022976093263, 2.870748551223371, 0.8534540029407095, 0.9025543168351255, 0.9057391612802708, 0.9136287965982993, 0.3189889093433003, 0.214067083630007, 2.663745251132777, 2.665586389673708, 1.977889923408463, 2.012156379953589, 2.8592183682463066, 2.8700588654448307, 1.7189954831907155, 1.6941716837944862, 0.9788701954312087, 0.9789305589083304, 0.9258501126829662, 0.6980288800289456, 0.6573110307953143, 0.22335916974140807, 2.766555019053372, 2.774563257456295, 1.890659103182775, 2.0296335975169644, 3.0681411650044814, 2.7744364961164, 2.7636839248640586, 1.898264525652922, 3.174585545791697, 2.001956892675573, 2.84982781810408, 2.846483948391689, 2.882940638607332, 4.225429109635074, 2.684884216128818, 2.0549900968475754, 1.6494564766725448, 1.6305475364730273, 0.8091261199663619, 2.859273866554028, 2.8563593221443178, 2.8774436724073365, 2.68556942428073, 4.688198702782059, 2.059550806564166, 1.7217677352098202, 1.6990666689941987, 0.7916197188369739, 2.1150951023355757, 1.8627373357193213, 2.195126494865819, 2.0674925337030987, 0.765950667088886, 1.154840357772781, 1.1766939750553003, 1.0840885068687844, 1.0974147578312485, 1.1624392077092713, 0.23165890053724797, 0.26247499750717607, 0.3572995969315464, 0.2506512689951207, 2.11608122954383, 1.8574640899826953, 2.1736435859536973, 2.0875606010040357, 0.7761026417105055, 1.1681217277585567, 1.1376554553026548, 1.1004274049928393, 1.103960479650502, 1.164908985745731, 0.22809042381172565, 0.2650031285378432, 0.35319946951940023, 0.26290146365212497, 1.1030960429809982, 1.0852126705813783, 0.9858296453760246, 1.3411886013808878, 0.7943131115703158, 0.474425416786008, 0.5421217572537156, 0.2261033142318115, 1.1101372932334697, 1.120688836949056, 0.9585062550758476, 0.7961384187766077, 1.313078841088409, 0.34296769850929465, 0.43619050530772036, 0.22115747603884556, 5.121714760771252, 5.10646860807186, 1.8226073910752232, 1.153437389010111, 1.1294395210179604, 0.7937545865249809, 0.7735664076797313, 1.2316345653158651, 1.5085579626545575, 0.3417553573158838, 0.3548136441574135, 0.2542172527650912, 0.24103728893491266, 3.6123264615260626, 3.6229125943276723, 1.9434050712952349, 2.0597954629035415, 1.0686577738815974, 1.051285784336007, 0.9692835940134759, 1.263928929737973, 1.0236373997911363, 0.8322334092006457, 0.43600044558243956, 0.45279486455206724, 0.37064949462481056, 0.3990733529656119, 0.31189211340146944, 3.4608094031177963, 3.4812493269072835, 1.8728740441170602, 2.1271537195948667, 1.1311254147782122, 1.1151738980227859, 1.3531244289290942, 0.9904199868430462, 0.8922653603910171, 0.7713221153162775, 2.7403955439807697, 1.6343433094102406, 0.8105655535292121, 0.820575164899325, 0.5830656684989858, 1.4209769405977892, 0.6960046545802505, 0.21629321560464237, 0.3207968396920542, 0.34369766564266896, 0.3031277448686683, 0.3468040804741617, 2.8686473518890128, 1.553882926547602, 0.8348294207786011, 0.8353795763355326, 0.8164359227701228, 1.4416128965713921, 0.7053843962119635, 0.2082484609509072, 0.31501988456338764, 0.33888761864784017, 0.29724639160879035, 0.3412993079601423, 1.6161909516279171, 1.5176683146190098, 0.9706463500540256, 0.6096036923880708, 0.32539640497807826, 0.3398408966281949, 0.24084658388724928, 0.28087038244069995, 0.3684512643691539, 5.166217900712657, 5.2004286291724116, 1.9095180845354305, 1.3108512176567557, 1.2873369803314259, 0.8181268993133302, 0.8314559622288025, 0.8710386031618899, 0.2985086411255068, 0.3099973066513695, 0.2300895950199702, 0.31941751326814133, 0.3344968557361138, 0.30697289332199595, 0.3190267598498362, 0.3563475214547399, 0.2599129705615203, 0.30458727326990304, 2.3903910314172636, 2.3392084991440534, 2.3067900113238062, 0.592675728357189, 0.33317094889500626, 0.34756818327590483, 0.35659587397793446, 0.3777779151089976, 0.22663932805087583
16.59561982281158, 16.05765774552041, 16.702707670062225, 16.70539592519467, 16.41918503718615, 16.475859642812004, 16.718829178137447, 16.614770920133484, 16.722406702509357, 16.67756891055127, 16.149744709501523, 16.97821188434413, 16.595276922457934, 16.06659486154197, 16.707517410292397, 16.71032873385673, 16.407686520901727, 16.47363002469555, 16.709346419358393, 16.619358636715404, 16.70170036464662, 16.697885347014573, 16.620352594086757, 16.813762582335425, 16.336277310900037, 16.317913662984424, 16.195224004982688, 16.149515069664073, 16.2937885781296, 16.262333049329555, 16.087926957575988, 16.146719740209296, 15.123567894375745, 16.744622615656567, 16.659363240735182, 17.947790997971033, 19.439198732954534, 16.488323027915506, 16.93113968415258, 16.94602380353769, 16.90468446337717, 16.848421144894196, 17.026051165415065, 16.88549349340153, 16.90476208524818, 16.869428263801847, 17.006086522377537, 16.8871612757301, 16.65729085891889, 16.66336346485692, 16.54058261399325, 16.72631738295539, 16.667586413070758, 16.807731950416, 16.56929486577323, 16.58139155727823, 16.683231884736806, 16.747496142742577, 16.745924251492532, 16.73021409597526, 16.70047254560558, 16.76144101586932, 16.878622014815797, 16.733269169252353, 16.710380370140502, 16.7085159865043, 6.7397011470483985, 6.45193454017254, 7.0410797690528035, 6.724747666248431, 7.152072043530486, 6.5571115059299405, 6.685874019125268, 7.590251266140993, 6.968794580209123, 7.284748770265207, 6.756932234348489, 6.50080056091971, 7.333592637101751, 6.716065745875161, 6.647802049246352, 6.351790084878992, 6.9352430195501595, 6.623029875013942, 7.058283426572258, 6.465019693400598, 6.604693287553542, 7.490844106539852, 6.8654393988516915, 7.168760558480368, 6.670569035756412, 6.401195103186763, 7.228502675076593, 6.59355187446903, 6.132481854431072, 6.15491600165837, 6.238625578132021, 6.29232211617663, 6.0736814483455195, 6.234172190420913, 5.901770423238016, 6.088880384828316, 6.453963306714952, 6.471968897816262, 6.516558417271912, 6.5097045452632365, 6.33045971113284, 8.777807834811373, 6.067624068463136, 7.019169509059394, 7.2446745856365755, 7.291937206885597, 7.646739717461947, 6.44133703942782, 6.479629778423014, 7.3778548193384195, 7.756326478336139, 5.731195019993603, 7.149942659323798, 6.99695042805427, 7.019517090396518, 7.148427869761598, 6.941935851054219, 6.354416253223937, 6.401926758717088, 5.901258754721543, 6.793010668316141, 6.71118121849902, 6.753537310175875, 6.3666011504611415, 6.166441802297156, 7.392010397338599, 6.759949053374823, 6.28014952305343, 6.269281152826544, 5.870603832364082, 7.470694040264788, 5.078833016370576, 6.948606528158147, 6.994214685567703, 7.000718399398572, 6.873489111690962, 7.235057757168637, 7.2823280248911, 6.943718892059274, 6.979670043878527, 8.056349331668146, 7.38386016763682, 2.074501978036331, 1.9945585747007595, 1.9902479506191575, 2.0428819210792035, 2.1145449596923647, 1.9403995794719568, 2.0088158868241184, 2.0850071896242084, 2.1775219897665155, 2.038544828138137, 1.9890925084433835, 2.236768228146805, 2.170257964965561, 2.069796805210375, 2.057376560372918, 2.139757260515722, 2.1950632185284618, 2.0110654179984992, 2.0867855974722653, 2.161047707851736, 2.267464709117972, 2.1132354602083203, 2.062346844036426, 2.3309454967754006, 2.1120898643258683, 2.1134946767867744, 2.137413870000725, 2.1534585317518755, 2.138549862019918, 2.097201363741244, 2.2158922606925837, 2.11556440008414, 2.209224014948108, 2.1240397594856684, 2.0595123161315367, 2.1154876927464183, 2.059925253952118, 2.016513692620905, 2.110849735960771, 2.030121379328449, 2.0491123633925548, 2.3684793753634668, 2.33582616544901, 2.3361642756402583, 2.0640742067230073, 2.6591703075454918, 1.9301218570681833, 1.900073284280956, 1.9183009127232358, 1.9297171988212913, 2.0200629987483985, 2.3468999081384796, 2.2944786651008333, 2.140479443148253, 2.551846562925103, 2.2220225464619165, 2.1853155883156052, 2.3048274311244987, 2.134622305951952, 2.4455279780194075
1, 0.8316169492748068
-0.5988355547429098, -0.7754245316036248, -0.9975513809291748, -1.0124704765224635, -0.9467083032364454, -0.9658741825160857, 1.3209171805282098, 1.0682404306867923, 1.6105640921297275, 1.348048104834094, 2.565667383287193, 1.666669607581906, -0.599594298923189, -0.7749394600576789, -0.99004149871092, -1.0179068531848898, -0.9484223030044675, -0.966571209145248, 1.3378183808954467, 1.0868348644091455, 1.619570443733265, 1.3390101591975792, 2.46183852736466, 1.7372155019909263, -0.7849316250867899, -0.7847700955590515, -0.6560895246717857, -0.6734196390268808, -0.9038480841422797, -0.9516842220583586, 2.9275699651233635, 2.87728125119049, 1.1037757906574885, 2.0896052301531194, 1.3521476074315992, 5.399040504119479, 5.058451386405466, 1.8393969653442126, -0.9165928403169675, -0.9190100808933334, -0.43476179477073923, -0.6818705224034071, -1.0067844966896164, -0.9186663535115007, -0.9144926037607405, -0.4350421542414389, -1.0477132748532658, -0.6717433262099564, -0.9137010187520873, -0.9109444591361514, -0.7954223390386443, -1.4886090041163262, -0.9197257535724847, -0.7250770945583025, 2.249447252979961, 2.2264581165714112, 1.2521860845422614, -0.9246064220891151, -0.922926877205198, -0.7572887001682899, -0.9242040057275849, -1.6448823753620152, -0.7210849020581456, 2.7560729024773214, 2.7220006779751658, 1.271918586007035, -0.7045911590250744, -0.41502967229455545, -0.7245522675811717, -0.685067595099944, 1.0784667654306386, 2.0884130708150774, 1.9174154233163667, 1.7309054709083553, 1.6723760262807998, 1.4580990315937166, 1.883774564621419, 2.0680341321905846, 2.951781344073136, 1.8292670473348174, -0.7048478692410999, -0.41073320359939797, -0.7184027672446189, -0.6929185020237492, 1.0937432694121774, 2.1140070824599024, 1.8544851973569507, 1.7480111408298031, 1.6840153076560342, 1.4635982094241862, 1.8550756538004547, 2.090941926619898, 2.9155762595304484, 1.8731215128971905, 1.8142401549889589, 1.7812226851753694, 1.1480989694028112, 2.373833534722485, 1.1854434772436375, 3.666667021622513, 4.170517016848059, 1.857831242621742, 1.7603044100562202, 1.7686238292505354, 1.0369985059459512, 1.5416299800804543, 1.9443676469689568, 2.6473838206925366, 3.354745691177891, 1.8089246594991089, -1.5851799684423982, -1.578879651468901, -0.09012063134635565, 1.5709351228752644, 1.5335638252147061, 1.4087380464929171, 1.2689336789913237, 1.5743656737955574, 1.416836918723246, 2.8190282220033818, 2.928460859725889, 2.0292086294947644, 1.8891752494635852, -1.1971563789194617, -1.2009211655924261, -0.6324296924431321, -0.6825211850524033, 1.6025468892658772, 1.5734349236789509, 1.7553637122793813, 1.9974770364590335, 1.9285890957032277, 1.0572387931754506, 3.4928091901256426, 3.6254416178694666, 2.898209129673994, 3.318033954813285, 2.099008342506686, -1.1570359086425324, -1.1654013447730844, -0.5970788854287679, -0.7053419751819746, 1.5705954427658688, 1.5520469758742, 2.473364168615916, 1.7390494161564136, 1.1934418996366603, 1.2390945977450918, -0.8507061375916677, -0.5138378883782596, 1.2542556173025983, 1.4950498166542072, 0.9214491871044103, 2.0283733457720055, 1.4291764143475545, 1.6595151937079748, 2.4795487151459006, 2.4547227481455525, 2.664106679293971, 2.6183548774473886, -0.8912085542586906, -0.3140129340330719, 1.294046121426656, 1.5212324102341122, 1.3584965944915117, 2.061639045764459, 1.4359012154421273, 1.6041679619453237, 2.4384608899961795, 2.4081126112599702, 2.61314601347429, 2.581818728193986, 2.689291181811836, 2.5149198171654614, 1.290014482733413, 1.0851815435073788, 2.3532075969003206, 2.443123266180813, 1.7626205149012937, 2.5232317245445026, 2.6447453475461677, -1.5989674241092282, -1.6076210174014962, -0.5400224644482988, 1.8531857359939508, 1.8247657714785668, 1.4925025609637095, 1.2866391773187393, 1.2006269374404719, 2.3609703719387336, 2.4513608139161818, 1.757085745091287, 2.765606741687173, 2.6150803078900675, 2.487244255600163, 2.5827227732599396, 2.8162780512793395, 2.125110509516037, 2.0011256178937167, 3.8819766156057085, 3.7970642927933067, 3.2646758677594665, 1.885760266249797, 2.430532221816793, 2.5199979824815637, 2.592966138007909, 2.579219454203221, 1.9950543016200741
-4.545023108788535, -3.6708186152631774, -4.699235216656472, -4.694378477053102, -4.2822072383818774, -4.348818569306952, -4.727723320994105, -4.457058298869937, -4.707777913020678, -4.714572622380064, -4.332445726491977, -4.554448996441419, -4.539114072498877, -3.671180230485088, -4.701000323928336, -4.694269578322696, -4.260359734756163, -4.3388647683250925, -4.726315795820472, -4.455602528880279, -4.703033040265131, -4.7253779706591015, -4.455868738313242, -4.507673942497809, -4.034360235337609, -4.028072472154655, -3.7019608906698145, -3.618354483345941, -3.971026656510614, -3.880618984306734, -3.5880807563718675, -3.605820798725549, -1.461857998787241, -4.736615860317089, -4.624833577373795, -4.953446191564065, -5.430518027242808, -4.425029696997595, -5.09570196895454, -5.100070962711601, -4.96954619527744, -5.056762050464813, -5.19314506272759, -5.041065492777448, -5.047794196543311, -4.92612790803699, -5.152858810302213, -5.000543822059636, -4.648938808718516, -4.657539537224011, -4.475330253575151, -4.72692917362205, -4.614556339065477, -4.875632999216245, -4.601005505869707, -4.595083742208635, -4.664689214209286, -4.787952840058964, -4.792098909914045, -4.781176289980989, -4.659045909107082, -4.772187130578873, -4.9719274964062565, -4.686976313305154, -4.68905851724359, -4.704117359014773, 9.288140037740403, 9.443438699885167, 8.51481624244565, 9.183597550324748, 8.761092135588049, 9.446625312889239, 9.258670056984949, 8.092533534033766, 8.897419743919569, 8.354776139434259, 9.180869493135564, 9.4200746788238, 8.254553792626611, 9.2986870924129, 9.144212568503553, 9.268180787084368, 8.376231543543573, 9.053574276115667, 8.623510218859172, 9.281308414774909, 9.100296835248743, 7.913876114226662, 8.708699525102833, 8.244098508542937, 9.039671814355144, 9.24788143930526, 8.141571197918221, 9.122822000728045, 9.55824763592142, 9.599975628766272, 9.656301305325936, 9.86220661103294, 9.471717749161376, 9.717957050273522, 9.206419324441605, 9.495337023061563, 9.052325481670943, 9.086061891720883, 9.179950667871172, 8.732718606079422, 9.80999070902067, 12.30102716747681, 8.86399546003627, 9.764145763602667, 8.377360412175173, 8.412960169708716, 8.150993887002414, 9.319354751113975, 9.344696784923327, 8.502973286646753, 7.833327872221444, 10.842254552215286, 8.274336301114408, 8.399677759719328, 8.451282923113382, 8.266607779870562, 8.44409841405549, 9.516948749487954, 9.587149065877478, 10.38284292990143, 9.187864043443835, 8.91141578670855, 8.991983258587581, 9.51984473705092, 10.01203507388952, 7.997755525364507, 9.115100847974476, 9.967137752582483, 9.9750466436148, 10.361659450388062, 8.193843926230123, 12.920799389735006, 8.602013846330712, 8.643565397143531, 8.744319102409433, 9.079744310319434, 8.070190263159144, 8.118952189858659, 8.845589618378977, 8.587671222392084, 6.854197555237582, 8.146912339796511, 13.387070677978251, 12.87527829741945, 13.746742035679194, 13.184671420118685, 13.64343901699559, 13.589143996923358, 13.470781292568459, 13.653939939243259, 13.344141233416751, 13.541630617920882, 13.589398864655639, 13.392515038665575, 13.975206485461056, 13.333655620612051, 14.219749704074028, 13.78045774940532, 14.133639101569099, 14.091975905460588, 13.9934542166696, 14.125730583500323, 13.848071302689178, 14.06186075117003, 14.0851800824335, 13.903312368386162, 14.109392679978168, 14.161154849707762, 14.475176232212034, 14.283250363222793, 14.204399770434028, 13.950604272599827, 14.538879151480918, 14.149670284013233, 14.152452835129099, 15.066336087476605, 14.596648841008449, 15.224343034526177, 14.292153317103487, 13.962518522559225, 15.115200157821828, 14.486207948522589, 14.26583837910051, 13.973248532514825, 13.746515374885162, 14.444576960947636, 14.459675372809501, 13.773414268970825, 14.434233963625756, 14.212353753985166, 14.74877956259499, 14.191127922801789, 15.45244445891024, 14.824077470679738, 14.542076061031606, 14.928654567074451, 15.459934158882344, 14.161360719397345, 13.942071561907012, 13.994475785200175, 14.200411745300956, 14.980285484687649
1, 0.37117523559428284
-0.7878705257799156, -0.757753138106602, -1.450742357257451, -1.4302840749628738, -1.252486910048539, -1.3906288425995308, 4.2028232175351725, 3.1729732346153208, 3.8550120311020453, 4.528402530449511, -1.9940422666625868, -1.4426271775085464, -0.7899029186752358, -0.755624530704626, -1.4399105190751242, -1.4387627624903951, -1.2566355732967165, -1.3905676280353858, 4.250899233737176, 3.272337720540945, 3.8600219178705037, 4.49513747726716, -1.9273067802466732, -1.5026223986912268, -0.8650020962646813, -0.8645198873158617, -0.8528842517649802, -0.8617251872461761, -1.0879952648641724, -1.3201123461194235, 7.77716804893504, 7.6909555832454854, 3.639880057322415, 3.4637825717155093, 4.699872216065709, -4.267582118287887, -3.963008602579427, -1.6398846865891805, -1.2344051583487052, -1.23745593068966, -0.18470885094316625, -0.9576014888871429, -1.4003143392117032, -1.2299229128265574, -1.2231884616468756, -0.1570377757535234, -1.361239506603657, -1.0095546200592598, -1.1635309695276161, -1.1569462671376525, -0.6634168299145968, -2.2788055463577073, -1.2633923302772945, -1.2255822043798232, 8.275424110425362, 8.18330186845958, 3.9245788884608235, -1.226297998478922, -1.2239094564523767, -0.6895911909780412, -1.3003612398461608, -2.3657718657497755, -1.1821088509538134, 8.000316843730907, 7.913663161999414, 3.784261366528816, -0.9603529394045387, -0.034206757554563594, -0.9456579283282274, -0.9759294304923557, 3.444636557811732, 6.167051431435604, 6.759351383346057, 4.184973809596201, 4.315372616544168, 5.014807252974345, -1.5628006062744761, -1.615413842512889, -2.542594520093873, -0.9721561449256482, -0.9601592818712185, -0.032157949238704284, -0.9413775672843843, -0.9907028588938429, 3.482462415689288, 6.236199825998972, 6.537639502110093, 4.263184922952126, 4.350339966039484, 5.025919590929104, -1.5381348114598647, -1.6346730269867824, -2.5083405749414536, -0.8794714953516888, 5.262240502538397, 5.1865363829720605, 3.5153126133344554, 5.906094911446513, 3.8842861607775987, -2.888446572003018, -3.2619583538075547, -1.6454551373419792, 5.421358115402953, 5.494025014940356, 3.585195448799198, 3.133020950091709, 6.625373092026234, -2.0742301493315427, -2.620800435564115, -1.5920457148283023, -1.8041410276828493, -1.7934456094173563, 1.4584826094877932, 4.7489202217250535, 4.66565835578022, 4.313332783719961, 4.452556215677749, 4.537000059872563, 5.1273621323456435, -2.3540714509105913, -2.450203423414036, -1.6479139432773589, -1.3127691621040865, -1.6232213078739406, -1.6295657688838865, -0.8339502639255867, -0.9964705015523138, 4.414310095892352, 4.353092886738366, 5.602642474487457, 7.121155472912614, 3.426179753345608, 3.4654907620068465, -2.7654911220715084, -2.8690349997637665, -2.0000235480600272, -2.8591755030989607, -0.5652250027361795, -1.5599849381620747, -1.5758019666729983, -0.74217400941222, -0.9496611220735693, 4.874294278776381, 4.828433928603878, 6.864424121599338, 5.869046284698929, 3.6776801502752483, 2.838864465241594, -0.982164856651485, -0.6259267082757586, 3.87048984288901, 4.2549903677849175, 3.5833421160849714, 6.365237474883733, 2.3522865015855903, -1.2408050234115888, -1.8783414858892515, -1.7148490040519322, -2.4337371458140926, -1.7548654628569376, -1.029893885820844, 0.03215546659257915, 3.979972736593971, 4.344712656857726, 4.870230950844124, 6.459444700553501, 2.400012104844869, -1.207677354602784, -1.85282044127716, -1.6683885613712672, -2.385432014891832, -1.7400670248509695, 7.471626826508334, 7.039525662679345, 4.017986306643444, 2.4326888139321596, -1.603882543783397, -1.6455848860158793, -1.394055386449694, -2.385523705037781, -1.5021716346816156, -1.8198963226488152, -1.8246451505362447, -0.5172214691433721, 5.7695882375693115, 5.678322063683871, 4.216120889022604, 5.218088665998484, 3.3061299611614894, -1.8491817941103157, -1.9199532653150457, -1.3491260942496184, -2.4927781199533667, -1.9262170296518621, -2.0332516073251004, -2.1106908940224276, -2.207042156571674, -1.8182859260921298, -0.5090243493024279, 11.138441651053684, 10.92836503825687, 10.25579099958711, 1.031918535777937, -1.663675907075876, -1.7017613243785858, -1.757828170612393, -1.6247832649942615, -1.5406206806596454
-3.509597686678895, -1.9831364131318914, -3.7665458775287664, -3.734383795135581, -2.9213764362495485, -3.236109554703902, -3.8235067048199047, -3.217312541186523, -3.8036524142365233, -3.7477503971114885, -3.128829386726894, -3.286464341097194, -3.499030443288941, -1.9972903510526434, -3.765019598589694, -3.728933387327317, -2.8794749787256504, -3.2194922470247955, -3.820728604890851, -3.204381572806796, -3.797895241263355, -3.7618328191696264, -3.2045693526420487, -3.2411754834415007, -2.5106796851306434, -2.4946786263104586, -1.9613765413569426, -1.8083039695385357, -2.292866589272303, -2.331132904378497, -1.5610955945731615, -1.4888335478977384, 3.9420312217075426, -4.022708329609753, -3.5699153875978733, -3.8925368344597824, -4.355092635494803, -3.136748607385514, -4.5604504414674105, -4.566125006417627, -4.245544518181621, -4.552520818057751, -4.750738431882146, -4.368308300140608, -4.3775424380875805, -4.064585572814763, -4.67191459815659, -4.21677608798032, -3.5459424349701822, -3.563722211823284, -3.175653188793833, -3.7917675423615913, -3.44409008642295, -4.342609818560253, -3.4722432364483398, -3.43899375063341, -3.6215181571911246, -4.047125758516445, -4.056040615474361, -3.9856241071706684, -3.773655523636398, -4.103110506865693, -4.620422099063251, -3.8397002981426622, -3.8578171012980302, -3.935114722499653, 17.221595435762847, 14.768887208290382, 18.44819148112804, 16.375984024334596, 16.317283984113566, 15.766629747307444, 16.493769184914733, 14.015160547673398, 13.988067441802318, 15.456631174426583, 16.481854857824242, 14.696318991932037, 15.566360317308636, 16.09880642693222, 17.01254720593502, 14.575697726340193, 18.170627405901158, 16.140293156891914, 16.156268211598313, 15.57349866083715, 16.363251583013387, 13.946651140187226, 13.855820782156767, 15.274791607192828, 16.287896977916887, 14.497698117924799, 15.343153517715288, 15.83052281707047, 16.74646028614877, 16.815165591918895, 17.11161481469111, 19.160110044389548, 15.639347192127648, 16.28703649133478, 15.376894955994405, 15.677283099240606, 18.980345428702723, 19.046936753511293, 19.23593039610951, 18.79782443826537, 19.218321180731987, 28.452418709480614, 18.562689872295106, 22.978356121815995, 14.162281659518047, 13.954522919338704, 14.703175839435978, 11.962832394435177, 12.046795716215485, 13.554779651266843, 15.5923335320455, 7.72139742689638, 15.34076081156091, 15.20457247528835, 15.195738253848194, 15.310190933473127, 15.286746747654265, 13.964296745385836, 14.06876430243003, 10.895164070758774, 17.817891509303212, 14.15429995435405, 14.237260627459532, 13.8791981385696, 12.84250085097784, 14.260252837223703, 13.853179189512385, 12.227572162949267, 12.303684267185156, 10.662384728335716, 14.716734944422507, 5.479647537816819, 17.825380154774574, 17.903685915832114, 18.817868149340168, 17.992373354860867, 16.824233927207647, 16.91333642022516, 18.203593859722815, 17.968509063706854, 14.786295723292518, 16.640834679203667, -5.8979077277286205, -5.6736264460529515, -6.668832373780861, -5.809219813463063, -6.010259941764016, -6.687038250584677, -6.129816030204626, -6.02157312065899, -5.2938846828514174, -6.119799187616974, -6.441199665579112, -4.902630748037256, -6.129973408144029, -5.850378121947602, -6.907401114400613, -6.045110055713225, -6.19902861873909, -6.9466682584972785, -6.368474523865206, -6.208803650615427, -5.457034415250529, -6.369465540867707, -6.676800172347317, -5.028093161568911, -6.409150930602487, -6.4816829558106335, -6.81226732748378, -6.035920193324213, -6.4569408638275645, -6.3609419261409705, -6.592953669481485, -6.457001376219519, -6.035079206596248, -7.882955973065854, -7.63967159701349, -8.210295916726379, -7.113708961101531, -6.931024388776382, -8.07014628355644, -7.693785110580326, -7.103186231680856, -5.366641726793862, -5.250457844152559, -6.386741660360534, -7.3148261527731835, -3.66361280061003, -7.88819350203293, -7.767081409838304, -8.484831704538962, -7.546012106813778, -8.280769045942888, -5.293424072798336, -5.257152613856741, -7.318477669380445, -4.216947285823803, -5.618926464071767, -5.554090302188483, -4.891916424831276, -6.22868693349969, -4.797025269035448
1, 0.20997253050789802
-0.01361490544196847, 0.0810127289267477, -0.011186624877682872, 0.009939084129912996, -0.26045913426984096, -0.25811557862177625, 0.5381009595460603, 0.7182581680618761, 0.18686120473899456, 0.006960076741883189, 2.05117478847866, 1.6293220159118202, -0.013846222584026483, 0.08142863805431783, -0.011352763195570619, 0.00882690397652839, -0.2601509312148694, -0.258108347905081, 0.5415645107147733, 0.74977220718158, 0.19424002366254178, 0.0020412415381446843, 1.9683061092638303, 1.694734302528635, 0.018128381916741782, 0.019393381039465002, 0.11828681320219847, 0.14423105507921383, -0.3367998004549645, -0.35023218615907725, 0.859004392204324, 0.8429196944685179, 1.2968740719775436, 0.4003075980930055, -0.13607315571655768, 4.4279397665633295, 4.140047231612807, 2.0086521242188287, -0.03273020287572856, -0.032593231059317024, 0.25982502442507194, -0.498298746044228, -0.22137189759433307, -0.0344913014519642, -0.03282332522597202, 0.36843271960335133, -0.24262102237213892, -0.5175774348260164, -0.04951654533173341, -0.0495693473103928, 0.0423619754874331, -0.2770473962457022, 0.11500875932085572, -1.1702372637749836, 0.37198079449522325, 0.35520098923498333, -0.30131903741528804, -0.046519244149937765, -0.04610434423795563, 0.09430766770432174, 0.015449300820896834, -0.329782226957368, -1.1750865784027338, -0.0044367045963451595, 0.032517968308709774, -0.20368695038709436, -0.002722341740634949, 0.33326468950146065, -0.19473849149466124, -0.2383784128906199, 0.5425957049632355, 0.91444427689347, 0.5421212601075738, 0.42417564001577546, -0.09261042084245402, 0.12967566241306566, 1.5919531077773115, 1.2563650522871712, 2.0758987782494387, -11.364120111781409, -0.002396348482655278, 0.3391012696509763, -0.20519640230533304, -0.25187090580152854, 0.5489207972638702, 0.9291674323677627, 0.5194988411373711, 0.41939732483736075, -0.07231717155380496, 0.12064184584828325, 1.5733022118217193, 1.2380957623423128, 2.0577777836964617, -10.699877871428344, 0.7315017816220607, 0.7118804938500163, 1.3667567778107281, 0.44523580934027884, -0.16064280277487877, 2.9804222042892268, 3.3968966856221727, 1.96881533608752, 0.5477585228489873, 0.5550777738111718, 0.8973491095813342, 0.13671410118221347, 0.05830171187977651, 2.1211928066354395, 2.723011244281099, 1.8887366596524628, 0.1882568558291639, 0.18873721615397893, 1.460051139702316, 0.651131838320152, 0.6439278493950864, 0.9063714629926457, 0.6295746459234645, -2.004905212489334, 0.2874342890320529, 1.9516388233042776, 2.012012159604893, 1.2963890536189977, -9.910583940802793, -0.07255651986814272, -0.0745531100850746, 0.031119965835331737, -0.43352328700471615, 0.6038440516871929, 0.5985801998068905, 1.1292448182558303, 0.2833461855127755, 0.2558790154827188, -0.161815640762018, 1.1801324100085417, 1.1660774338932938, -0.8380101092793447, 1.2076089063563853, -27.102553633251137, -0.13486546119097628, -0.13921056078779154, -0.02107827347336635, -0.3959546562116346, 0.3670090180879893, 0.376518434733965, 0.7546693379462814, 0.7345480991825372, -0.23692451666855854, -0.438182224525194, 0.08512174066557446, 0.07518863072277027, 0.3781753370147164, 0.530802689996029, 0.7481702472925459, -0.6049171597942335, -4.651626135851685, 1.3287049521528635, 1.5497236485633246, 1.5020168354269872, -0.5850574813507465, -0.9889807013134919, 0.08943730576827742, 0.18019779080824058, 0.3853913028822372, 0.5470271285735544, 0.6676521351410653, -0.6045717833359133, -4.85089909674184, 1.2946303240792068, 1.5299929510349755, 1.4763563374873492, -0.6578980747331656, -1.0093701479961867, 0.8461418297702541, 0.7840641433653023, -0.307192479343206, -0.11529558274844398, 1.5508901520756995, 1.5906638365191963, 1.3504724789345204, -1.5938299123142883, -1.3810285249835295, 0.18982754787156922, 0.1936864633978634, 0.21625194593377903, 0.3659731145109141, 0.37382839182204153, 0.5153051154700513, 1.2978235145361874, -4.819780351774957, 1.4944950526899603, 1.5293171719202279, 1.3487782110192594, 1.014529066164257, -1.5321502999779695, 1.632481455910068, 1.6814266270575284, 1.7126892613073175, 1.220032561689862, -15.513999311770153, 0.18874683335584222, 0.21203978349282085, -3.6970475718765936, -25.990515660281474, 1.5185260048725984, 1.5312375073158644, 1.6683282232563514, 1.3064798522265384, -14.14268012371989
-0.03449003050344114, 0.06503917686546408, -0.03781637404276346, -0.03334723814621031, -0.03673115296527138, -0.06226418167593579, -0.00658087150685714, 0.07192172717454304, -0.06261438444449603, -0.0785070209808138, 0.06883389324015356, 0.07433650376331515, -0.03381892951478907, 0.061236201264809435, -0.03619570152613429, -0.030580411905500177, -0.03517106290510557, -0.06154757618289237, -0.0054074086330630315, 0.07555165428650054, -0.06163599059119062, -0.07936893187357745, 0.07555879274781617, 0.07690252975697433, 0.07297993002150782, 0.07620821789550955, 0.20543712039508974, 0.41461081771458336, 0.0659580272211623, 0.016394936980699815, 0.4173407916469202, 0.4232081716843697, 2.182186583338494, -0.048413561908417724, -0.04408772367374532, 0.15434764294202263, 0.17937802642914025, 0.406642255737177, -0.07171829416415587, -0.07233309900446121, 0.040138349544837006, -0.18034064287612317, -0.14622624973220158, 0.004170026909820931, 0.0023658316077988613, 0.16621610374040288, -0.053688890576515276, -0.09890823972609965, -0.2018282681039078, -0.2023463560371003, -0.2522531578375048, -0.4841104124964683, -0.15875770117710586, -1.280987234499735, -0.2066878196902028, -0.16478478893591866, -0.35711740596231273, -0.26389108190297456, -0.2642674629824615, -0.32123664649010286, -0.22310087723655736, -0.6034774920397076, -1.3019720712662306, -0.2808950501145926, -0.30097354885289795, -0.47569202154027146, 0.7612218709442428, 0.6253235653429365, 0.5682233462592039, 0.14656096608330005, 0.8703676176037548, 0.764447026492675, 0.637333654345415, 0.562720391446713, 0.38780384704638093, 0.4362167431230095, 0.5616920022583289, 0.7514400041824278, 0.3981851765227777, 0.2844560519974858, 0.7506300641242649, 0.6116312888313663, 0.5546094343754708, 0.15168689888968184, 0.8573283472878517, 0.7453176511456459, 0.6308782535232836, 0.5583581366558011, 0.36760994195051744, 0.43827128475313265, 0.5539952868919635, 0.7367154416568623, 0.39402110691411263, 0.2786099965641699, 0.6428371443060915, 0.6508866893571932, 1.0402321097632417, 1.135541743307316, 0.2707549157037135, 0.359680546109442, 0.3314380867520433, 0.2708573568887066, 0.7452732195617182, 0.7519278601964806, 1.178669980793499, 0.6014752548630123, 0.7317654569770019, 2.8493761956139583, 1.0904998668389472, 2.45689587284117, 1.2921441049082234, 1.2446529420194468, 2.151198416115893, 0.5837304655596731, 0.5832103598057599, 2.0671099982345758, 1.6963466533454454, -0.6575234010947688, 0.39128245787358856, 0.28912636252873747, 0.293355833272912, 0.369044922186486, -0.1443591636672481, -0.07951681871755423, -0.07134208703313619, -0.3981272334385353, 0.006773154276357057, -0.08072712219751033, -0.07332876664868689, -0.12858993411527433, -0.1967696385119847, -0.529291412622797, -0.30800689377509216, -3.2032676888868497, -2.9734300576497685, -0.7781954680549069, -2.7254518289621545, -19.40626036744901, 0.3483736375010065, 0.34906407630906183, 0.44608582651588463, -0.030607281220186192, 0.36268647781013635, 0.36000356384156906, 0.22525783677128883, 0.39890088960213205, 0.360691318497537, 0.08112685496709628, 1.0422345866262916, 1.0026100336359218, 1.1303838119601572, 1.0265658504970963, 1.0620842768485383, 0.9597287476589138, 0.49548064643177214, 1.092180013857904, 0.8791369725289276, 0.8063513515259041, 0.861934423594734, 0.6882322508297766, 1.0847310759705584, 1.0351811876374208, 1.163460330125352, 1.069691160899754, 1.0969686955745168, 0.9867752709997404, 0.4912024284017139, 1.1232957515636637, 0.9044258254837372, 0.837347708134812, 0.8837036450151725, 0.7178980273630123, 0.784210996701834, 0.8044821485633522, 0.804309193447445, -0.31491361863854617, 0.9056806959808215, 0.888538212042031, 1.0769342400288668, 0.830368585351812, 0.9460451386322354, 1.4992573102186895, 1.4650208709883996, 1.699161989410096, 0.983045781237232, 0.9547878245652406, 1.6274353322303783, 1.5373943579058185, 0.5556906000723341, 0.7896733510879296, 0.7749744870521847, 0.9951786341801063, 0.7776098646272543, 0.406905416846138, -0.2632325004649284, -0.27383918523092593, -0.5384530108824508, 0.273307959558685, -10.375781482977935, -8.366301307668728, -8.447167583275672, -6.197876672150538, -19.943661076532603, -0.5853953841584458, -0.6023773973046, -0.7819413624606183, -0.7008183318619923, -11.409985220378267
1, 0.19710330692651373
0.9981859320725799, 0.9995210125858193, 1.2392590860126, 1.237494427033082, -0.9632675126101324, -0.9286523977631592, -0.6904902545539195, 1.667334957435802, -0.800886227796201, -0.9103980216015808, -0.05499686790998386, 0.05307749617562872, 0.9982655236596591, 1.00650544199417, 1.2232121748526614, 1.2360814313680664, -0.9599649043868846, -0.9236196793293852, -0.6983685280227885, 1.723877376401255, -0.7969568745634241, -0.8963372479039959, -0.04991643385481221, 0.052184708233488045, 1.0526382292838075, 1.0512670122224501, 1.2410769333814595, 1.197809652238217, -1.6972961183667155, -1.6445586364888802, -0.8857825790312229, -0.8852391036165466, 3.796515982276745, -0.2778855784663381, -0.3433739982013272, -0.10054987037868983, -0.10256963705475396, 0.09563365757903775, 1.1530829509091474, 1.163170899047646, 1.248282682690383, -4.300624563862262, -0.8437274363464875, 1.1455957811950572, 1.1537618168277648, 1.4274844220106047, -0.6686715154034829, -4.720292367619915, 1.1828806205582392, 1.1811156256345867, 0.9201455748641778, -0.19527807115463583, 1.1355630020887526, -11.3597455429786, -1.94537967380209, -1.9170259298762649, -1.3172506965792226, 1.2156367511107276, 1.2146948979553522, 0.910008644459433, 0.8623839706766668, -0.1994880921136867, -11.368845244761562, -1.666437420378582, -1.649198314156358, -1.4246099411688309, 1.2818998927179186, 1.4859239126286572, -0.7460654392849316, -1.4930574749048602, -0.4506029813875889, -0.6061826239595927, -0.5997880464167673, 0.1628601371172068, -0.8054903437765415, -1.0672455426909297, -0.06324679613139654, -0.0014725600681906792, 0.0354520919055279, 0.8319960664515039, 1.2804589871226522, 1.484790432192862, -0.8789872642643918, -1.6225670745918752, -0.45398806015688503, -0.6162919694336252, -0.5726225496338335, 0.14884500329619704, -0.8113856027878031, -1.0658066423040764, -0.06301922851053546, -0.0007043240198589326, 0.031660169846484676, 0.7185717513175494, -0.7771357264251243, -0.7662558693466136, 3.158148707714812, -1.0239295685769578, -0.9170940611102865, -0.07043074105638038, -0.08556855657228297, 0.08421180267404821, -0.7737506940011512, -0.8006162857374708, 3.2514302537361686, -0.6796572927544955, -1.039941368260026, -0.053314666338444054, -0.06940744399654417, 0.0787307813223011, 2.7825465466003805, 2.7906715561224797, 5.02186780222125, -0.5146043230859055, -0.5074709952232886, 0.5322344332693811, 0.5718180959054096, -0.6567261025906093, -0.834330395152893, -0.01887609955299538, -0.013995359847932988, 0.03532396945201443, 0.7965099573724024, 1.0528487276960223, 1.0546609783763021, 0.7745343816013639, -3.822853355206867, -0.6421661939542369, -0.6373498744855263, -0.13396269891472923, -1.0147964804712495, 0.3899661824684759, -1.2630278072930328, -0.0038847665291704063, 0.0005400476199342712, -0.04108825231342807, 0.17165634651159972, 1.8936537723227602, 0.5606708117331938, 0.5535660283875389, 0.2873224630915884, -3.1479382773047773, -0.6506557049888408, -0.651042854230988, -1.0902910384748612, -0.11529003735981032, 0.6788457394208084, -1.0018249743486165, 1.4619339184672102, 0.956867043373827, -0.5452227746290319, -0.5936610832557723, 1.7946045439907263, -0.444944022062496, -0.2527776691494478, -0.06977899483025302, 0.022437634830383406, -0.029931926613127765, 0.16325833564637154, 0.07750377990484557, 1.5241644338059204, 0.6580098223760548, -0.5529537159234449, -0.6144157183974547, 0.2189153073794946, -0.45541393619164033, -0.23735596036996076, -0.06749599283256726, 0.02519253425423012, -0.03243614252143185, 0.16496252869052028, 0.08252078196065003, 0.009542971478580213, -0.013329681882540287, 0.7608783041959994, -0.09065249040813032, -0.07345251048290448, -0.07747142245074781, 0.0821829681912277, 0.27237440848120026, -0.04248330227516469, 2.8065847881021755, 2.8452798959308905, 1.3856144969945279, -0.8347788449163166, -0.8258449651257579, -0.5865067253320974, 3.6682334589547687, -0.6455975829881664, -0.0347760440601178, -0.032469479100681584, 0.09233633248941045, 0.05931340758398923, 0.2560361202495242, -0.03913821658055708, -0.038241616767141155, -0.014555750092735823, 0.09711592785143851, 0.9021455981028841, -1.8601687269229001, -1.8538705499553447, -1.39060347909203, 1.7672036581945283, -0.08566941763605944, -0.08892107957845666, 0.15414406575745193, -0.12705903074127567, 0.9781221785011852
2.4296760060378024, 1.7820687335011962, 2.0138926999547055, 1.9937836563244444, 1.8141999037383358, 1.877346619125976, 2.855510698857149, 2.65187367242296, 1.603685776433885, 1.0559306451782313, 2.575232258344406, 2.711776059629463, 2.4296501349404607, 1.7733189706494452, 2.021195669013343, 2.0121690622927404, 1.80672509335917, 1.8781527918126322, 2.8583715696772387, 2.659978462379219, 1.5997309199448178, 1.0474156843873705, 2.6601434285316237, 2.692141811814457, 1.7621128649288451, 1.7667431363511703, 2.8277911914678704, 3.105346396921773, 1.5703937704563415, 1.5492422622725373, 3.390378032195264, 3.442871482246213, 10.969720241828021, 1.550136139666269, 0.34802353632759786, 3.3045703747747903, 3.766236545448499, 4.168368990690272, 2.0835256336923997, 2.0978151006406094, 3.081521160925893, 0.5831635572664157, 0.07755320751473731, 2.0263799045343807, 2.0255839467470604, 2.8384717329599325, 0.12486890865812153, 0.5025290860603864, -1.416208337909757, -1.4082000628343894, -2.594490070691413, -7.681255075537753, -0.8053920760987419, -23.083437244276812, -1.7957721840374148, -0.9504438101050873, -5.206760053254238, -1.3438291727403509, -1.341567192503886, -2.4874714105515103, -0.9411394025860753, -9.058190928712751, -23.081301565902194, -2.1277818479198363, -2.5559828241251195, -6.497313737733341, -2.0478794374474227, -1.321813122498226, -2.6070698711551485, -2.122894335574589, -1.6408123451718468, -1.682742847187488, -1.7092354574536988, -0.6742898113303265, -1.3083902666859006, -1.464828258853353, -1.6862344231765327, -0.5602339988204688, -1.2887571685143056, -1.7798377081211312, -2.024091122314637, -1.3062114845261141, -2.5836503799308965, -2.0842483598499597, -1.6265349885420595, -1.6598362931599548, -1.717675001919411, -0.6655110483287658, -1.3079034089074095, -1.4111822819911775, -1.675004857861239, -0.5482208538430874, -1.2568832226100004, -1.7567604161768642, -1.3610672823235088, -1.3653256930618385, 0.5424015157762795, -1.4465006559149467, -1.5147936461516285, -1.605440811969532, -1.4903984251394076, -1.5196283347850827, -1.5215401169804879, -1.52122953697463, 0.3638790519446122, -1.7717080950717718, -1.322705085799111, 6.3008584535456285, -0.3785552876758223, 6.123789954221012, 2.892181588906366, 2.7281573732223636, 7.475226613623994, 0.02450218760922178, 0.0290113204467117, 6.11018030460712, 6.043808231943043, 0.7856553154461154, 0.5742893799194195, -0.630976761465404, -0.635121003208048, 0.5483222947259893, -1.099852213211153, -1.7228192361480512, -1.7278249395994998, -0.6181686208360452, -3.834713552625795, -1.671105681288561, -1.6739314679648232, -1.527997390995118, -1.5591997831086364, -1.5387194321297597, -2.5666901896225185, -1.3596700868902079, -1.3956653600458306, 0.037963218885141606, -2.1352301640946694, 1.7795928312473812, -2.1298132187607544, -2.154748248413607, -1.098865357457512, -3.421985326088584, -2.1839448873106586, -2.2141417896940925, -2.3502249212814554, -1.8718929861915201, -1.7926222244776615, -3.246845487501568, 0.06451067197378868, 0.062027652327455524, 0.10491237506094497, 0.06352858387946136, 0.06575440723113284, 0.18636314964672757, 0.11031733021024374, 0.04876894482159125, 0.04557959719179852, 0.11897178434480288, 0.12821317277200306, -0.036960634787957795, 0.06322672641945469, 0.060387088235521066, 0.11078123897028504, 0.062365089132247004, 0.06392827568157046, 0.19901354460648085, 0.11857564850276017, 0.04940622583272393, 0.04498899962202017, 0.12567546179177044, 0.13607055756471703, -0.04954377389379894, 0.1544421554660346, 0.16564786933988151, 0.22752911084676886, 0.034383327168447234, 0.2201475510261351, 0.2206760841412701, 0.36622119081074184, 0.1610899176970592, 0.3515405462392226, 0.4062899137391342, 0.4018692409170638, 0.5253106792574861, 0.25840946960101535, 0.250816953500029, 0.484436597738282, 0.45221351593574777, 0.3513879940019755, 0.048145391572483036, 0.0432045639047083, 0.3143992909922014, 0.38084384535329324, -0.3474156220744169, 0.44724844398565533, 0.44199446430912787, 0.6140742240230854, 0.34517441785599784, 1.7085460339841865, 1.1015759760502541, 1.1284210552591556, 1.3198344337133063, 2.417930651564838, 0.13516206682411636, 0.14237416444329462, -0.060212398119337145, 0.3836320666177298, 1.3895249150680058
1, 0.187360069696439
1.571269645238967, -0.06617482816108257, -0.08228221015154094, -0.39048306388048176, 0.10048486986165282, 0.12512754149674932, 2.279043329918606, -6.082868339612185, 1.3795232952883745, 1.4777029078204993, -0.022525466168619102, -0.4055310322646294, 1.5699205222670531, -0.04385075865980521, -0.09600649941602636, -0.3970718071292656, 0.0997589390446987, 0.123615241699878, 2.297668104293894, -6.631699372577139, 1.3830806120715418, 1.4600961578938283, -0.03371764487851896, -0.4084478178827184, 1.335455200354203, 1.3094073724781363, -1.5836628270743207, -1.8570138254541135, -0.32122648419767075, -0.32380218221856094, 1.6826117728545757, 1.729268588741336, -16.087807585896876, -0.17112547253091112, -0.6087793806311862, -0.14341395489044148, -0.09549324904477254, -0.6355642320695323, 1.1917486211143336, 1.2118989309587078, -2.5698082775678497, -1.7973564230435304, 0.11503516030684785, 1.1955676235832977, 1.2036377460282675, -3.3708688560535394, 0.22291587621399434, -1.98407955682062, 1.5954434249423597, 1.6005899398525665, -0.1305275603604134, 0.49295705215950025, -2.0508567950040972, -4.756811258385444, 3.84967858327744, 3.7947677727941147, 1.7259312810600766, 1.5683716151034635, 1.5724384628903714, -0.08486000001588917, -1.3677168511629667, 0.41623885947204314, -4.755530065894626, 3.5887463330451728, 3.551027626998479, 1.8898991190306664, 1.4832224934348999, -3.2610797994385097, 0.028027398889875113, -0.3460976837001895, 2.114968891295277, 0.1813162362115715, -0.008973471508024904, -0.7432398408932879, 1.5639762955258503, 1.9001723809737203, 0.11640659415785325, -0.12899300460268154, -0.2831036974297786, -0.8248834718583231, 1.4724156460953577, -3.2662416952979907, -0.045091438611831375, -0.39917013675336893, 2.1348443224402263, 0.19270076314770898, -0.04209726261676889, -0.6727773967073775, 1.5761627174597428, 1.8954542505680056, 0.11577374949306024, -0.13178104374286329, -0.2663360759044242, -0.6053284978256074, 2.236784338052748, 2.213260014379436, -13.092140979550571, 1.8446255792175537, 1.0796610140163863, -0.08070274746111444, -0.06998625040755416, -0.579519384600706, 2.2331031424635244, 2.316649940784486, -13.360984290393505, 0.8010885075689811, 1.6110911094196605, -0.03909242291511737, -0.05127302117546191, -0.5476403013516059, 0.2685882454577445, 0.32388924385045853, -19.13660866034857, 2.133866134171294, 2.097112676933083, -3.9272786545528784, -4.1057808389076, 1.5184920026988957, 1.3223297640573566, -0.07145641350782006, -0.09491207443619588, -0.2770211588850659, -0.8267912046815024, 0.9645317294244543, 0.9937030337752137, -1.299589242562488, -1.5995995183500136, 2.05953522552975, 2.0426876280567487, -1.8611653777631387, 1.281512625471367, -1.85432200409355, 1.3318050396128664, -0.025072130995704395, -0.030652253624586335, 0.1664496891046153, -0.6062418510465934, -1.7723926073440457, 0.8492451438697093, 0.8858411540384993, -0.8442166565875325, -1.2927036136758816, 2.2019913237297013, 2.181968378692373, 1.6596703493675606, -1.8105652990058418, -3.058139490677113, 0.9771326426110101, 0.3691172833632935, -0.5913532592317545, 1.7705371444141198, 0.7385211836467674, -8.736839587871675, 1.2677850636003378, 0.6408116469018034, 0.16092084293689327, -0.22714994034831248, -0.06450983317320037, -0.22919203312618586, -0.08574219399510784, 0.34787792097453146, -0.5673097339296596, 1.7911843133285064, 0.8138981980734107, -2.366938978501799, 1.3030375958183793, 0.6263185309576383, 0.1547828854988442, -0.2379482014726066, -0.050610123294511665, -0.22661706118810201, -0.09942766804825295, -0.452243023279874, -0.30162033359586493, -3.4664218219869816, -0.3456983350239341, 0.13587163805441496, 0.1490614508780771, -0.4185906501001384, -0.431217441608531, 0.22280577488083284, 0.2717250673733516, 0.312010184218062, -2.3287607614911052, 2.5919504103092716, 2.534828819116311, 0.6874834082753836, -17.086941793888915, 0.9898964168708582, 0.02811259076456338, 0.017168616153344977, -0.5121728236352281, -0.18218284534243687, -0.5027194351816766, 0.028452694825208024, 0.02293880872701746, -0.12846700778764786, -0.4453985149613484, -0.5092938153796247, 3.737840661044764, 3.7585094107129904, 3.336916548668235, -1.8931491110253593, 0.17678275021400952, 0.18781274184851388, -0.7876266021849638, 0.000534014428400441, -0.673125939879407
2.093652926171199, 0.8816348003051145, 0.9932942126386637, 0.9950061917043185, 1.366671286711132, 1.3365848908265847, 1.5794008938282567, 0.3629630566270391, 0.7262693250924336, 0.7002739200529055, 0.37104640257947913, 0.3566203734954071, 2.092854277116158, 0.9502836597439995, 0.9624912770143307, 0.9595152578032574, 1.3645309435134874, 1.3353461659153805, 1.5518862084323666, 0.30157987028176314, 0.6950216940083199, 0.6845887807245395, 0.30155324121792004, 0.297144003742329, -0.18167780230757943, -0.23691569762298711, -2.775225471142202, -3.5190320647668156, -0.2919597421572621, -0.2462920502039288, -3.431055748232867, -3.5953859186562878, -22.104703837843367, -1.3157596355967371, -1.0820378222047868, -1.31418218275997, -1.6253851569985476, -4.520177205006755, -0.0948485957112575, -0.057518448840281004, -1.6712313538374317, 0.020145455751708955, -1.2789469341462447, -0.3109223335447259, -0.2770393584092463, -1.9004352248908594, -1.7673734264403058, -0.12527420012617144, 0.0662150223485782, 0.06772559316221585, -0.30959423984753304, -1.892936583491336, 0.11569965460745878, -5.303084135946275, -0.1401968955066335, 0.06091327365384256, -1.317373380137809, 0.08145046459344463, 0.08335658497068094, -0.2950912623963682, 0.06106801082661878, -2.238820137321584, -5.304420445685006, -0.23819107201416762, -0.3603527703536226, -1.6435376541804336, 2.979862132767343, 1.413965088615848, 2.857754428034022, 2.5125440129174392, 3.2336491855542233, 2.2000653816846745, 2.2313712531723255, 1.5489636596256882, 1.967561362188394, 2.1629356973723333, 2.375386080188233, 0.3305978001299564, 1.9965742798543022, 2.0274834096651313, 2.9534524617575237, 1.4097703119613132, 2.8094482655847837, 2.493067972158908, 3.2027604495515067, 2.1690597915498153, 2.252666273833789, 1.4984384881636137, 1.9295471378644768, 2.1452449252860335, 2.391870527612013, 0.33674386756181957, 1.946830406514728, 2.0306276049917957, 0.40665016296561496, 0.4006936582729078, -4.22232501730256, -0.4384898306248429, 0.9109265116280689, 1.0675817711467683, 0.9287766720991453, 0.916256018796256, 0.3661918875156526, 0.3618548876950472, -4.212241239514286, 0.8010926132978198, -0.3324921828917604, -19.432936993480535, -1.8702172418973853, -18.248128352647207, -7.255841686331844, -6.675122058318223, -18.423537719161203, -0.655810299025329, -0.6516751704006432, -14.990313595374873, -14.820857518496565, -1.7627364849285676, -2.596438530138331, 0.4087772486050821, 0.44970369693949797, -2.5424343951123647, 0.7423231136420612, 1.6413184170356763, 1.664943407703255, 0.0317439327205397, 3.1182440005580245, 1.655668965614782, 1.682546746327446, 1.4588643310451999, 1.1052795603431, 1.6303813648353904, 1.6919525456361322, 1.5551470630853796, 1.5482606416620706, -1.0191992338834723, 1.893857849473067, -0.500743747818279, 1.740358294843001, 1.746540814783254, -0.6721939853067496, 2.7429913136381026, 2.0183998713904465, 2.0236923205650745, 1.4356966437459229, 1.3116967419653547, 1.288393128770788, 2.20774171371584, -0.07157268707330514, -0.06737747078934263, -0.031499255089702305, -0.06990273152743481, -0.07366848345852738, -0.19465201323942358, -0.05842647780104407, 0.05141880425988017, -0.007490081351072373, -0.0831828172064147, -0.09254220181835383, 0.10756565030048357, -0.06634287403403075, -0.0616768664105086, -0.03330159127097582, -0.06491715141783888, -0.06748759435374803, -0.21304381123792407, -0.06219516159960891, 0.0535676309834268, -0.0010691471629522592, -0.09457719201464972, -0.1001301093156526, 0.12001918185034267, -0.22758649198753705, -0.2524681564872026, -0.3874375341054782, -0.008336306616874204, -0.32668309524956135, -0.33165517786688675, -0.7142374277008642, -0.24069373457010648, -0.6563825591328449, -0.7236093406556501, -0.7211281383812425, -1.0121586862657719, -0.33358383013457066, -0.31980520850243116, -0.9139408365833247, -0.8481246938141472, -0.4551701770223228, -0.07963163563993376, -0.06948424832879653, -0.5854983432119917, -0.5537301735920895, 0.24598763706890506, -0.3621902879811209, -0.35748434242912314, -0.5669115109303973, -0.3349109535737525, -0.7677610118156611, -0.37910211678966943, -0.4148917753447579, -0.868445396711631, -0.8221727149029097, -0.06161794890317965, -0.06928641446904625, 0.1542000563120656, -0.377462683457544, -0.46164381526955506
1, 0.13750410648765213
1.7105214123936716, -0.8433558735522054, -1.5028941607642607, -0.5441793742902871, 0.061752442868332126, -0.3926533683045448, 1.0419547118026253, 0.22430984990250888, -1.3603650927836255, -0.6363714565871876, 0.47106911028470894, -0.4983440555870964, 1.711611844234177, -0.8843814173683954, -1.4712678905444738, -0.5178412258058378, 0.08308147154089765, -0.41826434397239043, 1.0314312974759487, 0.5132378531646392, -1.1961456390979566, -0.6939907079455013, 0.5021936047821091, -0.4752640936231292, 0.8765933503904221, 0.9173209322523387, -3.284607996600776, -1.660546797133404, -0.6765079082758467, -0.9789140528709976, -0.3913786812583729, -0.2426122010157704, 1.908283699611125, -3.623861577037633, -0.54655226451814, 0.7162005057759564, 0.6130858387356222, -1.115697823017222, 0.7719585174476444, 0.7475696286947606, -2.8477985194006514, -0.1398160271068218, -1.0867633887884287, 0.8328673399415754, 0.7986228125742594, -1.8736447199574888, -0.40944672044236785, -0.5316201208936033, 1.1474573302639062, 1.1284715692115261, -1.9107971894710059, -1.8212656739022783, -1.5457572816604892, 0.6240043676507929, -0.9036834177412927, -1.0772131891619454, -1.8106371933912353, 1.1464538492972074, 1.163374012516558, -2.7038862082932735, -2.5599113529350133, -0.6341811858732915, 0.6614147180804384, -1.5186939521609082, -1.1454748013507883, -1.8546530496874576, 1.5005390406723376, -1.0189442536532123, -0.2437670475418278, -0.573294948557425, 1.3639703014385427, -0.46484983659239115, 0.24633877946933716, -0.13513108226804083, -0.8265705470809233, -0.6062968486384588, 1.705617209341804, 0.02238054742341384, 0.3224723294658638, 1.734131404572222, 1.5101184412548363, -1.0775877588215268, -0.2286981682964346, -0.5541806494682118, 1.3758528727811936, -0.47315528561883613, 0.20709590154216462, -0.06196211364232635, -0.6598769321511458, -0.700866611318576, 1.6823851058169488, 0.036477550240790475, 0.33058051752760187, -1.664251350015327, 0.8073878670794679, 0.8067655946276484, 1.241285525119074, -1.9245451437828756, -1.1189166190821422, 0.5789555250011048, 0.5595066285794484, -0.9253434173164699, 0.6287117944319208, 0.7086177735882051, 1.6808404410751852, -2.10486106350716, -0.5704706566070342, 0.5243330966130366, 0.4811089125197409, -0.8687076037477935, -2.1467076856070695, -2.2602677152087893, 1.5519568803967334, 1.091397667651699, 0.9669403015843603, 0.23067715363831995, 0.8340536242960286, -0.8811450136333326, -1.8657354905000203, 1.228632577285676, 1.236035829095537, -0.5658786687809355, -12.438766040336134, -0.05393707910036132, -0.10019579236021167, -3.206822990873255, -0.8019301085052455, 1.0400716387202176, 0.7991317195436264, 0.34543130395160593, -0.3669579980397813, -3.8238503205293837, -1.3528359825284817, 0.5290854504207302, 0.460420401684924, -0.15076009624246117, -1.7774230504749742, 4.361769931231609, 0.2889558356785827, 0.31673111401865056, -1.4567997440367944, -0.39709431952853236, 0.3836891443375885, 0.49862873181656586, -1.7585381249969358, -0.09067543726102363, 0.06194006310198953, -1.3378082734943402, -0.8646398576452066, -1.0773559313629226, 0.6337331436819091, -0.7954993708348352, 1.9358433886231294, -0.01681136988608781, 1.5621868040004634, 1.4063750201764054, 0.06762321245823312, 0.10033646877597167, -1.6186226132546508, -0.6673498746190043, -0.8662878554178093, -1.4327048243294078, 0.5813987332648818, -0.7610913479643119, 1.107716562252375, 0.10001443682278746, 1.7144469129902562, 1.3741126053355563, 0.0733447448730619, 0.07132805429660295, -1.6635781193751196, -0.7211536959640945, -0.07967214657674646, 0.07925438316657404, 0.11127902934507147, -2.1344159872302155, 1.0133272761619614, 1.0116374862530793, -0.8566222873911403, -3.337205386585528, -0.1740403014092652, -2.1639938073552942, -2.333673891827425, -2.5935641286265843, 0.03270546937081728, 0.15536526293389646, -0.8812081277455052, 3.751320938060738, 0.4363332612237085, 1.0337443170177643, 1.0545538901257583, -0.7404111655708414, -0.3824978729044366, -2.790450766280686, 1.2578337691477743, 1.2662917215323006, 0.17398822283181442, -1.0483310289444931, -6.609101408450744, -1.9438186761142286, -1.452475382183774, -1.9638872173790607, 11.591910766466285, 1.3650244021573203, 1.412821122646525, -0.7274563633882788, 0.24211460037093968, -14.34847459041443
3.8658469043387673, 1.4001913642711383, 1.0480706635183739, 1.1060702877350026, 1.4461275168065557, 1.4327852689651206, 2.687883393268982, -0.8904883063399038, 0.24057822753502844, 0.48424813222005253, -0.8149666911257636, -0.9495819353678844, 3.8766902237830463, 1.2671421742436146, 1.1523314047867386, 1.181790081710466, 1.5128420019515587, 1.394575577331734, 2.785523432249785, -0.7215535646092488, 0.36648344765187585, 0.5503577889572174, -0.7217111376358462, -0.7503939745404506, -1.429804872237114, -1.3019112051031898, -5.80644377570214, -5.136043004273747, -2.623749475704099, -3.1202575971354176, -2.48820652759769, -2.1593681133358595, 3.362301539157136, -6.742335975660274, -4.169057121160659, -5.632830094559191, -6.58897665999059, -6.356965854790441, -1.992753072692176, -2.0584389195480135, -6.588771415863891, -2.0020169025379952, -3.5736934316296476, -1.4645587370974755, -1.5126993594888707, -4.84676361184076, -3.3264783969860385, -1.4206426790984816, -0.1959769419176786, -0.2607536593504758, -1.23637732490673, -0.6750848852796293, -0.6692050948143892, 1.3787505280822143, -0.5328568474953084, -0.7232869093867491, -1.1334362368857678, -0.5842247034622396, -0.5466019380103543, -1.4604145493415694, -1.1374686280149937, -0.9791108630708028, 1.3088966726385751, -0.9915783632971505, -0.9600402815144721, -1.5087360540808237, 3.0762771309325503, 0.5396374770179739, 0.06198053941344522, -0.11935427117593866, 4.63122698741471, 1.940959775259912, 1.7737198168400827, 1.3975670360248893, 1.7022483636856605, 1.2225253056327965, 1.9885948484383345, 0.646242143909767, 0.5521552215996002, 0.04463138906213798, 2.9992071947559182, 0.4222380335397659, 0.1979220480186001, -0.4489010209116725, 4.5286860977547905, 1.84980346157649, 1.6551587404703543, 1.5861977074224183, 2.1255018542738275, 1.031870789023933, 1.8052939832945287, 0.5016464356468645, 0.37527102903084764, -0.24893035389989687, 0.11998811055270812, 0.1616042511218346, 1.4325774225525685, 0.2752438085761743, -1.3047665334014225, -0.9174900728780759, -0.9458822151189749, -1.3087366521086672, 0.7769313995348484, 0.8675929949425545, 2.2006404685633716, -0.0676696819419998, -0.25909278112963263, 11.926567845094972, 3.601919595043103, 10.393593688318076, 1.8389742434076592, 1.3640788864472897, 4.484441040327702, -0.3086604618974649, -0.4152562677279457, 3.213144116948586, 4.337266981434683, -6.9220680954389575, -0.5890340645720527, -0.7466164663179132, -0.8532233890218756, -0.6893944171050338, -2.9641086440413273, -1.7673590301510136, -2.0792296544876394, -5.572957746317334, -3.6014631893573457, -1.022104654921076, -1.3210069124556063, -2.076123113221626, -4.08054488717567, -3.0161839059761757, -3.0356361044453783, 0.4190158092131011, -0.0977385512212376, -8.114808764989244, -3.4040564205742396, 7.318101642053248, -1.0368005104449205, -0.8787960205973733, -1.4605416003419156, -3.7271037712128443, -0.8727286848809257, -0.7549406108948274, -2.2168502028655555, -0.7558592168701985, -3.3443612550684114, -2.9318101726509185, 0.30714595591583616, 0.35364631456798407, 4.274393009219795, 0.32596935098229324, 0.2840797066247429, 1.9258633044352829, 1.3905600319279, 4.297497033434844, 1.8957479924144027, 2.0300408004518236, 2.3124383572449028, 2.454115439552723, 0.36013166927001433, 0.41422904366064417, 4.481230479482825, 0.3769593336597232, 0.3471017917731215, 1.905700937875155, 1.4962004070575288, 4.417053908593493, 1.9668256049124893, 1.9989048813326733, 2.3743489853294464, 2.40990342119311, -1.2131680516509848, -1.5235819082987434, -3.9401988036526276, -1.5363715440055452, -0.6829884421983342, -0.7464116831823662, -4.956669871757848, -1.24419747990968, -2.231194861263543, -5.084769916020555, -5.217123152970344, -8.912892579791533, -0.07300707645328211, 0.004066672254318187, -7.629015271391963, -6.97681519423784, -1.6104700889352455, -0.7478650576451688, -0.6821633901580534, -5.180465083020019, -2.8975811288067552, -2.6332034438692915, -0.011544000290312708, -0.06560518061323632, -1.9331229520171478, -0.6900331581862402, -8.591716858481128, -1.2366442571515002, 1.2560922281547682, -8.857137691607537, 3.497794224871505, -0.06371910491523868, -0.014565241212339335, -0.7732374093611748, -1.013539651552459, -4.176521190579293
1, 0.13392110867379964
0.15658413900266843, -0.09622540992060372, 0.6668064263152204, -0.7733317894333317, -0.24324129009337728, 0.35272800875280436, -0.3461085302648691, -0.12047537884033753, 0.19703020202075838, -0.6427370386188468, -1.1491858046662693, -4.524785832597652, 0.1557716776440883, -0.07965381805800414, 0.6474067915671157, -0.7854154704402164, -0.2656107145779173, 0.3751516371833333, -0.33815144083662413, 0.005462129025916085, 0.06211833550877573, -0.5553239170212401, -1.0438358545151014, -4.564501462267718, 0.06104627632101347, 0.054433597228178095, 0.8127073051738938, -1.258688271812916, -0.5015882066743894, 0.22791100357000968, -0.740412136141614, -0.8215611443457503, 0.7470366017761221, 1.6063461793599618, -0.5408283978394208, -3.417316641528796, -3.1778424779136736, -7.370569926119124, 0.11742713923212643, 0.13416105738865294, 0.5124748488525945, -0.1443448918538335, 0.3854724272916177, 0.049286005150113624, 0.06037642913025047, -1.1496484070599904, -0.17358530305506178, 0.2482046973454121, 0.1447535355232819, 0.16691062156872072, -0.3001748630201755, 0.857458646070603, -1.2759206039580766, 0.04522534423835856, -1.4599834634458706, -1.2400545001885854, -0.7996477776135653, 0.14483370912352977, 0.12663965369203373, 0.24576285071306808, 0.7321415165708692, -0.5617616856089732, 0.011182537716038506, -0.0936322295180792, -0.5103618525870582, -0.9779887094829265, 0.14425956688510794, 0.03714492135790186, -0.1285653690968812, 0.2491734918808817, -0.16097602123807855, -0.35417845822601296, -0.5442698558135529, -0.2352362184447678, -0.009632614987306616, -0.7010752733779846, 2.1234062998242687, -2.3104425501124437, -0.6175798291353712, -0.7410753360992014, 0.13658058544200766, 0.002677489959045521, -0.13799778842446353, 0.25828227228349876, -0.1577822113038625, -0.3662704870824374, -0.5023071025391674, -0.27149588436963573, -0.2063704252214955, -0.603594422013506, 2.073349267962158, -2.29471225108331, -0.5498197521678383, 2.8464523925964706, -0.525732970960217, -0.5158688425174673, 0.042695853826019585, 0.6632983662839457, -0.6308821201981252, -2.0497130732721893, -2.4638780735589165, -6.645455073302223, -0.4027396477585965, -0.4777763481425632, 1.164584549860411, 0.2875464488893292, -0.7741751347703182, -1.1685217814772053, -1.8922318995956873, -6.281230113015967, -0.2562659880348981, -0.20454297520517647, 1.1378570857972439, -0.15723982236340042, -0.11028961049390744, -0.15783402839620259, -0.2992873501945315, -1.392834920664634, -1.250616647457586, 1.0559706472734973, 1.0391801863983983, -4.350779407185077, 14.766435734744967, 0.23690127894635418, 0.2760696791160668, 0.7812606200570394, 0.26201953397113026, -0.31599447809852277, -0.05483493845677384, -2.0410050724339417, -0.7923880767625436, 2.898772702237673, -0.651265768756073, 1.614998558408928, 1.7519199061744328, -1.936332298666119, -0.30091217828467876, -3.802720841611376, -0.20939159338387967, -0.21604650887444315, -0.8875803244043553, -0.1759578807887743, -0.19277241956028007, -0.3268831447615775, 0.27239727413584947, 0.2828886548852236, -0.10208014730337064, -0.42945388213289665, -0.07674161067509275, -0.7768043251037315, -0.2675433047186527, -0.052869137583216215, 1.1712230950262894, -0.9096040965470019, -1.8532779945899402, 1.8200098470595614, -1.2318478305216092, -1.1521582927119793, 2.7837544197510504, 1.3691840273778324, -0.1075444540802385, -1.06125316199167, -0.2022809563014785, -0.06811030189735934, 0.1568670295241232, -0.961434049968541, -2.0674598801538377, 1.7706625327643124, -1.2365656815188957, -1.1514965179369543, 2.7885593749479445, 1.390092107324362, -0.5496825324480021, -0.591205766529209, -0.138605347126211, 1.320230129190304, 1.0888008568740268, 1.1063517753093628, -4.047378926303385, 3.117572878172941, -1.0353178030735917, -0.2583463392675689, -0.2113232421185396, -1.6167433138617369, -0.17516083754399797, -0.3719446293063078, -0.013944147185931111, 2.3985652692239685, -2.6092921641485174, 1.0755401240185505, 1.093847263596717, -4.043022060043716, -0.6793060123559279, 3.523359765597783, 1.4988402581827824, 1.5351665171990416, -2.888210399121241, -2.387642879682619, 6.862723030545264, -0.2522091218256702, -0.7598899741837343, -3.353054747100067, -11.73297109402711, 1.392067955763114, 1.3882527262508482, -1.9959840096017498, -3.7710898680759626, 16.189432049754146
1.4015495216520673, 0.24338896247623645, 0.48657668982891444, 0.3834041653689363, 0.5713885902086014, 0.6420974365652894, 0.9838555931589764, -0.3864824547292115, 0.3976409699412677, -0.056181570817997385, -0.3568133470924192, -0.40969631792892774, 1.4038489448609566, 0.1676185159934919, 0.5381568758570724, 0.43827127063174437, 0.547198895749078, 0.6961517094909396, 1.0404363713862455, -0.28838621109724993, 0.4379748531432676, 0.010715201278356698, -0.2884451187843789, -0.2991872934703126, -0.5521208826895202, -0.4792903118636361, -0.15459556163685215, -3.377722581538962, -0.985641713046212, -0.5726344164866786, -0.8253162110637949, -0.4581996692014452, 3.6015750832298563, -0.13207660317491018, -2.9682394744168197, -4.319684107768691, -5.087716559532931, -4.852756192087753, 0.6043561265918855, 0.5619476549738837, 0.3101832339150899, 0.4917032003877605, 0.25379843918947065, -1.2686354231820103, -1.307898575407076, -3.493688069562084, -2.0820018908280216, -1.0154954257945845, -0.37305617643404015, -0.3546746761887249, -1.0351229644587483, -0.35541272902471666, -0.34085032918643376, 0.35589067525798956, -0.30760070566768294, -0.3445474547931762, -0.5267583476557238, 0.5068291262547296, 0.46006437684003354, 0.1706619150178786, 0.21017927024245991, 0.21472445199331988, 0.45210023305081504, 0.26801176506071894, 0.22918882966534207, 0.07997081436702437, -0.8447027789441299, -0.9251336228099403, -1.9946014295133283, -0.7889631456488934, -0.18013354108610644, -0.9390677811627531, -0.8453292565184534, -0.49984471760474486, -0.025869843923747374, -0.7260053360923238, -0.6559929353495085, -0.6311858114489854, -0.9163786251270242, -0.7595383063817218, -0.7891369268706442, -0.8372760254817724, -2.157096496739402, -0.4948259116579952, -0.18256778384933095, -0.9127548218576773, -0.7792185469531675, -0.5490589611572902, -0.4110569774329681, -0.5036477462654624, -0.4826536823349831, -0.5544110981192761, -0.5911685658689588, -0.5095717553207904, -1.1572399922466903, -1.1698248119905448, -0.4603874199801217, -3.984156549013278, -0.4107856124742935, -0.5716105557104421, -0.5392232970116824, -0.40986569306667636, -1.1168202921273376, -1.1791296858362867, -0.9017256953795384, -1.646805536815557, 0.20557264089818028, 6.398088531241423, 0.22121214743572673, 6.01022889961713, -0.30648047655943705, -0.601343975338578, 2.3834118288437383, -0.45619670977697613, -0.4082551983139603, 0.48745964228102917, 3.0155334652257553, 4.954666552846102, -0.8378568522878714, -1.6061087939832852, -1.5701366812240451, -0.8670167969150089, -2.387271142912547, -0.13349720279234306, 0.14201179043971282, 2.4104717002269904, -3.688637491483475, -0.6121833252591758, -0.36441959983127004, 0.5356202416398382, 0.373777102813767, -2.0481727318535854, -1.535471357166736, -1.436793527907235, -1.0927853478296004, 5.0972796386996215, -3.569315511769754, -6.71148207931346, -1.836231626153057, -1.994594095378274, -2.1330115048714045, -2.7913588252174457, -1.6553965540947755, -1.8309284777907864, -2.3318742834365898, -1.8583167386058885, -3.2333183458735997, -2.468850249424954, -0.2557835540941666, -0.1568973251356846, 5.886041465529403, -0.21601314130571278, -0.3049708620174126, 2.4734939012472084, 2.356321361243451, 5.818205823003334, 2.5181021734094022, 2.5637903113248313, 3.2263671025451064, 2.933515664388687, -0.4137838463645871, -0.2826337059543485, 6.129469157017647, -0.37332745638096965, -0.4456483155675516, 2.4662193440121682, 2.3850872160028858, 5.958598729361515, 2.5082152817449477, 2.628521637943436, 3.238374840592338, 3.023359465216266, -2.6970521833701926, -3.162516908808579, -7.280353191532955, -2.119184300766915, -1.5626326357035092, -1.563325760057161, -8.915083050088018, -2.75565068786761, -2.8492691308506513, -10.200466635735193, -10.482394492395871, -17.011608943083115, -0.62957284921699, -0.6101639692340253, -14.739654818980897, -13.521807469738109, -1.8309489818375575, -1.5599872588013808, -1.621928412223509, -9.019104964243114, -4.565780443959333, -4.567490150406481, 2.1582431894037053, 2.133383419590669, 0.0845109724647497, -0.31781062367784835, 9.453568819044943, 3.6192396448699173, 1.5610398917623778, 8.892750943485595, -2.291096978038218, 1.25133402191129, 1.1715169895481956, -0.6886061841204211, 1.4732069656816376, 3.66464299685151
1, 0.11444619012232334
-6.576831866167228, 5.6777076807714, 2.1317670106839453, 11.49963754908143, 2.2559406301929448, -1.2256834452478127, 4.405184997190115, 5.98783889541412, -6.773062422034574, -1.8431309261461832, -4.127164517820099, -6.251372954982919, -6.568230919882203, 5.549255369682388, 2.2883331922340933, 11.608288916265026, 2.468708281212948, -1.4080143496065898, 4.330979240884186, 4.474022073323304, -5.986463021421637, -2.2753620912423806, -3.278800024884909, -6.380004877877584, -1.3571253087315318, -1.3619799206513825, 7.2140656118967, 17.23734837974034, -1.3712981621434284, 4.117905022917589, 7.18280459172411, 7.94002174914266, -5.733372810432645, -17.52624124525345, 3.0564145161438767, -9.69043276857357, -10.332121978284256, -10.105210864351648, -1.6645228930252278, -1.8411060158635737, 5.692807471487467, 6.031069409945326, -3.435540322566852, -1.2575026820457782, -1.325016235495174, 11.175678725641086, 7.62596585001542, -1.753093523709702, -4.089225111085483, -4.284260725921663, 12.262492432501153, -5.337878951102771, 15.816834754241402, 0.014891578266358368, -0.21187466489546672, -1.4442480020006712, -10.219213455252795, -4.108751327920415, -3.9619090047407783, 0.5611415218536465, 10.001728186094535, 17.27823650865196, -0.5847397802140103, -6.058858453600872, -3.7263961646973907, -8.574363640123336, -5.610991318055694, 8.545765505238181, 4.665884502454506, -2.009058671339505, 3.2505118893735254, -3.156907728184833, 0.6365806065139891, 7.5131328915224636, -2.902523854009888, -0.5495838315864787, 3.987316007592604, -0.968293489653288, -3.946327762821959, -0.709640717670387, -5.507626139339839, 8.054416936094533, 4.786040331320231, -2.134605929016466, 3.2317665884322535, -3.234628430400078, 0.4894098909862529, 8.026125297315632, -1.9624664008412964, -1.1255949679850799, 3.9803734824549184, -0.6494888614117522, -4.13725543856434, -7.345444484680489, 5.570051715878212, 5.5993589280387885, -1.3022624412503663, -8.483772710986342, -4.632207553958686, -5.980365946778866, -8.14271351397952, -9.128924700168335, 5.209016436571916, 5.618540985139662, -2.6905091378126023, -10.71494023030502, 0.08601328539262802, -3.627879457266411, -6.334095426847584, -8.652090260826965, 18.116432763232297, 17.606314679241464, -4.352974684275922, 4.483191405662365, 4.045151531313846, -3.4763170900370275, -2.994656428432051, 9.561020013315254, 13.326039441949664, 1.4709067487093805, 1.5979889504911735, -3.2218773102434275, -34.57767262669748, 1.3486187855175942, 0.9257160863575323, 10.557064068222129, -1.5689807333565118, 3.6300671788477, 2.6083976163249742, -2.2996683133951534, 0.2669931872386806, -10.989676161134822, -4.654577554557512, -2.2623089620275523, -3.07898449573149, 7.554228590387976, -12.381393180113776, 4.192424985559219, 3.753669490877942, 3.666795931455846, 12.468921122392139, 7.081600043518966, 1.3054706138910284, 2.0595398074976448, -8.548126122347073, -5.928476816196126, 5.447463471428271, -6.936377440076348, 7.592084847583169, 13.996521138873067, 3.507271302840938, -4.098024020415346, -3.7997211026459063, 12.948850846871302, -0.8573896470465698, 3.6191761841596, -1.5832256901689414, -2.776359867806704, -5.523561619172824, -2.4971905359506437, 8.282129994984729, 17.830657140238586, 3.2138206011795507, -3.8322659335814726, 1.4999065744906466, 13.465084811046747, -0.00779535715722288, 3.5500796467896665, -1.2822650309465027, -3.1330416228338653, -5.400116172122914, -2.837448863814865, 17.41890081277199, 17.356746429867833, 5.964574737836689, -6.804414386892202, 1.5232731210157877, 1.2268369910553636, -3.908177864704339, -13.11504803523411, 5.043554648739144, 18.266264035875988, 18.09983415589362, 28.445980266823188, 0.362658189510699, 1.2472175006966888, -4.628766026667438, -7.243443160109928, 3.780410216769327, 1.2535399299706849, 1.472773350165065, -4.259567827372749, -2.7229851026394276, -9.91847362830954, 1.5662693674188908, 1.3776068952030514, -0.6733709931222405, -8.273311869729142, -5.972192095307218, -1.9321833420424355, 0.7676974630060376, 29.059793425232623, 12.535886135823194, 2.2694964881153687, 2.4388402310039825, -4.273953718013283, -3.1485210575844667, -22.57131443562445
-6.015870081994798, -0.7020420655126236, -1.2839871147090856, -0.9549616645524982, -1.8695652279633934, -2.2643962479838753, -4.340953472383751, 2.681287847635302, -0.31690399917666656, 1.3082348447559573, 2.513367084141982, 2.812654260425135, -5.985047067712736, -1.2654187460489872, -0.7404877999403994, -0.4378481729698863, -1.6580567767526089, -2.423162400685454, -3.874009047519324, 3.6585762503509125, 0.30093368553657274, 1.5440677082355168, 3.6590400610788567, 3.7450542525142008, 2.792744144288478, 3.431293557249396, 3.602908751361101, 9.588459857915572, 6.626452074148102, 0.8923889365999627, 5.444793925951907, 6.495805999321363, -2.637512644655554, 7.788227619197545, 13.003450654384821, 22.109786785581207, 27.016794837581926, 26.983788264889053, 1.6673463215665667, 1.0722696528852982, 4.517332266081511, -0.5136590879898532, 7.531183809061984, 7.050333373968307, 6.537232850195188, 14.84741500724852, 8.172973941803159, 7.428113706780775, 2.4140755583144564, 2.216940544932685, 1.8461995332808618, 5.216343210092141, 4.139679840411011, -0.6537711834581684, 4.086529440970823, 4.13520766625824, 5.916685467946519, -0.09338609959392512, 0.06606677136116425, 3.246866513922698, -1.2295722067480992, -1.1172435386039277, -0.6512283401253678, -1.389316758620351, -1.2526138473368973, -0.7620351500998853, 1.9965729271911652, 2.615382511230702, 1.358473413466594, -1.201583823613125, 1.2735372528155517, 2.448547580026376, 2.3685706687254933, 3.5030618014810035, 1.7446072063880746, 1.175530826439675, 1.7101056820464389, 5.9789534271041935, 1.2579946686409909, 0.42913181149342655, 1.7688989443466487, 2.0113382371848574, 1.8528768883444697, -2.1981627393194896, 1.0957693592499407, 2.167409964877441, 1.8446584742767733, 4.237784394225186, 2.723497187658976, 0.6264233763450205, 0.9203010927854113, 5.0269246194254285, 0.9453591630520389, -0.637539847670961, -3.13488363947871, -2.9769647542320086, -5.336339317234233, -0.9329856042346022, -5.536433021681445, -4.808742521934667, -4.711469019980947, -5.5498656044127825, 0.5750955071430466, 0.9811548902017296, -1.1746518076811758, 2.214490407435321, -7.799824659980972, -4.780706908807298, 0.8824938077707242, -4.843141170988581, 2.967502788940281, 2.4039004879499233, -4.398019769964686, 4.475967753741251, 3.863269860096547, -2.4271817752167344, -1.8338630339552475, -17.204014723992568, 6.363520723019567, 8.090884134977907, 7.533794823689083, 6.516775702430637, 9.773676274749327, -4.608642524825628, -5.376535497589059, -15.414343728074593, -2.5270292892273076, -1.2955043523941905, -2.096290202566892, -5.704932924411853, -9.940067501617582, 7.3197067230435815, -4.452133591594624, 0.20178471280137403, -0.9161645790913586, -21.530537650028545, 7.019899836006505, 4.557988612884061, 1.4435859505025654, 1.9291893018263955, 8.082268771282642, -5.476775898160646, 0.6976575074508976, 1.1289587060231483, 0.692218834096243, 3.2663190930615063, 11.082249192971883, -1.537970899135996, -1.2480886830252982, -1.1365857713415743, 2.8674635240654305, -1.203517330238177, -1.3036945795066683, 0.5378885621448353, -0.13639859139283114, 3.031989230705616, 1.2516787260728384, 0.7016954244455681, 0.8591304496879866, 1.3628776801176774, -1.253370888096219, -1.1182744371753992, 3.071079552017084, -1.211915379513259, -1.2863713576682194, 0.5277564048670054, 0.09480619964582702, 3.137938678764278, 1.3096274751748254, 0.6020881241612249, 0.9596890035897652, 1.0601439403641686, -0.7492159058828163, -1.1005402172421144, -3.4335826625546964, 2.1067605746336713, -1.3696804091815955, -1.4211453991785097, -5.114679114969964, -0.9019278499019, -4.693490703583947, -8.2376067840925, -8.287993094438479, -12.746701200233062, -2.5590338718613457, -2.3850776395677205, -11.220994724186248, -10.331063096619785, -5.1946338573696, -1.5690061854910182, -1.491086336374329, -4.545291092981962, -6.499942706379387, 0.8002137772291708, -2.4966347682740064, -2.594985873990286, -7.805533076605343, -1.8155216820557485, -8.15234992957165, -3.1291589773377484, -0.5036223489387716, -16.306866163443072, 2.541160589824572, -0.9395774933843359, -0.6166461615538756, 2.1603428585294933, -4.302732528269183, -1.9939804914905037
1, 0.11115642673609137
0.11319263804465633, 6.287559399023425, -5.8187523717732725, -5.712501790233801, -0.8206260339459767, -0.3505811303501323, 0.2680696580799648, -12.442431792038523, 1.1304813924262076, 0.9488706737856226, 2.9715637622204087, -0.2054365962089776, 0.42431926326043895, -6.8421724467083935, 5.62168351513018, 4.794746039050628, 0.7628189571683242, 0.603274382038307, -0.8472858567565971, 9.587013172571762, -0.4077942206772817, -0.499593149818211, -2.4035271032073573, 0.9126323298745664, -5.209811567919784, 5.081120900238057, -0.24921589896891866, -0.6502330601820691, 0.32633171528691074, -0.0015720465017176782, -7.612361492022585, 7.007524966748533, 0.16883037184040206, 0.7013762604111445, -0.07665428319700335, -6.229141917802128, 6.856840501128374, 0.5384904033383829, 5.554591109881033, -5.446563899156162, -0.2035272662984981, -0.29640572250478836, 0.2046503534245574, 5.460378396469218, -5.403998314625018, -0.3941626211194865, -0.30869338402184304, 0.05226679198932902, 0.9904445894416924, -0.6529569728348276, -0.4854831587064053, 0.3933927189712976, -0.5982969362467844, -0.05684685146847059, 0.18644408591164513, 0.5784765844569276, 0.7962142844993305, 0.7022124135248944, -0.3087580993773171, 0.015932528305984555, -0.4277360835063014, -0.6772845948258147, -0.026600384833447382, -0.2133368810296726, 0.9571885027564733, 0.7987438766613357, -3.1261446149267584, 4.035726930498804, -0.6282010964776055, -0.12157962783763615, 0.41442261354980325, 1.2616456873512258, 1.4099336804362297, -5.817514644813529, 0.036334822953697075, 0.2202765458223851, 0.008786904444242722, 1.1440117821627123, -2.004804159008648, 0.87440981219858, 3.5728473108154697, -4.739290473453246, 0.2512436558775096, 0.3597789072376116, -0.9549095023544081, -1.531774896955481, -1.1087699069780297, 5.20832373015934, 0.3230095944184926, 0.1850525513973937, -0.4450396990635716, -0.8109005090826406, 2.3377833382248507, -1.22140134401585, -2.711357932734545, 2.099154499340437, -0.6203761003334842, 0.42705727072303135, 0.41342881961614897, -4.000195660300775, 5.482359911853654, 0.46515787030662864, -2.5413672135048917, 1.879923919711905, 0.3960931568790646, 0.5816784954238583, 0.09400497303155594, -2.6237526830525764, 4.311826905405646, 0.4808319565849907, 21.97795598346877, -23.744327389083598, 0.07194347578033403, 1.2544754822184705, -1.755400016450375, -0.5173594309399823, 0.4460903084932195, -0.16040131254069098, -0.19135446869585454, 1.9082242042210662, -2.0778369383249924, 0.2731310690221819, 0.8484238397197702, 7.975012163602881, -8.031390886499812, -0.37915461852180504, 0.06097277105511553, -1.2747273977000733, 0.9083493740758697, -0.3252256053294741, 0.10655437511333334, 0.33277458405190746, 0.4582987063063982, -0.8955845530166048, 1.2783636093160031, 0.2323608896972757, 0.4511424402138062, -0.15075073876222156, 5.4209474278152, -5.557771785348951, -0.3877626668345539, -0.32066209526505907, -1.2082140062532594, 0.9568888664151317, 0.3373882908656733, 0.5338215655594126, -0.295403658791673, 0.4881153076900417, -11.063318263630187, 1.5266959415364518, 0.9953722642451521, 0.4309663905216589, 1.0795129429033117, -3.4611222173705785, 0.8258180839089859, -0.24296991976016796, 1.8906274912396066, -1.6140813163943224, 0.28123336751813255, 0.5967235437934648, 10.816430391110451, -4.834175152215421, -1.509598965740721, -0.34642575502824163, -1.5365442146121766, 2.4218387102887102, -0.4277806012273345, -0.14931304313353053, -1.6421397324028364, 1.9083341467418908, 0.24289770609050787, -0.23046326791559119, -13.57779926200798, 11.23160849611019, -0.5172752605495471, 0.2570811101098168, -1.5968611853835146, 1.5591004474456003, 0.16091503673712432, 0.4928006187474623, 0.11187696670467258, 22.162851317743048, -24.334596908427848, -1.72477921858616, 0.6843852410195927, -0.828755614431954, 0.12345734493001327, 1.3369217388782781, 0.17840897882544293, 1.46689705044655, -1.6151929747180587, 0.20562224215560834, 0.30142398784406443, 0.2710886672155155, -0.07993479043917721, -0.0374545005062503, 0.22506016720060115, 0.3385405655539471, 0.1342973644823004, -4.507293737114134, 4.676761105640573, -0.6247577682466579, -0.4027295471745265, -0.08958318018332802, -0.09281034401901662, 0.08234819018946789, 0.37894119000017606, 0.6328421482646809
-0.23735429424997542, 6.0832932526496855, -5.8016170053893505, -5.677144817083768, -0.8375621418729962, -0.382180700496103, -5.471517785611237, -10.669180807684997, -5.95293771643326, -4.163735196095941, -10.246310713421803, -10.999845979949356, 0.28941693365515037, -6.291613994907149, 5.727246732675516, 5.665201304859124, 0.895662488667625, 0.37665103537808114, 5.395666598049419, 10.47994855532626, 5.823465887361402, 4.060868182176175, 10.480861659071634, 10.653587247254997, -6.873403021319575, 6.737759999495978, 0.10796904104863164, 0.05172437640403452, -0.039785605961320074, 0.03914856754600099, -6.21993075913047, 6.239504471623173, -0.0213306332607909, 0.10604179944441104, 0.08030968621813435, -5.237024381568611, 5.643162860096062, 0.028370217629777764, 5.999342850798602, -5.989495959320275, 0.13881041702761943, 0.026392858874354566, 0.017170326519686873, 5.501290614446597, -5.4703213824677395, 0.0694111636479122, 0.08688555555537548, 0.0033193302067088958, 0.8813618106776615, -0.7960652950004902, 0.0761212692672361, -0.025806109184718432, -0.00029028190309553356, -0.005281955141579049, 0.7012298449784975, -0.7022901021746621, -0.027730792401742897, 0.36909400177113144, -0.33943266782060644, 0.003553482439740713, 0.031957318819967946, 0.031744881268168344, -0.010255696874236171, 0.33687856620452816, -0.269361685841324, 0.036988525320092586, 0.8015387129569927, 3.53196201234699, 0.11730924399778384, 1.028728359158262, 1.2355121219808074, 2.135071965934474, 2.1724834147409555, -4.522337225102542, -0.05194820305194929, 0.6847824279700627, 1.9224651651308358, 6.21576560440367, -2.0005081759023606, 2.2262706038486533, -0.7406963196866311, -3.4806294828891082, -0.1363966348876992, -1.0115438195374014, -1.1673372644592739, -2.1086614230098375, -2.040723568422137, 4.382208371419524, 0.0010335316017884174, -0.6653604084521441, -1.8002229907200935, -6.176901596341304, 1.963479625682975, -2.1391836093117007, -1.201440985266479, 1.2335476065974302, 0.04196213356769316, 0.0052821016208518205, 0.0029981282460517715, -0.6315707136380855, 0.5209806445759242, 0.008564052726302635, -1.1896854414478477, 1.1806110705007211, -0.15596822348324646, 0.0011533102662075205, 0.0024495838238228354, -3.069144350483907, 2.3112507370642197, -0.6502463415992722, 7.37728059773818, -8.5756352966998, -0.03429059167076396, 4.680194927374908, -4.760136735821728, 0.035124882090064466, -0.20098035907044287, 0.08086803119301102, -0.034617284393589194, 3.422359369659526, -3.5290866751290104, -0.1002878481797527, 0.030582616211811624, -0.008140376229557367, 0.004039244611586692, 0.05886200902680884, -0.04247558278358983, 0.6507214084073794, -0.6602775347043316, 0.005983055644071398, 0.02099964180027572, 0.050384097479856414, -0.006803037664522696, -0.0021441163849972382, 0.03439370210824414, 0.0994572234848273, 0.018447907018213538, -0.0728356831819925, -0.5754901964158563, 0.5507073433316069, -0.05445255162061316, -0.015355720058438578, -0.04360718672421813, 0.021285215542594788, -0.024165789241721893, -0.017879177453387136, 0.0651607544328568, -0.022557808167117627, 2.366237685506464, 2.2360777087267754, 0.35872534437649833, 2.3144674372508613, 2.4312831465570466, -1.5529296546006017, 0.7422075617950185, -0.05525241242824349, 1.6718272613200897, -1.5054127720340358, 0.06365376591210146, 0.16609903638869758, -2.4555113233187553, -2.2945649739156226, -0.3830670551667367, -2.4063774289096136, -2.4950323928224725, 1.5796108786494385, -0.744134113226862, 0.02326292604987578, -1.7588672700182293, 1.5316597920231485, -0.08064279062402821, -0.2006429989373761, -1.433110970572201, 1.4152298282500722, 0.01878115167834567, 0.018459252752385406, -1.7673531271600638, 1.7102365722447859, 0.017715978425346446, -0.011149475842913379, -0.013512769013676592, 1.245628383841033, -1.0767539688462533, 0.016143453882298844, 1.730234655643744, -1.6754640410922248, -0.0011710023751072035, -0.024348732436243147, 0.01652863254562203, 1.7872746945277405, -1.7338520606048184, 0.03665454458053883, 0.029643907694363352, 0.03782068470101766, -0.0594307832088526, 0.07361696667630338, 0.03991918117733001, -0.0060600405457759575, 0.09029866817635757, -0.7999240480420956, 0.5587489773399865, 0.08541596922595346, -0.013421083111191983, -0.2573396345433877, 0.2629249613348353, 0.02448465494514204, -0.0042370788153467415, 0.02475670509858302
2, 2.620951764899995
1.9035142937634013, 2.788909631463705, 2.9883712282894654, 3.0344432918552506, 2.9547757734932802, 2.976270396561515, 0.1997896909496097, 0.31920109868530444, 0.20824654914951363, 0.22112537601925028, 0.21630716945542605, 0.13390163108659417, 1.9032574181011537, 2.789863523601487, 2.9655497435107887, 3.0497192871599896, 2.9577088167625503, 2.97869576572399, 0.24919719070399196, 0.3186098439922831, 0.22802304005786025, 0.24020138550198555, 0.2032688309071766, 0.13952052696036343, 2.72152875376297, 2.726334618233775, 2.053936261487515, 2.0897194970121777, 2.9412956369745284, 2.9707211531897615, 0.47279953695115395, 0.3654146400128243, 0.36139429362137493, 0.23475031497963825, 0.22618595174886055, 0.4473356892971363, 0.4285695539925609, 0.1459124888039202, 2.865078748839767, 2.873482885251383, 1.9027592901803554, 2.102998773218486, 3.178206260613014, 2.872810262502046, 2.8616955717499426, 1.9100000174076042, 3.2848503038562926, 2.077328695322471, 2.936964133258335, 2.9340622949227058, 2.9345371414023393, 4.408970603830655, 2.794373934760985, 2.138707227933967, 0.46207577461655114, 0.3570782644178356, 0.22602720163216444, 2.9517514791738515, 2.9494167275520238, 2.92520062381863, 2.796453084297831, 4.883783189493512, 2.1397224108709416, 0.4627246486791942, 0.3571332789342308, 0.1956835990396838, 2.191016343481902, 1.8642917018743914, 2.2711996819363938, 2.1431853276346615, 0.2178552727618319, 0.18743245971616626, 0.19205226375350304, 0.2906424896053302, 0.29944407662694394, 0.3337056899599871, 0.149629118120507, 0.16873850916786237, 0.23688141567805665, 0.14440892428994373, 2.19192026798571, 1.861018460200495, 2.248980423851226, 2.1641016623434797, 0.27838686149558534, 0.20133728514673283, 0.1967828303857652, 0.3189162043829701, 0.32383021985470384, 0.35884981222896206, 0.14728190027159904, 0.1697241741563334, 0.23375339072232815, 0.1493503599496396, 0.3167110392437664, 0.24954571186927468, 0.3634143791183592, 0.3096816014625136, 0.210993845181847, 0.3034283893737735, 0.3529811989095824, 0.14778471053555423, 0.3119572062350932, 0.25304611213363143, 0.3491367633538024, 0.19678792652408794, 0.3138949788024356, 0.21865206780472565, 0.2837300250519314, 0.14428327019526208, 5.273918805320423, 5.258290506603737, 1.7252891524359801, 0.4442873817995888, 0.33616737845056155, 0.13937426472932635, 0.13736693731786392, 0.4007020069751903, 0.5605068422640905, 0.22536966112970133, 0.23258613644766862, 0.16462977932892983, 0.14752397253087696, 3.742272187558373, 3.753553137909561, 2.0098899382994655, 2.1352295213918824, 0.38381886201910587, 0.2931155284281595, 0.17579486381193718, 0.20648934370967514, 0.29686209338416486, 0.27021019118615563, 0.2874516303800472, 0.29396114661927947, 0.23403256635573205, 0.2642150830722152, 0.16269196662011673, 3.5862981467185935, 3.6081876650738622, 1.9319484331773915, 2.201617690224462, 0.3942371573153693, 0.3011185980755941, 0.21631504772327634, 0.1731252622300962, 0.2532653816613197, 0.22954632444605944, 2.822261056652489, 1.6843618824531024, 0.1929378184214186, 0.13228977987004864, 0.11132215006805322, 0.332897955201282, 0.18812503030501346, 0.13425022635800485, 0.2035092216213604, 0.20960130869211624, 0.2078942452785905, 0.21309713018552734, 2.954133412688859, 1.5486033003728001, 0.24836925231044926, 0.1381550855538043, 0.1516515778686571, 0.3708061951475509, 0.20059878033913048, 0.12855281880566055, 0.19908303101582003, 0.20908545363147674, 0.2042272751189454, 0.20903246980034468, 0.4314518554548588, 0.3183608768444036, 0.27439774175964904, 0.14700941668816636, 0.1948029020175268, 0.20517750162261256, 0.15595581005819295, 0.19326166669783396, 0.21806052380033467, 5.319745428076861, 5.355008456371188, 1.950975791735939, 0.44215224883803034, 0.3367232423399092, 0.13281357527616944, 0.16866357937676746, 0.2778663273087056, 0.19017047214814983, 0.19794207259306384, 0.14486187475672838, 0.21906612733618624, 0.21017532816422385, 0.20047095649225508, 0.20732856827038776, 0.22904755279401454, 0.17037227236971816, 0.16054614210421198, 0.6294856714698217, 0.48225402881770024, 0.5280718167807036, 0.1697074443875488, 0.19783261573361918, 0.20902683370044192, 0.21662894320547432, 0.22281267554486453, 0.1485255515838224
18.016435529381337, 17.141230213593847, 18.214777199523372, 18.21360992929976, 17.72207219849404, 17.837006115199, 18.22878196029317, 18.024394277422267, 18.230449641783387, 18.178200239459954, 17.519243918278338, 18.417902242004054, 18.021411867406268, 17.173567430549813, 18.21781048234888, 18.21619849725371, 17.709301281660306, 17.837338502750836, 18.21588427731122, 18.024813001175836, 18.2062177100967, 18.200690817500828, 18.02569411826008, 18.23472269253678, 17.606570436569612, 17.577872717328773, 17.3530364918957, 17.287570075445448, 17.52988584620914, 17.48415989281711, 17.181622270407257, 17.241039567668192, 15.41413939598551, 18.259206107668497, 18.11118270316398, 19.507266218250727, 21.14321977072902, 17.867493414429173, 18.605832009399656, 18.6232357294365, 18.538045619381357, 18.49518742051439, 18.736544684720556, 18.533636023775266, 18.55607647844305, 18.47823735781568, 18.705684621931187, 18.491003855460196, 18.120128490386023, 18.12742049590552, 17.920722786586758, 18.21416482376062, 18.130442751798302, 18.30769094668461, 18.01539828763959, 18.023300256056537, 18.151252993350475, 18.295182981564068, 18.293002080489007, 18.2667863738123, 18.209505352246616, 18.288507131387146, 18.44553710552651, 18.235880025557194, 18.21152253569315, 16.006519895776133, 2.037519554032746, 1.952774577182937, 2.0372444518659605, 1.9908858613489187, 2.7256990080537515, 1.998829527471346, 2.003225969341249, 3.551255732058891, 2.787754207671164, 2.876375861929105, 2.1026614838113376, 1.93329344094645, 2.937809540337221, 1.4161348634393407, 1.642892234788518, 1.5285159942446283, 1.5923024299125519, 1.5520115793098923, 2.1376919058293034, 1.5880638987120326, 1.5977127255452033, 2.6748355537128963, 2.1265226773771215, 2.1900867475696217, 1.6765185691136057, 1.522785565181887, 2.2389011323289942, 1.5483024171723947, 1.0846203319032373, 1.1603781469641197, 1.1780947439240714, 1.162891772427543, 1.0889407021740398, 1.1022753917345942, 1.076250090426101, 1.0910469074768931, 1.1012693072333966, 1.1750447469098582, 1.192016254831166, 1.1095912567475577, 1.166196569097878, 1.7049581226504462, 1.200392023369981, 1.4397985779948235, 2.324100692361063, 2.551719770249966, 2.8263996676187086, 1.803912337032065, 2.0135475145447512, 2.7074159885214772, 2.746794534664494, 1.8045242323506383, 2.0512924594567368, 1.8166134684699407, 2.025861064355981, 2.047928578677468, 1.7963028479427665, 1.6022230051036794, 1.783984354943581, 1.5328971152848347, 1.956894717594622, 1.8802914396069268, 2.0597179992062085, 1.6694317166247086, 1.660181521751098, 2.567942722424298, 2.1249179168808654, 1.7917177626336651, 1.9096076283134542, 1.4466458471359323, 2.704898927586449, 1.5167551281777338, 1.6198088211776076, 1.819407276062944, 1.6482035857680524, 1.678055719744196, 1.9700929992180467, 2.1674194018885746, 1.6838751993311014, 1.714058882528425, 2.966053610728018, 3.2100760483198076, 1.429569542447805, 1.3735041622679276, 1.4016072965764808, 1.4081160983239327, 1.458063736895165, 1.3895444843022926, 1.4043448657243354, 1.4041260475556399, 1.4219731090392862, 1.407588221822344, 1.4027242123552763, 1.514969867843148, 1.5219427929540195, 1.4502138018805428, 1.4631227745074409, 1.5008774264626081, 1.5402616312905206, 1.4505652477979174, 1.4865341518239281, 1.4733036776891468, 1.508075465585011, 1.4743892785710433, 1.4726907869819172, 1.5002657229869243, 1.4931611951543309, 1.4845141038996308, 1.5170260108167228, 1.5181817057177083, 1.502937543068756, 1.4618621766424498, 1.5308244775909823, 1.4914674598798232, 1.4983038898067869, 1.5372367460669167, 1.4840171988597102, 1.5287512849272338, 1.4916426029046337, 1.4512729059050542, 1.5259583130440648, 1.4662006567969554, 1.482072104572156, 1.5586791896082448, 1.5551275983733241, 1.61356783190615, 1.4934038327346533, 1.6377217163544704, 1.4610103326883566, 1.4305196330601802, 1.4585105480575182, 1.451672198958631, 1.504064846560839, 1.5199212695400446, 1.5196520340185704, 1.505868621234811, 1.546404643059276, 1.5096622843428027, 1.5152299874543842, 1.541075098311172, 1.4951169996767093, 1.6135079814003221
2, 1.0816193450219376
-0.20913810772158534, -0.28055464377474565, -0.33834220976082635, -0.3434489995685599, -0.33098502664252566, -0.3319713811918186, 0.2390730538790976, 0.25302031389669943, 0.3999058395372632, 0.20605051224826554, 2.827871159298083, 1.8188985832364384, -0.21071121828854267, -0.2790825195867753, -0.33617035961698594, -0.34563130349350196, -0.33181503391839723, -0.3325645615266688, 0.30351912198384806, 0.26205824773411973, 0.4308362236394095, 0.22055565991553783, 2.697705370993012, 1.8970015810523713, -0.28475589528424106, -0.28045084338379295, -0.22500278350508662, -0.22901568640267334, -0.32305947931499407, -0.3316675011916254, 0.8210866475192498, 0.6112653897678431, 0.2576379707714639, 0.6772685982571347, 0.20556989033946554, 5.927158370874322, 5.589692883935018, 1.995732992422482, -0.31752053247082046, -0.3176190019693093, -0.16504887333526158, -0.23639381853234268, -0.3469072359810792, -0.31856400263495827, -0.3164078418904368, -0.15688510260723043, -0.3656916234651351, -0.2299001533368527, -0.3234548348642607, -0.3211340763322735, -0.2920763782647444, -0.502727754651592, -0.31061230757434566, -0.2466908298918027, 0.3380912375744632, 0.2657923718917761, 0.2528127151826342, -0.32329655173404553, -0.32124838942448775, -0.27552125903349894, -0.31445500738711746, -0.56145766563702, -0.24734765137335651, 0.5859602755635537, 0.4557647736887161, 0.27311891561431867, -0.24348681627634397, -0.16620047448332184, -0.2528420164594133, -0.23547744087232106, 0.20344191904363304, 0.32288888444409847, 0.22397042442889814, 0.4712175198036212, 0.3824885177804383, 0.20410207191508048, 2.0640754863920576, 2.261618317200742, 3.279831483614288, 1.8756267552574983, -0.24402714388368876, -0.15804417272411592, -0.25095733102535217, -0.23840889384724862, 0.25913237032029074, 0.3485349554754212, 0.23182825427063716, 0.4925653701301792, 0.4177615512196129, 0.22518341614451048, 2.0354921814857607, 2.287230434308148, 3.239271311652606, 1.9071053459773812, 0.4823815433800338, 0.36539856788353114, 0.29188341193878986, 0.5666065835077001, 0.21101449143621748, 4.022724295939377, 4.606062168355558, 2.0207217361142393, 0.3928730475055346, 0.30876118999736746, 0.21224309544378597, 0.45837019817374414, 0.29328832238830965, 2.901469766275128, 3.7036917248615167, 1.967154018286314, -0.559324005253878, -0.5543529210668596, -0.08012222437874472, 0.3994750374741086, 0.3027223957576464, 0.22468354843993896, 0.17506726257801913, 0.3413867179890808, 0.17782290666043185, 3.13597622321853, 3.2440118388817742, 2.211799651458125, 1.999167624070013, -0.41391285321647736, -0.41410883258108216, -0.21876178042879696, -0.23433365912032028, 0.49356704261632894, 0.36994691385461614, 0.30150349330940657, 0.21837892626896865, 0.6984530645864883, 0.19138794314775986, 3.9249906892899284, 3.9935145315831613, 3.1544223902882167, 3.6744132934508142, 1.996283256682938, -0.4009680785737236, -0.40285619334823203, -0.20857465101171768, -0.24557858512892758, 0.3298293090609726, 0.259312415870898, 0.39205931554007234, 0.24526161141526748, 0.23558645067140754, 0.34958702977902056, -0.2986034600480639, -0.17896325704825528, 0.21970227952401616, 0.23582334597899227, 0.11496625583226242, 0.3445271897833725, 0.49606644190894056, 1.7947053160154876, 2.709246759332746, 2.643223041938407, 2.98896922006848, 2.8197842842702547, -0.3144489413233843, -0.12317638218231147, 0.285773292019014, 0.24561766435146334, 0.18526699967167906, 0.38030107767438104, 0.5108260205580297, 1.7343589759383993, 2.665042000746829, 2.592346939458173, 2.9397113550506084, 2.774325333434386, 0.6543875819712764, 0.46498638343137055, 0.24869310653992413, 0.2616978885615084, 2.5324149517867953, 2.625883279637197, 1.9029381793989197, 2.815644615944621, 2.8000519575053904, -0.5641888088045519, -0.564451830811568, -0.19202100140113568, 0.3777889410283983, 0.2977264641539712, 0.2382386549191937, 0.1639052362845897, 0.2859346754210501, 2.588869193348047, 2.687841698616771, 1.895033709346557, 3.1187338490843572, 2.839494098979473, 2.758661550322114, 2.844731893453391, 3.083845363207684, 2.336037145239533, 1.9581162658924116, 0.8435039742365759, 0.6436986406131452, 0.5337333276022067, 0.8858094752059759, 2.5905818983727325, 2.700810872543693, 2.7843871609887314, 2.72807927381822, 2.14049816975644
-1.7857409904530195, -1.5108942627320452, -1.808697267934984, -1.8099118714455071, -1.7334676104712414, -1.7188283457860212, -1.8167114368955823, -1.728517048500782, -1.8076282830721453, -1.8224834679427786, -1.6804963174717251, -1.7659231535973778, -1.7728382618426928, -1.4805458793665145, -1.8118943493877948, -1.8123379681810639, -1.7201228769019823, -1.7062619495825386, -1.8196958059549768, -1.7316717092361962, -1.807895331877931, -1.827360543491313, -1.7317558202823995, -1.7517419208476952, -1.5952496889762109, -1.601955604595507, -1.4890370174316678, -1.3835734624783516, -1.588124867418712, -1.5533569107321352, -1.4450835385703718, -1.4581906672686213, -0.8220293123780265, -1.7880034793075315, -1.7927650889645204, -1.888763939471866, -2.076400644062099, -1.7044707536073609, -1.9182736447577124, -1.9186495733176807, -1.8756659874681758, -1.9040233312673427, -1.9461314528660083, -1.900045128163869, -1.9014298050434202, -1.8497723383861322, -1.916660049080001, -1.9037212146040843, -1.8299055816127339, -1.834621339828845, -1.8004700878671305, -1.8351817357323885, -1.8124225567283385, -1.9023387416536695, -1.8023764014622552, -1.8037928460469403, -1.816674553825867, -1.8366601702529755, -1.841354006230531, -1.8441347205490737, -1.7970515055736913, -1.8270864731088248, -1.9014135644710835, -1.8025037758551419, -1.8059242718715764, -1.5869106782351785, 2.437782325470382, 3.0798361249607575, 1.464823574635412, 2.1750100109928514, 2.422230375818726, 2.9804791959865558, 2.4379951655712353, 2.5845944497471653, 3.32988019599109, 1.9904789459495043, 2.31927285316298, 2.8384903958949166, 1.8832485979575908, 1.666528401908859, 1.897561077891366, 2.292051662256434, 1.1431430505434677, 1.7055792526502263, 1.880597760175814, 2.2400004123509674, 1.8621158550060073, 1.9080538150968773, 2.4398174374162114, 1.5689107028159262, 1.8103721693075023, 2.1201007544861135, 1.497012319756027, 1.7991080413620775, 1.6849321820354377, 1.8252836638479761, 1.78389923071804, 1.8179965142738057, 1.7189486829951834, 1.7293639074238458, 1.7019081547592418, 1.7222652454011262, 1.1607461276352367, 1.264418816045623, 1.3907187242909864, 1.0151916457567003, 1.5869718141361542, 1.706863779977804, 1.4248682186277721, 1.4286822668196806, 2.297794032125049, 2.477682510314334, 2.3335473808755847, 3.2464181850393863, 3.3623559237389555, 2.7890604415719085, 1.8019820904717765, 5.29148833584674, 1.7797367284345045, 1.7724645141255762, 1.9408890739910318, 1.7762521109921476, 1.7841352267812232, 2.505045864611683, 2.739817439697053, 3.4680723209645503, 2.055241680370706, 2.145970146123731, 2.393131526761917, 2.557693449977476, 3.1043151457557454, 1.8355080934947374, 2.605729064191829, 3.3398624540694613, 3.4849045623630794, 3.139330744882654, 2.0084979436786057, 6.503237916319943, 1.210198889024699, 1.336141862929976, 1.2615997497312779, 1.4762746044219004, 1.0751931078357964, 1.202014509130345, 1.3527448299084828, 1.251627476163025, 0.8462987804603529, 1.769244364412635, 17.02365368063777, 16.362882690983696, 17.4920740635584, 16.77095071702773, 17.35955222249976, 17.481851311400536, 17.176754168640695, 17.14099299238301, 16.66341791441982, 17.18915436066421, 17.370109095429413, 17.59862181926861, 17.86143266827288, 17.030976522932843, 18.231364542905, 17.617724445427683, 18.073668754307, 18.291750812929017, 18.110407473833774, 17.851068264870534, 17.420151712473672, 17.99429771442845, 18.187844106468322, 17.188881071848098, 18.099969104177788, 18.10512279607647, 18.482058551916907, 18.344774787968305, 18.229018703101517, 17.84014849977921, 18.3657965754231, 18.136518507854873, 17.899181215822562, 19.310260404599873, 18.635634578091622, 19.338741329126982, 18.54204753829715, 18.029056927704158, 19.25728805969912, 18.463914716012667, 18.47179266206998, 17.505968416429333, 17.15749175983324, 18.132419729009044, 18.664359737707432, 16.56606065202559, 19.012984523689273, 18.63771639526443, 19.30091702708976, 18.69583068287492, 19.837482317079385, 18.008165569933144, 18.114458502966322, 18.946141627420655, 17.808526203670652, 17.889089751283688, 18.06306140002588, 17.64179666594674, 18.298111058215127, 18.72766772835493
2, 0.20510207427839122
0.1307981425691967, -0.09231103320549845, 0.19178032622914915, 0.20869104019128898, 0.5154763098050192, 0.5777733641531358, -1.1697145091364223, -1.4062305372670425, -1.2528513590994428, -1.5131248457540873, 2.1191402310073135, 1.74502889310629, 0.1410270204814492, -0.09495178461478021, 0.19119598879658428, 0.21178830148399772, 0.5192839175202557, 0.5742760328117152, -1.4382826195987857, -1.5080724807762032, -1.3108698394379694, -1.6192342824349217, 2.065028452742803, 1.812643221453558, 0.0846764663763034, 0.04759613422118299, -0.13545754617153283, -0.05537925412085561, 0.49810280806633284, 0.6290992224287592, -2.569259649896468, -2.012445955515704, -2.1848684112960814, -1.2479226293677261, -1.7441736989035488, 4.674261026928032, 4.292767918670344, 2.1524658591286423, 0.2014236530551411, 0.2009051185407668, -0.48388387227157204, 0.9755410257845991, 0.5167301678626921, 0.1991532680817039, 0.1954864331261008, -0.45199090336030034, 0.4666718742039176, 1.0655786856604805, 0.18830831811674273, 0.17234935729287149, -0.1879440390092179, 0.7538137337359705, 0.10966176511577812, 2.2979073905990153, -2.7317641850742005, -2.168471383520415, -1.7147801022694715, 0.2086160606060038, 0.2023650866218159, -0.19356365198860084, 0.12594753725521393, 0.7578989994459462, 2.2764687877701397, -3.0202713911634924, -2.287759976811533, -1.4007735344593817, 0.13476973649150426, -0.5624056589781562, 0.3703598133798325, 0.5199494908005552, -0.9425631576695574, -1.512994346700732, -1.7716663170820486, -1.3767796808361052, -1.546484875287126, -1.5327332543196406, 1.6792843574549168, 1.3359916504397995, 2.2291620094855102, -10.167659573861165, 0.13253833374443647, -0.6004093159861247, 0.3971485717184324, 0.5494839285029723, -1.1417225449030532, -1.6120992066379358, -1.8136774430735345, -1.493964460849787, -1.6184301336531721, -1.6851384394307365, 1.646909794606849, 1.3276100532986663, 2.1978474782060666, -10.140114363820281, -1.704151328077164, -1.3761288295797784, -1.8658415072553813, -1.8578206105467525, -1.528623011884902, 3.139488204426509, 3.5196048664611825, 2.1104655600457884, -1.8897027582377195, -1.5398856336409215, -2.111444516020144, -1.1294200457433972, -2.233251304115587, 2.2265999653709803, 2.819876125240573, 2.022525817709972, -0.17674975200556908, -0.1866970536272089, -2.5089047991437816, -1.5774910594293665, -1.2883741902332257, -1.285960879563109, -1.3706193040492594, -2.832253770273296, -1.5222118164843772, 2.0429667089956447, 2.1448924528215865, 1.412089707120428, -10.676182650216756, 0.308308132525231, 0.3085743265801263, 0.007909216751703668, 0.8965970485010386, -1.377240518279941, -1.1654592386128513, -1.5415702290132345, -1.817390435878348, -1.6700684007886466, -1.3429567894701206, 1.211571147431823, 1.2277499769304385, -0.7460006759601178, 1.2202761335557337, -24.30822521921207, 0.3745551399382916, 0.3839763780958333, 0.08919607000531278, 0.7617963583208479, -1.7609323171892277, -1.3806259595038877, -1.6334843008381301, -1.8015692245605843, -1.6704005111814024, -1.2737623065904946, -0.06582675774706112, -0.03762659667491972, -1.1058261367593092, -1.02407913147319, -1.4591959722836245, -2.29644616825378, -3.845870376943916, 1.3290627551635414, 1.5541530063684472, 1.507674582925295, -0.49818309159125745, -0.9532707899300449, -0.06359136122638395, -0.37831566750890794, -1.4145697598497704, -1.0671806685320062, -1.5482477873280553, -2.4506569243455836, -4.018856532295698, 1.2999341474401793, 1.5429636134916722, 1.4420806795307608, -0.5910473322436697, -0.9727718106061118, -2.6571953909792905, -1.959018493072566, -1.8481147745559643, -1.0371561470478265, 1.5193828440776398, 1.53431452018382, 1.3953188477644562, -1.598976277952062, -1.2195249434041995, -0.17814155139273874, -0.1932711463130328, -0.27578958188538044, -2.128534656573088, -1.647975738762755, -1.0246656551972628, -2.3894575119083488, -4.155356201694422, 1.5350069048032824, 1.581844962027954, 1.3581843294285778, 1.2289460986954666, -1.6813979500828422, 1.7048894843068123, 1.775763928222055, 1.8380164052297134, 1.2704718434784306, -15.206742275019575, -4.180127589995274, -3.1433695186084845, -4.616329595096266, -17.005733795824845, 1.5310140958395497, 1.5199223701201157, 1.4708337549485362, 1.455493387502665, -15.093442465451172
0.29055576270348343, -0.003997605032433807, 0.2658551341966215, 0.2652984791270687, 0.18582372440780298, 0.20832853387514794, 0.23915625540797314, 0.002392023485887785, 0.289414384495578, 0.36140701537258657, 0.005137483555660835, 0.00024236110848256594, 0.2742731338114664, -0.06236412753954693, 0.28646548442177133, 0.2832327210309335, 0.16494196139265807, 0.19499568682275084, 0.26247697810966614, 0.030681864877145977, 0.3096443357243976, 0.3830617666547485, 0.030677999523591137, 0.03008264271621791, -0.06436514064536693, -0.03331441960821117, -0.47878869920554784, -0.4099914616201082, -0.09088668116390018, -0.12079861276076763, -0.543309697198585, -0.5865224791047945, -3.372909694189059, 0.2373983063370162, 0.3411250824464065, 0.07369657340583474, 0.1327765506821086, -0.2541288060035202, 0.3527176275367943, 0.3374270929417581, 0.015140160519194893, 0.49017553102765893, 0.5474964476296068, 0.3689579063673572, 0.3570122936520976, 0.1270626235155205, 0.5795173579444243, 0.4778671834575781, 0.5653698377609714, 0.5738941096868937, 0.5954675591987054, 1.1705647122624054, 0.4503653326216382, 2.8318434958046956, 0.5514814383622391, 0.46723974576321814, 0.885587312982197, 0.6058564553649007, 0.612172345536579, 0.6681939396116435, 0.4795576201459678, 1.3284041524047272, 2.8316515471532435, 0.6085434895248244, 0.659629278797677, 0.9056775363115493, -2.4059825087143856, -2.036209029377132, -2.307000949630658, -2.494325005530554, -2.2534110808612717, -2.1272478055782083, -2.3545433950165426, -2.227271978699014, -2.2236770648725366, -2.324101560045578, -2.4425542750685003, -2.1192370323173733, -2.4139480648127067, -1.727121224706891, -1.9663900687778098, -1.6325233493438163, -1.8334585724479717, -1.961826969267829, -1.8675003977613613, -1.7344599428684502, -1.9010610943115525, -1.7832598598859213, -1.7680989482819507, -1.8582619591226461, -1.9682655321186862, -1.6894108639053196, -1.916328277324545, -1.9070741588680087, -1.8319079985788609, -1.9401700234959798, -2.190861521325608, -2.140817499349477, -1.7810650152610463, -1.8041278011906807, -1.7565986632074024, -1.7842945641446462, -1.9566470760906154, -2.079892825279304, -2.2485384237722217, -1.8504750602014635, -2.4379362600992778, -4.367257522973845, -2.347555380820386, -3.787272931068518, -2.24845001273525, -2.331346523491148, -3.20304642466846, -1.5916390523964867, -1.7608355346174025, -2.719255785780792, -3.156350459531107, -2.491613730109585, -2.3271023049065103, -1.9683108236207898, -2.1148795686789934, -2.323530313691207, -2.1418294903379977, -2.0973442617713984, -2.279877258027498, -2.0929662136023537, -2.8633809508552304, -2.0647090116388944, -2.2450251812547117, -2.1946644752366433, -2.2159735439367454, -2.4942221506420137, -2.384892967081253, -4.241127780124886, -4.225486100391109, -2.3641889201129525, -4.312070664751479, -15.501247473097845, -2.090124291247826, -2.276846393769398, -2.430218027667548, -2.428367384697297, -1.868319857221651, -2.0581980945670884, -2.356747108768448, -2.193447687190714, -1.6303339757121087, -3.0206630095208125, 1.5152393204429615, 1.4567103274711148, 1.7200643866332372, 1.4928616185319525, 1.5449952407411331, 1.501953243363274, 0.8578157203177872, 1.545441499826523, 1.1859937449613764, 1.2434037869730217, 1.3540470431655902, 1.0180353414097376, 1.537315735291217, 1.4667642670580352, 1.7914929699730924, 1.5166263613436703, 1.555358348349864, 1.5841812779804836, 0.8855265290774713, 1.5791449190490092, 1.1896545907788565, 1.2982622892028326, 1.4119947115865557, 0.9354608570108895, 1.2045959168773115, 1.256241544637609, 1.296804008349861, -0.19791184266127845, 1.3219916332054693, 1.3156916395369056, 1.512469087390934, 1.2759246658777579, 1.216421605134472, 2.3161380778728162, 2.2546579034346705, 2.584344011150337, 1.6134656459438734, 1.5615952147596175, 2.4875614101079857, 2.3515551474325243, 1.0495256596665785, 1.0933240900271228, 1.0276396444262723, 1.4481568429949536, 1.3484130925039592, 0.4271047230782563, 0.15780620148750116, 0.1232175538983144, -0.10563235770193796, 0.7894576294598912, -12.963751004220448, -9.215143872554298, -8.791284591218634, -7.627836498936954, -20.815232907109163, -0.5183641935252494, -0.4627059065371966, -0.7847102473322255, -0.6058069753224656, -13.405479470896026
2, 0.19862288506325693
0.7057122320108751, 0.8975678392892723, 0.6776658077857141, 0.6983955651181355, -1.3828141425874603, -1.4458100229798685, 1.3069741821893845, 2.2647774265175467, 0.9443779569271193, 1.131517943883841, 0.05150875964829167, 0.0658946810899305, 0.6948482258810477, 0.9058292505532068, 0.6668104017784127, 0.6940285158202897, -1.3846977225437738, -1.4420188749715275, 1.5828316408453573, 2.396200403807347, 1.0475968127769038, 1.2319813085716067, 0.0128380989664393, 0.065750878119931, 0.8067308794541758, 0.8460080720790243, 0.9914141594066613, 0.9359120492853237, -1.9683460667015078, -2.0833068621496778, 2.797914002195737, 2.216302295061863, 3.8383558352430565, 1.063339748054348, 1.4513428096628127, 0.04059540294109412, 0.11824363060532922, 0.12250832247515345, 0.7108186486524309, 0.7185943349267596, 1.3545178159269091, -4.632448556071264, -1.3056309283783054, 0.7093365776273379, 0.7193532517538486, 1.5309215535854166, -1.0871683061583073, -5.092065070091566, 0.7684057208800685, 0.7821820148524012, 0.9462761006007667, -1.1043776496368711, 0.6761393616792192, -11.898299967455717, 2.2755006024290645, 1.8301581343246942, 0.915916900175307, 0.767374050728487, 0.7754629693134966, 0.9254060245186975, 0.38822759783045346, -1.075150748714947, -11.887693560927426, 2.2169701379223987, 1.7914867241591907, 0.7748184572923915, 0.9094614219828546, 1.6040645119478116, -1.038475943323725, -1.8306428296387502, 1.1827650123202205, 1.6997347603369848, 1.8189951531874606, 1.6519973340174108, 1.011398299203355, 1.167907824575002, -0.028258717721568752, -0.0030744501626302025, -0.13113924590108852, -2.2330562177485076, 0.9110254202362228, 1.6493981319937774, -1.176578930857005, -1.9707214232313177, 1.439507040283644, 1.8137749904886078, 1.8544023692001887, 1.7996583049096253, 1.14455008717556, 1.3042027228432307, -0.027368430001904098, -0.023664470113908716, -0.13048885492077694, -2.081622339177222, 1.9598261939427635, 1.5871150951610755, 3.4320526530045172, 1.5950102778650996, 1.0024781597519157, 0.024580063498907335, 0.09463075974582454, 0.1066828665310382, 1.9656749198389503, 1.632807901694014, 3.4158159363470686, 0.8120255479636006, 1.8269852361516843, 0.014313113275581598, 0.07447927959071558, 0.10039713177237575, 2.4193259956998836, 2.4361480082990865, 5.374014194280335, 1.9739629724169678, 1.5712294241753306, 1.7011861298294508, 1.7195834802569065, 0.9474786657982504, 1.3218515372480502, -0.09138430049860437, -0.10814734118348707, -0.0035844964867720827, -2.477461389364699, 0.48423911453455054, 0.4826186259951896, 0.47867699935508173, -4.168071641381747, 1.6890642986915805, 1.3513957820786726, 2.006487930041795, 1.651657407552729, 1.5480720289861463, 0.6568327348942976, -0.3328634941754421, -0.32343397649753125, -0.36498974162152265, -0.37935599592892966, -4.948103729868143, 0.018881482948454428, 0.002136510405561131, 0.07205134078966126, -3.4485862097318543, 1.7723603120927907, 1.430301590692509, 1.5972846029627152, 2.0008692658661045, 1.7013760396911224, 0.4520339478650319, 1.2470218820347987, 0.7718067720667109, 1.1749362986505991, 1.0598169842143503, 2.0610510815975602, 1.829852713997023, -0.07685975735294186, 0.02457213589034634, 0.01735631688442225, 0.015954272775217652, -0.7403925858118343, -0.4262960788248367, 1.2946086074493997, 1.0117601575513433, 1.4682033803390817, 1.1099923438669326, 1.8282611891433858, 2.036479844101678, -0.0417176258431902, 0.012316916009463549, 0.0005374041932820047, 0.04408473130083815, -0.7479176788560186, -0.4329276230880171, 3.1247688769102164, 2.3174932269428714, 1.8624305467719102, 0.7033405635417176, 0.020768194586587182, 0.05670093132797316, 0.07847744897646788, -0.9896332919079028, -0.33096196789824633, 2.440101949301166, 2.4864851355303963, 1.3054367164306862, 2.056710980057655, 1.6460876902487933, 1.0522570593821654, 3.545450658957352, 0.10253931871325951, -0.06422119927531944, -0.06748328919155225, 0.10928019363688579, -0.36765006143269785, -0.6484380983688389, -0.10230972869049819, -0.10104821843861879, -0.022310347626014432, -0.12044964825490867, -2.897383844158926, 3.3572072077959714, 2.65041916229517, 2.2426144724351538, -3.234936096780802, 0.0045116036016586425, 0.02857463929188945, 0.19379156585148444, 0.054963452285445025, -3.370748157193672
1.225746925685596, 1.2720035333402244, 0.8832003660941431, 0.883165957381162, 0.9560957410810901, 0.9066380706811719, 1.5286285585532564, 1.739687781375709, 0.5348541769901528, 0.09997371597759412, 1.685896426995335, 1.781610444518845, 1.2517491123233793, 1.3640457145440652, 0.8522497214678398, 0.8634628526458308, 0.9867501701367412, 0.9243168748978845, 1.490393551655626, 1.6950429333915358, 0.4974327073357591, 0.05643529241517201, 1.6951356699106772, 1.7165435958660575, 1.2425644511762886, 1.1924342309102287, 2.272843410770716, 2.587398996726576, 1.1695931607972547, 1.1197544267564428, 2.891565583275998, 2.965043675610817, 10.969450860570026, 0.34647406644402867, -0.4089274378090975, 1.9672413150423742, 2.1542759493183645, 2.8257532217276404, 0.5892665640471898, 0.6267818723080354, 1.6390338321395854, -0.6334258071802655, -1.1545908226881971, 0.6484124263771941, 0.6698207637787219, 1.5438710659161485, -1.0786197690583124, -0.5205233147639449, -1.8954708278572407, -1.9055344809353003, -2.701946260029694, -7.191508437463978, -1.301910889006957, -20.363673643726287, -2.1434797738493767, -1.4293701765914053, -5.035540232064871, -2.041549554977969, -2.0483999371918964, -2.9062353109590857, -1.5569233373485107, -8.485478447366944, -20.407557156604387, -2.5765384199309405, -2.9498922249150588, -5.499281820190713, 3.8388589736100363, 3.261460262681545, 3.3852223084243644, 3.1304640522312193, 3.9965989242599864, 3.5285876969601877, 3.639184528522572, 3.830549712898778, 3.1677848476694135, 3.4922247172032286, 3.6782944813141008, 3.5952226036023123, 3.6992837555005202, 2.3183246729751033, 3.1585597033142054, 2.6122472021335086, 2.705940890078321, 2.500161424581552, 3.293752402908587, 2.870115871138574, 2.959150476049471, 3.0673037768518685, 2.5698310861641915, 2.825369999688186, 2.9910529156198424, 2.8651260171830217, 2.939522371358784, 2.5841565253644383, 2.801419540511801, 2.9856423010775335, 3.8664960817430285, 3.7423344431218517, 2.3773671467943163, 2.4704887668613695, 2.414297147513726, 2.3810608074544803, 3.079986607873884, 3.270772004755582, 4.1365695578854265, 2.7942470631430214, 3.716942664452772, 9.17706720203239, 4.0795054398655335, 8.04926153749366, 5.0458408756965225, 5.1447785755812365, 8.170656489629499, 2.7485748634474754, 3.0350590906703174, 7.15377130175185, 7.368608972103852, 1.866979230562412, 3.8158582029197956, 2.935840789050119, 3.1956797210381147, 3.7870369940587145, 2.699151732381031, 2.2632502599226805, 2.5013372429853384, 1.934445639102911, 3.160753387474468, 2.23480538075279, 2.4689987407894796, 2.3476412254256624, 2.2612510930466367, 2.353417072156063, 2.1713105843782725, 1.3540867740374045, 1.5909115989301974, 1.9006786043827497, 2.009718957639762, -3.130878414902908, 2.8662546398725297, 3.140229733553758, 3.5944094241915816, 2.7667465654800476, 2.541079496300584, 2.8159970685710327, 3.085428869422081, 3.1077019544557443, 2.269891268238963, 3.3548804956030494, -0.23158363584417355, -0.2236675504335863, -0.4119637341213246, -0.22857854427295868, -0.23561938482128178, -0.4414598416973978, -0.44945592466566164, -0.28602324481095354, -0.17231473121678204, -0.363940928346414, -0.4202041834043408, -0.14857524228843258, -0.16461394921273556, -0.15941805566475561, -0.43793032741286614, -0.16312867332975817, -0.1659739339922018, -0.5003991485217105, -0.473899107555341, -0.2696614190385952, -0.11599254879192665, -0.3898145738228896, -0.4455906041007869, -0.06989534771447363, -0.27967586856795845, -0.32104968407931556, -0.34033524186419195, -0.4408950036128324, -0.2948021312057229, -0.33001323242661496, -0.1725217369065058, -0.2951424246807057, -0.14743749223332753, -0.4319261865458244, -0.40538578921250523, -0.39102734295277936, -0.5286182059759559, -0.5057506743039932, -0.40148292492531285, -0.38509786466935125, -0.6721126940268399, -0.14548534184893064, -0.07413869622174829, -0.1791043187038151, -0.6177498089799979, 0.2642759524060895, -1.2676058063481883, -1.249266199958542, -1.5956312698573898, -0.9101021065561016, -5.294085365358962, -3.1053315093638445, -3.049784976616532, -3.600872981169851, -6.176264778853856, -0.5581929600789148, -0.6102012075966912, -0.36668422793675515, -0.8552508167769556, -4.224103677414056
2, 0.1850498519290432
-1.8624001686753198, -0.4029877976378665, -1.3742953656051753, -1.1518650352241304, -0.5649814961093478, -0.7863661542026669, 2.7834799212236003, 4.5813853486774985, 2.4781730397143176, 3.098849854376024, -0.3928140897112995, -0.28717819096500496, -1.8874382049052172, -0.41102732764751027, -1.352890099363091, -1.1551843466696774, -0.5741790047960854, -0.7888783253122474, 3.408432958102057, 4.9860697652010915, 2.684822748984606, 3.2983875274559815, -0.4550418248971993, -0.30386230892581384, -1.6054110024625465, -1.494657893556465, 0.22095553522525674, 0.3445151254595983, 0.18553004131894396, -0.18935961928408712, 6.34381093193218, 4.96897434033567, 8.710360828971039, 2.6059303205227384, 3.781024835131629, -1.0151109901723039, -0.775101175587917, -0.28007374860284784, -1.9523363609944846, -1.9698221368963158, 1.5216299767963806, 1.8843415301572475, -0.6589920682288558, -1.9399312334489252, -1.9407889233232893, 1.919610649003886, -0.6960279352658924, 2.0619784620308894, -2.1727783606273534, -2.1392805003755084, -0.07074099336620557, -1.9727321985305042, 0.10575729845916285, 5.535111935851594, 5.999016315141863, 4.7276244120410125, 3.1891062499421228, -2.236054321076568, -2.216680474479744, -0.10826813737998367, -0.2386068621161278, -1.8498389066972334, 5.586270147379019, 5.563676781135513, 4.411640425841066, 2.6893044803061916, -2.056580093885334, 1.8878850710720028, -0.3206222839276185, 0.060819175735368304, 2.2310625975757423, 4.08472054927652, 4.452011437618805, 3.422914539863534, 2.6169141429622074, 3.2012042919211714, -0.44347214848391664, -0.29502556723119594, -0.7716693973200788, -2.0074080166521404, -2.0435728971148777, 2.0098456536321345, -0.24510567699141858, 0.11318210831685525, 2.694321607677182, 4.355513283307226, 4.535738603122321, 3.6959271234261797, 2.890360392855498, 3.49016825348031, -0.4327423119113565, -0.3306683470121739, -0.7653701300260127, -1.6303430890328339, 4.291846107062854, 3.438565823942549, 7.56267086361009, 3.9343317089501237, 3.0208831575806294, -0.6852711167573586, -0.6389357825684843, -0.299098392120698, 4.33741106250898, 3.5659202736125732, 7.598279789759131, 2.242379253309266, 4.679461547526395, -0.4900377047950354, -0.5138950282276624, -0.28971759115648854, -1.5929560814848298, -1.5975773648333689, 11.208642022570443, 3.7423187909868836, 3.013332351246747, 4.1083053921074315, 4.195674297625322, 2.633157898947738, 3.307045963271503, -0.6273342843039874, -0.6835536807272139, -0.33175650826170944, -2.374724434552801, -2.0089659091261636, -2.029745867281192, 0.04533931067408645, 1.5902696799042846, 3.4585365766345637, 2.7806080138961993, 4.869300782350779, 4.161289655393907, 3.428256786838675, 2.7279002202724185, -0.8635026385076112, -0.8457094456173055, -0.3161283954450341, -1.0174703863723613, -4.045518852265375, -1.736565266017582, -1.7721733770426238, 0.049037444998747855, 1.266763086418255, 3.6215569929233555, 2.9298374032164958, 3.9164646104629206, 4.874925368020726, 3.780522207564285, 2.0100133890618697, -1.0258421771670658, -0.24334345707228336, 2.484819473471515, 2.5790877012147084, 5.008545737014423, 4.0264493815039355, 0.9903794903695827, -0.25289151838324536, -0.3048652566318395, -0.308676558047121, -1.3246144217355613, -0.5092333178888695, -1.0650558823431449, 0.9716089900522081, 3.130046001171163, 2.6924670536552013, 4.352500731063612, 4.418949085355674, 1.0915478775947494, -0.2710200786417915, -0.33456377761104744, -0.24143578720278785, -1.3168425964107122, -0.5132663592088115, 6.65197187163745, 4.893449826910683, 4.16647634622048, 1.7686088491117713, -0.2960003692263646, -0.22988131181804436, -0.22096490622726261, -1.5725608794963364, -0.1741433825643533, -1.607500453146639, -1.6115824999755286, 0.9580721484668477, 4.2950709853939015, 3.440866153228235, 2.570206646817863, 8.612598849519836, 1.6895158941572386, -0.46117189471739406, -0.4754040227769101, -0.10403992424842555, -0.9935758900569521, -0.8286250706112254, -0.5741579420371927, -0.5884378411457837, -0.4401671554718893, -0.53240885844133, -1.98180001772588, 8.165946794273268, 6.355020801768047, 5.657159434895914, -2.4267204889825655, -0.3207953530923125, -0.2679973541693655, 0.08440327904433799, -0.11103337896722383, -3.0022798847259433
-3.750301232586191, -1.4895505716209283, -2.6297323527438037, -2.602117339572711, -2.5491521092360534, -2.693911439673154, -3.456333063902634, -1.5858459906486784, -2.2950134372734694, -2.141451887919252, -1.5635618970279677, -1.6031186664093322, -3.696480351870815, -1.331014666959259, -2.6903282304068274, -2.6568007010165866, -2.4783881295646397, -2.6598911635263485, -3.526931448911644, -1.6567007853451785, -2.3469757231723225, -2.2058261295296573, -1.6567330751990073, -1.6673123846643774, -0.49778808942018216, -0.5735273201708193, 1.8493903740661053, 2.484404931381164, -0.21880359186189483, -0.29327088328060263, 2.510255989990436, 2.7046539092835427, 20.312318315613936, -0.6885133853368035, -0.2930881062702042, -0.8283400869471136, -1.0249163661911398, 2.009832557961994, -2.269551990901517, -2.2438369197994317, -0.6226405278004062, -1.975260396973751, -0.846559805788451, -1.921173790851341, -1.896651136602216, -0.2722054537222126, -0.40971944691326234, -1.5551187125419714, -0.9365389000008583, -0.9689491797623769, -0.08605414678483109, 2.1636222952416397, -0.9348593506159448, 8.033206055789712, -0.5085077017052788, -0.8662873921893838, 1.2521773143315746, -1.273846451120591, -1.2927070099818094, -0.5326076044752275, -1.0670332797685063, 2.5496937082435256, 7.996169852918375, -0.5849117555350938, -0.40951097670426945, 1.4109695241332763, 7.465213867148953, 6.42800025577765, 7.072565051042084, 6.5113821627489825, 6.949563148043453, 6.87480960930527, 7.147732853024188, 6.4133849464382156, 5.880647522821026, 6.533791941959722, 7.130322358005664, 6.896697369315593, 6.735319075466932, 4.729471937237265, 6.093026448594982, 5.1099625845276595, 5.614597676124773, 5.148552826356133, 5.766558137391601, 5.553552200262729, 5.768278717669693, 5.212042787570219, 4.791819494792249, 5.243116451071128, 5.7516950380264875, 5.450465201020064, 5.374672450601309, 5.224894404957901, 5.993880757849556, 6.377969692777381, 8.43208249145228, 8.091611254046908, 5.160753454378346, 5.323021216020194, 5.207552151119139, 5.168663147684849, 6.597862887919608, 6.995965763453888, 8.990011765737263, 6.033795120443538, 8.099774964999122, 20.187047562303157, 8.653137942772014, 17.786051292949505, 9.974284818856546, 9.960015495209394, 17.02061796831476, 5.237042659376483, 5.713980319102364, 14.652255849344328, 15.13684018478939, 3.882279549034356, 7.682598959059868, 5.712125067587914, 6.124418452881756, 7.629516686800024, 5.557058816062306, 5.041974880819256, 5.492884545943095, 4.289293242313833, 8.05760940419251, 4.876721435225843, 5.317235899817184, 5.1228834693272205, 5.213548304817266, 5.075145041262083, 5.763629434660234, 4.113357058076467, 4.53238775248122, 4.2458682792305025, 5.693563860470749, -0.6449898653247618, 6.237633279761141, 6.777991405509888, 7.814740805373014, 6.726009229327281, 5.533930608580859, 6.080876757233751, 6.986784850465356, 6.666407849073592, 4.977313304929517, 8.833873895894884, -0.8521711598058948, -0.8216278159791409, -1.277414060823641, -0.8405429543285055, -0.8677252013157846, -1.234871187512047, -0.996569671069356, -0.9940901543601405, -0.644677459563051, -1.0103625745470968, -1.1405790730096839, -0.5058739565475401, -0.7409099218928242, -0.7117454783001709, -1.35167004086163, -0.7324362107719513, -0.7484323465541192, -1.3668803399663478, -1.0519681226193802, -0.9744560752230658, -0.5510355671170587, -1.068380567318, -1.207106093636863, -0.3333524670808589, -0.7789082595551327, -0.8691711552295075, -0.912572934263317, -0.42565093523146674, -0.890245470338139, -0.9484666003626335, -0.7103757418243972, -0.8351242360141062, -0.5758309464657234, -1.4866932056444468, -1.4214972548731541, -1.4933716525144844, -1.4431961477157325, -1.3888442186899952, -1.4834772286092515, -1.412209759591394, -1.5163368651036846, -0.5437911463967108, -0.404449263732188, -0.7556355412552739, -1.5127658531288684, 0.6565726161943185, -2.3479372882532865, -2.3004834247473065, -2.914346140244321, -1.8535208739127098, -5.5743424673698785, -2.6256348178149347, -2.647692802725521, -4.308465069613823, -4.465000427423185, -0.6736635693138721, -0.7923992155371399, -0.12528916105570198, -1.2782259333532031, -3.2950432324930046
2, 0.15812329607009246
0.1656961219530431, -0.46978565790042653, -1.673093270301881, -1.8598428738311676, -0.40028627288904006, -0.635804307330174, 4.799395038933035, -1.1381537219629587, 3.583416572544015, 4.475698469529998, -0.6399681483232417, -1.5410646484869397, 0.12419232393839683, -0.5156571985854831, -1.6291902077708675, -1.8358761330792712, -0.40728532443543053, -0.6356627311744704, 5.778577696911585, -1.149213538769731, 3.9090297234770612, 4.792345915320179, -0.7711394422712939, -1.563275438421195, 0.008684041674271267, 0.19624620437469206, -2.0454280099386293, -2.3127371062660447, -0.18659797311271836, -0.6434379524942819, 7.840144549107796, 6.421416847151571, -6.089312812257655, 2.5045635571253, 3.7678153579559948, -1.9936577455030007, -1.468282905808898, -2.266107471284296, -0.43311079971103367, -0.4729554766897385, -1.6705969557478413, -0.11132500569247344, -0.47738366953021816, -0.4094101529550823, -0.4482663047269757, -2.2935906959970263, -0.31677127390318566, -0.1779551666677253, -0.1875120105511095, -0.13423345337287637, -0.20942469482684575, -1.4265028160249251, -2.840029111799476, 0.17435836141043315, 9.760484150838053, 7.738509167108021, 5.074364142917932, -0.28588224743146284, -0.25710216332062646, -0.26619865948813254, -2.1878064039594896, -1.297368665844101, 0.24080965949431662, 8.909700648463813, 7.117991662984658, 4.440293610066013, -0.17238979278031577, -1.9797848985501625, -0.2059293398810912, -0.3015442592619686, 4.136888088530453, 4.244840775184701, 4.600906982624292, 2.361067734277025, 3.891826113106794, 4.855415530224648, -0.050720756950818575, -0.6977597445336032, -1.3535781966176021, -1.6882867465103648, -0.13822474767257326, -1.8541375526180988, -0.222403670195048, -0.3105304836282381, 4.956286481927874, 4.629246498221382, 4.765832639481476, 2.8419294075193524, 4.318115253850397, 5.309842418137768, -0.04297151921458087, -0.7548977273751984, -1.290372478623161, -0.6924745792900507, 6.539652288241352, 5.381050616532483, -4.531984958443433, 5.496794815488027, 4.272996225688195, -1.2812681984802892, -1.1751935110273395, -2.103264999447478, 6.585803295722716, 5.593780103048089, -4.723147915268052, 2.954805418424911, 6.314669879415759, -0.8415968609335239, -0.9250099697274016, -1.995058631593983, -1.3152189155899254, -1.4195045879550277, -10.727594404359357, 5.906679116940736, 4.861218913150601, 1.4567357293108312, 1.4347766604045435, 3.9137567813129577, 4.419778693008594, -0.5513591145735403, -0.7019141462011887, -1.2498859697109925, -1.3917951138323705, -0.8209821230362151, -0.867937105742048, -1.9696472349748093, -0.2201988900843968, 5.562413058253427, 4.576951275081736, 3.805831817332775, 5.242002389087692, 1.5017233737451876, 4.141954592918287, -0.5578525555935849, -0.5060339601003304, 0.472646802222266, -2.0481323206779147, -3.285406023790941, -0.6591776366300425, -0.693073516650731, -1.2849771600436837, -0.15379872668763533, 5.820229232048461, 4.785018367440928, 5.047899046468874, 3.91388915970526, 0.7428863803908903, 2.9082260877312756, -0.6650399350252317, -1.2757197647985428, 4.033566972165294, 3.098667385034531, -0.9198017467212979, 4.5852652654755675, 1.7423391549025118, 0.1842071475169984, -0.7260157520051428, -0.6241539934364871, -1.1730478196556913, -0.1295911054927444, -0.6568104379347075, 0.16572567524345835, 4.945717127107248, 3.2984291295348926, 2.9768361807902393, 5.184898310192649, 1.892526699014557, 0.1395588762805493, -0.8188561220520246, -0.4881996338351666, -1.1495433300333675, -0.15606791744510792, 6.08561837692277, 4.868163649333721, 0.7164143980073221, 1.638086392519155, -0.04201135359427876, 0.09604387835605475, -1.4183127275212262, -1.7377567733793735, 0.5753605233422505, -1.3263222869930131, -1.4544598807225693, -2.4652118284437003, 6.803783963577743, 5.52245166424729, 3.0581936645831713, -3.014953355453354, 2.7685236327165885, -0.2597793163084828, -0.3042646427343114, -1.3521271065288516, -1.255584238595093, -0.9496470115426946, -0.33316709898440083, -0.35936183464693716, -0.9061917295421156, -1.5694777229988137, -0.07204562141827586, 11.575167163067947, 9.24930717248764, 7.821390206037307, -2.9603185970718378, 0.0641038774310554, 0.1747592141277547, -1.1974094671613926, -0.5205522855093424, -0.7526702062449763
0.4114131599492293, 0.2320089058104116, -0.6167106403070465, -0.5808305417052033, 0.08285553097187653, -0.11624233636590349, -0.24629144209709417, -0.8857737530527604, -0.8338428786305064, -0.7039897223654631, -0.8466971268071862, -0.9162697200479121, 0.49243557363327856, 0.707082782234477, -0.8577959555799072, -0.8275485247245703, 0.1736496453340362, -0.08019284125666928, -0.4955879555551307, -1.2711899451945612, -1.0603481198827494, -0.8931450643299225, -1.2712986303925011, -1.29429194576298, -0.8055638902440654, -1.1407629041865641, -3.8092594429285023, -4.596737373339151, -0.802758575001833, -0.9347656958815864, -3.9757710222555147, -4.101153978409826, -18.536004839795893, -4.16654303589456, -3.0423717056429145, -4.5905381897467805, -5.807450982250799, -7.824824277091045, -2.8390055398452527, -2.6329653884059714, -4.739116995281202, -2.0825179596524457, -3.6471347257815094, -2.9028790985102795, -2.710241708823893, -4.769696347355256, -4.3292103013031875, -1.8586197199614118, -0.6673090236968218, -0.7091951168812268, -0.6427138658043071, -0.7079692702905569, -0.5064438293558519, -0.14910593557430715, -0.4799704856240927, -0.5429414731004408, -0.7302687351422077, -0.9882776967448929, -1.002689879890552, -0.9123260920626368, -0.8291249420670025, -1.0004696753174698, -0.13570297196912223, -0.8202303568774064, -0.8509930363600573, -0.9018953519793949, 11.837808809929205, 8.240636794888585, 10.916738774777954, 10.025613607403084, 11.871192138635283, 9.960642006207047, 10.313148705482343, 8.219506508832566, 8.557454608236723, 9.540549191279009, 10.561392579420794, 7.1123788752053425, 9.281118390430503, 6.708161862372212, 9.78452951923449, 6.7124352561802745, 8.71451912158799, 7.98414689833046, 9.909474236534217, 8.182200524262036, 8.511435799050119, 6.856648737996903, 7.077460501535557, 7.78664467229806, 8.702031016906062, 5.854766292952641, 7.531619022063623, 7.537002783222304, 6.3381596255369255, 6.873248261703722, 3.9856147742833112, 7.879833923576078, 6.005970973530457, 6.314416075619369, 6.126828011756115, 6.018874139977072, 7.012351126691435, 7.574916859362889, 4.584623413467841, 6.901298818716145, 8.185843704085398, 0.07497373191149098, 7.071975052478562, -0.9725871204361636, -0.5990556917584157, 0.2814293095477134, -9.04664033990604, 3.6089745105250057, 4.165536166291473, -6.695844952566982, -5.971585256060879, 0.43027351284963555, 3.31172969078435, 5.437540497468649, 5.965729024144726, 3.30996550546698, 5.728968258779112, 6.99937287423118, 7.65305582731754, 4.234662890103027, 12.977727269384674, 6.835897205199039, 7.486370629187229, 6.881333144067896, 6.729921689994235, 6.938178327520825, 8.28108178872328, 6.481346537372696, 7.0101874781454185, 2.948826343082362, 8.614379943852997, 0.9021395196165884, 8.261136957164311, 9.04314429863318, 7.409915555225046, 10.341824465562018, 7.806867066601442, 8.601152421507763, 8.974920847826088, 8.315186470213547, 6.168895090403239, 12.918476455263974, -0.9343478708713878, -0.889288497607959, -0.6874292804438713, -0.9169326773378724, -0.9571579413209742, -1.2120931672388517, -0.5749518466394951, -0.2599844513623236, -0.30769033045170147, -0.7513978945811915, -0.8272441740491238, 0.1933399396344932, -0.7276039977710825, -0.6867411067810446, -0.7489076947484423, -0.7154991312364823, -0.7379553088520032, -1.4390590837856867, -0.6082951390369113, -0.19101327678813937, -0.13488122761155175, -0.8395771282554738, -0.9112425728791534, 0.4324714456307096, -1.0939216749582363, -1.3420171554074638, -2.0485262083931546, 0.48301031577298825, -1.467886053799218, -1.5967962107316889, -2.8821004780063486, -1.2353663515460769, -2.059287688161741, -4.01984721412152, -3.967240926224235, -5.351787070845302, -2.136795501668654, -2.0317965693747655, -4.89556491437501, -4.55843162856295, -2.577158095504165, -0.7430302694165553, -0.5250238095758802, -2.80894984092144, -3.075240590467508, 1.2357635464316936, -2.6636164232805997, -2.6011815147213824, -4.092855282263473, -2.2614634185686358, -4.942212110665263, -1.4955102414397066, -1.5969476844247683, -5.40523245772697, -2.317943598924455, -0.08941778069241672, -0.2743432400930166, 1.0337323164179102, -1.6311576078192964, -1.9106016963561236
2, 0.1380052413956744
0.987359252638591, -0.3994241417270543, -0.23545193719642168, -0.399576704304561, 0.04280218732504301, 0.09973882150071178, -0.4068299849322893, 0.2748677821690663, -1.1151064755165498, -1.0382936403555696, -0.565606001345831, -4.041895967903013, 0.9947018510844342, -0.4286370229365574, -0.2196563640112176, -0.3816013552904756, 0.04827121358502862, 0.08962635831073898, -0.5353694219939391, 0.47569583842648727, -1.0756991637909665, -1.0933442487402478, -0.3711012592565472, -4.0551427937100595, 0.5018305703213463, 0.5009603481383511, -1.1147526819021285, -1.2735240367047158, -0.5170692155183534, -0.08343702642774846, -1.3900265539441061, -1.0100285259795259, 2.020490936441788, -1.9504746953748493, -0.7441434628568643, -2.0825279366174585, -2.168117929665537, -6.905956006240055, 0.5993001057600253, 0.5832123607588621, -1.1227477622306956, -0.10753942830767009, -0.40682957687089105, 0.5986712470584417, 0.5751916864399467, -1.4863046381806482, -0.13928386314017296, -0.2561368389478485, 0.7766851990306418, 0.7603247246419869, -1.0548654335695828, -0.4356777450181251, -1.199664162889282, 0.2715379210522392, -2.086008581568523, -1.621710997083275, -1.671046753843169, 0.7814776533805271, 0.7807073168627835, -1.451322392853926, -0.6805949165326459, -0.21390629682439063, 0.246789035295587, -1.7847580123935607, -1.2665261240759842, -1.4507080379366797, 0.9319384359798288, -0.20340017764395396, -0.0903566721845419, -0.19186036377733964, -0.1245597334790954, -0.9827277293206873, -0.6917975004245169, -0.35922150494144206, -0.8429039336495031, -1.1093732686604139, 3.3799530580709582, -1.6237552684983394, -0.26034289523750265, 1.3453501980908302, 0.9374468005039077, -0.327100490766836, -0.08251480009818254, -0.17859577688057826, -0.1390311395760995, -1.0556527232511066, -0.7322290360995879, -0.35367962201627867, -0.8267592221384261, -1.1971621823980783, 3.3105862001840656, -1.5620692610988645, -0.2236879510185156, 0.17168777906389357, -0.7631196703505712, -0.5733700350349888, 1.2037399024788884, -1.518840057326329, -1.195409073761706, -1.1094298320502116, -1.607282425942539, -6.142662743159391, -0.7996138379080938, -0.6144431705644544, 1.9667389547447676, -1.4002607835749996, -1.2709919591150647, -0.45081826792813223, -1.1893376783903515, -5.799689349092183, -0.9586139911580998, -1.0443282065335528, 2.8073825796339937, -0.1679626052869014, -0.20985922894915068, -0.23902976543842042, -0.13217658811336228, -0.7877744378509288, -1.6398474826522111, 2.0517389505679424, 2.0735269402641543, -3.7792487839666915, -3.3853245119631716, 0.2955006138205522, 0.26838144069191505, -0.9848229219348018, -0.38386501793700306, -0.16633557779405397, -0.20091778431577556, -1.3251223168985558, -0.9759960108310938, -1.6457110152331873, -1.2953443712927604, 1.7208758840918128, 1.6712087482986555, -0.7837906084505829, -2.55513036173608, 2.197055299307421, 0.26138752895418443, 0.26492070563022924, -1.0167631418943208, -0.2324510654362993, -0.6870915145956137, -0.5075441237141899, -1.3463887658253875, -0.5536221273131012, 0.19257787942666962, -1.0593035792350052, -0.37129939776234683, -0.7811255982778358, -0.3796653546867784, -0.8077758110508506, 1.150455371324284, -0.5504336509117814, 0.3160258460855923, 2.7895187836903172, -0.8715341750160799, -0.8142629774447407, 0.31640060096509526, 0.33238600944608543, -0.35460983819264846, -1.2940704326220873, -0.5203762968240642, -0.8320951366985311, -0.023497337508657914, -0.5272552118048319, 0.34655293089083195, 2.7194256554566456, -0.8329980381889255, -0.8880367429603848, 0.2812870993629188, 0.2663917592846964, -0.852830961017272, -0.5785893742238709, 0.25897193146622444, -0.8081866983437915, 1.8140470639384452, 1.7802474466450344, -3.946290000999072, -1.5087933667347522, -0.3523383502359811, -0.9662020313738242, -1.0808200552179725, -1.8704691846484849, -0.9755767366446109, -0.7246375044104919, -0.820742699905093, 2.439064195864435, -0.287399781507112, 1.8172349896874334, 1.8705404462215423, -3.8512559827250903, -0.8637401172579339, -0.7143658462404703, 2.414306349508434, 2.437464125193151, -1.8350651254808676, -3.1445907212735076, -1.5798852493944224, -2.3134179539000534, -1.6302074122431616, -1.469221529910969, 3.491265722035135, 2.387161646902335, 2.430235406712758, -2.379301721355531, -2.312171025926997, -3.3565292490886085
1.8920039543935692, 0.47115700839744, 0.8082915822357889, 0.7540503252323802, 0.8848684047685458, 0.9131191428995413, 1.4478261579317004, -0.26455591125603706, 0.5973202577656168, 0.3895272808516699, -0.23442942970775305, -0.28811279221816083, 1.8759503758043767, 0.23153558957536288, 0.9636988698363707, 0.9042952133446753, 0.8666245137840092, 0.932122455803042, 1.606657959133924, -0.0010637857474660394, 0.7475201702403464, 0.523827194183783, -0.001109441150445995, -0.009206554767275988, -0.5726167552545606, -0.3687982089680302, -0.817043146915518, -3.2027299797990305, -1.0341665216069034, -1.1249807781644, -0.4253022450108399, 0.08913793705894002, 7.169101766692073, -0.5863571563787675, -2.2058779422963126, -3.241864142740938, -3.6659716900974484, -3.0285250385426052, 0.7160503751218104, 0.5858627539297153, -0.2520057783736464, 0.35978427728015405, 0.33447353337428903, -0.5296699309139296, -0.6454724928748647, -2.711930918162279, -1.519386699706503, -0.4346480712026644, 0.022505739719156904, 0.0234072411462255, -0.7011674934749492, -0.17285688953212755, -0.06535069051889747, 0.442278360801236, -0.036420161273588485, -0.07738548917088857, -0.34680846827623446, 0.5319608399096755, 0.5125767194460759, 0.24791422622588002, 0.01135289477106239, -0.08121163763602415, 0.4687628549753172, 0.06558774476516167, 0.045801318885098835, -0.23446988154613957, -2.631895710264253, -2.1324596017221786, -3.237357340342521, -2.7197353265878155, -1.830549076916689, -2.3544073601345072, -2.430399450574128, -1.6572514580267006, -1.157499701285577, -2.3376275908966195, -2.4140888649091075, -1.5346750784158019, -2.5791469150466972, -1.7578434535355039, -2.118951706565304, -1.6949198958370995, -2.585912356066936, -2.055469450848065, -1.5901580752109012, -1.903564526479141, -1.9591017836196725, -1.3499202031624329, -1.0896445133760908, -1.7947337988524652, -1.9129272665840447, -1.272113352012284, -1.8881339477621195, -1.8903800023891164, -2.222914223321849, -2.3657731388650682, -1.199706469106724, -3.8926967961756374, -2.0884374956032588, -2.149489603351642, -2.1015200484437724, -2.0917310525790427, -1.8831862824353078, -2.0501866399626887, -1.4595934642803308, -2.0251754282387227, -2.1591559031167398, 4.4444808217720215, -1.0742682132418426, 4.279046677298161, 0.4439091255533007, -0.03625595842263828, 4.186741501555045, -0.8542206409555576, -0.9901343797807388, 2.218457688859912, 4.097359010001255, 0.18028347078723567, -0.6766213402983201, -1.7139498699829399, -1.8423389683110423, -0.6934458787219471, -2.2592485247337204, -2.254996520820193, -2.2927437311407752, -1.7221458875137374, -5.311067677827104, -2.0729230998684693, -2.12621367066804, -1.9790203188859519, -2.647590515535045, -2.7365939588392654, -3.3569690071530043, -2.177820610872802, -2.234941302322089, -0.7799864293006518, -4.002528875638013, -3.51531713999741, -2.6845299599926533, -2.939569799058224, -2.3316371321768252, -4.094296580428899, -2.585772185920983, -2.8572121278651426, -3.188735916613651, -2.6203509813834907, -3.255741450543304, -5.058238239787721, -0.18004737394674128, -0.051160585660168185, 8.295018814035636, -0.1282215191456441, -0.24424128945083462, 3.5479279976768505, 3.0657626188358873, 8.122937714938908, 3.544503747983939, 3.599171136990898, 4.496596801899274, 4.386199391659044, -0.45068130689693053, -0.27470206253615925, 8.731945227174934, -0.39654466323272997, -0.493631262180116, 3.6360915590852696, 3.2999700758206383, 8.34892760010052, 3.5386878643447615, 3.6917293571497303, 4.632899236232139, 4.0796776796951235, -3.2730121799759666, -3.8952901598110543, -9.441172586336355, -2.6391479531783615, -1.883114121213561, -1.8934080915565572, -11.715173446122222, -3.346816152144138, -4.147916493446876, -13.290992005492754, -13.68537575211612, -22.440128688314434, -0.6555313056691072, -0.6375917075667108, -19.40313856384404, -17.788069319165935, -2.8065440933781534, -1.9837826252945618, -2.1049576050833143, -11.844701657201034, -6.332744955366435, -5.638686356452639, 2.368852779273464, 2.237225356397607, -1.0098246301767984, -0.5987957841829173, 5.229428884033325, 2.6633963596368826, 2.1942093601052597, 3.946326971557574, -0.9695426768807212, 1.1388225567231887, 1.3850330230516943, -0.8177547793384152, 0.8399241990548854, 1.7089076057278432
2, 0.1355011405351159
1.1158357035378834, -0.5181986185902852, -1.125617043181362, -0.0993152607473295, 0.1703260538995649, -0.2946782033595537, 0.23987131487900598, 0.21794311208559508, -0.9705394706599197, -0.25791270572839076, 0.7103357289125847, 0.5468094342922806, 1.117012962023308, -0.568775993763809, -1.0867037361363838, -0.06453979455583322, 0.1840420896457597, -0.31386580568241845, 0.2472390803575597, 0.37838183755980614, -0.8378424735815807, -0.28616734575017655, 0.741807239826925, 0.5770680584861195, 0.540214000111863, 0.58176592514496, -2.386735814518838, -0.7605539202974312, -0.2259753739788892, -0.543120586894004, -0.28891868764767636, -0.09914534832486402, 1.2799371115688059, -2.8965435166436837, -0.07377099374136288, 1.4698301275336056, 1.2597425128007806, 0.5488670916043613, 0.5458237961109071, 0.5107084989744168, -2.0110712304597578, -0.07859861767362489, -0.831330140454514, 0.6056101209691593, 0.5636223421709571, -0.9494949723537578, -0.16488612153655885, -0.49598216977337845, 0.7795141894208624, 0.7626611981637801, -1.1566477532170045, -1.4091081724449916, -0.6915490368780751, 0.3082850192577438, -0.4047756574469393, -0.3434038887369042, -0.6834600683151871, 0.7874735770606529, 0.7978170123503792, -1.9119608092911846, -1.8553305004934428, -0.1379067275672592, 0.3314706465032758, -0.7596407005715281, -0.3415925987591203, -0.5687976058412064, 1.0048239039145677, -0.6110940961701635, -0.08734572925877174, -0.45764685369707814, 0.3855919821576844, -0.39090773444198873, 0.015385472943340967, -0.13925798187475202, -0.429149691079125, -0.28140191176909757, 1.388249307502426, 0.8088576426238896, 0.256143896275392, 3.568140000557506, 1.0222347220090866, -0.665285439911729, -0.07836681911735636, -0.44661388091173476, 0.46839778114894465, -0.3983681500115006, -0.002851380903706041, -0.06163542734118388, -0.28885444753050127, -0.3237023334519423, 1.3632986015245083, 0.8386170786111304, 0.22765239021312184, -2.232056276649187, 0.16785214212386404, 0.1803725030567735, 0.9185250523869963, -1.5297220078825091, -0.40396993313565627, 1.035945478583148, 1.0627084544546752, 0.5848233737076409, 0.07113343955167446, 0.14065808386265252, 1.0327534625202377, -1.4316291969736357, -0.2202364241880152, 0.7913114426658303, 0.868679951539268, 0.5588283793589042, -1.3156318964942217, -1.462684463162484, 1.2977181280647874, 0.5125502464946639, 0.31206730019089146, 0.034691023975715995, 0.3756204617280802, 0.9167785279425649, -0.7214399904909278, 1.0658275378984363, 1.1083517435150996, 0.6846747367407079, -21.60156925337053, -0.021264676685383933, -0.08048983230959611, -2.2956144839546355, -0.6690990314409863, 0.5399698649520069, 0.22864134134754505, 0.22779504006377163, -0.14236963040657985, -4.259328927571767, -0.5185232441051697, 0.00039376653071269, -0.06328948075727435, 1.6601969797428415, -2.9218489401930676, 9.720758416982862, 0.335857335757608, 0.33599076225476315, -0.7060153492350377, -0.22229959639755836, 0.04128813730103928, 0.12479694110263637, -0.999284153185405, -0.2728434873012656, 0.3285385431443819, -0.49624437517056413, -0.5570876577796002, -0.5140718086536974, 0.14203508941361737, -0.4778041675735644, 0.7467071335616845, 0.3885276340387348, 3.181047925491833, 1.0839242066923214, 0.35431334464393255, 0.3350539373371202, -2.87537980674626, -1.121922908686134, -0.5219364041242112, -0.736239513183703, 0.10073866261067016, -0.4718054559448568, 0.28635201749638867, 0.5154350773303323, 3.3883575895331957, 1.055276460484373, 0.366306186872023, 0.287613735331196, -2.9494429931153445, -1.184870460596055, -0.1976460021440664, -0.02414888456792393, 0.43318273938584395, -1.4303736937974232, 0.7748754917543704, 0.7626555687591073, 0.05674957250685589, -5.475316779552704, 0.9869739860704786, -1.326189363236945, -1.5104111107184088, -1.3089309420700845, -0.15259951266983462, -0.0017127145720465349, -0.5089887085448592, 1.485237052461911, 2.9748337687742, 0.828564165720459, 0.8618082047203053, 0.18276133223715774, -0.1406977492378129, -5.051371288797888, 0.9773389599952962, 0.9983655600296241, 1.2232184052391764, -1.0064944492248544, -9.384650569042773, -1.0046906505086248, -0.44570209456912707, 1.3495316167331224, 19.02107490991408, 1.1662445587774795, 1.218625766478076, -0.5579792239858525, 1.8290427130035027, -22.356667174304746
0.6817184112813053, 0.38375958555362083, -0.0010653831510218292, 0.07967927792522712, 0.21277081755052288, 0.11725706531331805, 0.4128050876818867, -0.24176849690037686, -0.2938167088181677, 0.03358549659673407, -0.22498727309104563, -0.2548799633150423, 0.7078912136430543, 0.5494899182020375, -0.10264085588899695, -0.03135182768470976, 0.25383323323914564, 0.09311539155303755, 0.305200458505356, -0.41488232405295905, -0.3819920799261743, -0.05415560742586829, -0.4149316001760548, -0.4248832708086909, -0.31516836510623797, -0.4492821513517024, -2.5967247541189913, -0.7682700658905169, -0.5443368059058757, -0.9556630401791083, -0.9647795786171675, -1.1020167207674398, -2.023865979844292, -3.3726137241006597, -0.7047079923163546, -0.941645831802005, -1.2604909468189631, -1.3880734678727538, -1.7065091226816653, -1.6057033357531045, -3.538308069842289, -1.459539278826542, -2.2694668778190143, -0.5401094907995809, -0.4445877113548378, -0.9226051757796311, -1.1068446172484345, -0.4073587576565884, -0.06212348661575507, -0.08765784539874213, -0.04783798864454439, -0.2418590375139108, -0.1819077027845177, 0.20190877978154076, -0.1535306502773941, -0.20263559554463645, -0.3082858919468155, -0.7182290718529644, -0.6931373509123396, -0.8161869138159414, -0.704219074145647, -0.7198431826706871, 0.13841609772373634, -0.6826555791338211, -0.6668686314415132, -0.727705445091568, 3.5746834612530396, 2.135290974862882, 3.2157055895161935, 2.3272944563361575, 3.7239237917089967, 2.9078552087419616, 2.8766252787593456, 2.228128438812134, 2.0452919774121856, 2.544774372871004, 2.8946785262477177, 1.6894035015005286, 2.414582535085807, 1.561975385925911, 2.959794939871451, 1.7342680868754892, 2.6134263465123135, 1.7726317672452918, 3.128099863888034, 2.395555829379721, 2.3800643246516975, 2.043280585171919, 2.1370421300491174, 2.0348947509083577, 2.3637623594764428, 1.4038504804884286, 1.8885211366274666, 1.6949177542953733, 1.8195351367021588, 1.9896086390785748, 1.6958982121956272, 3.3614602681813803, 1.1798427426645988, 1.355633258411202, 1.3262031536977708, 1.1814025858298602, 2.151223157920503, 2.3353472480290107, 2.324340255761873, 2.0863981419744584, 1.9117241432153245, 2.39111527969126, 2.533110490096135, 1.853439563577916, 1.090633304706652, 1.2495991870273753, 0.08159962789501252, 0.613147711401794, 0.7064040264761574, 0.6135978791981995, 0.1074296924644324, -6.64004752916466, 1.2061896724904053, 1.5678968753746727, 1.6453513443223253, 1.1922417538238401, 1.4754562168214036, 0.8653916726735263, 0.8213401575810522, -2.0574839583985294, 3.727214880849193, 1.2673622837747787, 1.2430767930072648, 0.4357890231716087, -0.040999258139226134, 1.6222718173673627, 1.6648390676154972, 3.135379476527087, 2.905467626284885, -4.243828507811435, 3.4845979619880576, 11.369664421054935, 2.305973376250603, 2.55393209614164, 2.3123571416870674, 2.6283482029976306, 2.1194962740209498, 2.3722185521869914, 2.4777742492194963, 2.39420609470103, 1.5923769359628024, 3.3204339343924083, 0.2527591464080475, 0.2130158489932788, -1.8613079682112148, 0.23693742048569813, 0.27263707238323287, -0.8773664641071145, -0.87311691199154, -1.7745278137427005, -0.7508527483766367, -0.7924524047840099, -1.0790348539022065, -0.6208076339769951, 0.4462139129966508, 0.3852317676038263, -1.953630378909449, 0.42767080316048334, 0.46127346311937883, -0.9556961282412436, -0.8905981979649948, -1.8043302722140961, -0.6737781560826162, -0.8733077685694166, -1.1000498574715059, -0.5629832797211232, 1.2132699429335638, 1.3123232512008352, 2.7380853734429715, 1.4634875427531155, 0.43488532941766717, 0.3717164345289107, 2.9324612056830017, 1.1907624558869572, 0.35201793061272224, 3.4498704978788557, 3.5871190108136024, 5.787041706504963, -0.09894408962449854, -0.04243947335424604, 5.0184697988083, 4.6040857499444146, -0.35637024217953184, 0.6025751689862622, 0.7186129250574852, 2.897092305371859, 0.7728822356017312, 2.6007637206718264, -2.342061948056289, -2.3164743992516015, -2.576172695783476, -0.607480184737697, -14.708534479984378, -3.5553857873897488, -0.03953680361619406, -15.29718233777027, 5.7041272160523855, -0.741025823047373, -0.7787154307980155, 0.8250810618025025, -2.1933362915786314, -5.8733755447101
2, 0.12400335503177905
-3.616962075051551, 2.4012656846748444, 2.776011068175713, 3.067428137464568, 0.6312673284293382, 0.4500362493489557, 0.027472499062646753, 0.22755079551715324, -0.4669050272130556, 0.4664197923750597, -0.8508624966632784, -2.491962129360998, -3.620840728555878, 2.4392361197989825, 2.747406099066385, 3.0423616944101983, 0.6422822947872108, 0.4494222069785271, 0.08048037851830864, -0.20855462149024692, -0.3683595704761301, 0.4520815743581007, -0.6734264119820068, -2.519960911214126, -1.368678902784672, -1.3938538226825286, 6.269654519768173, 5.521032917590407, 1.2186702452765237, 2.628043909810032, 1.3420427928793315, 1.073277426212878, -3.2986823688868907, -2.5974529280662653, 0.8535249207430021, -2.2811045062195614, -2.3622124660663553, -4.150432512695666, -1.244216418093233, -1.2352371392192818, 4.847652210415807, 1.498078658452111, 0.6926783551465621, -1.2432966809564494, -1.2017118628250882, 4.4693959389161115, 2.3550289123461523, 0.30666661311004656, -2.243428353166174, -2.2502035353187955, 5.198164653750271, 1.6016766578255022, 5.104448381610323, -0.7489971115821378, 1.2430649300558823, 0.8777116548202587, 0.4341302732148283, -2.2567418543655697, -2.243126878067549, 3.26551026200645, 5.840129903789398, 4.736927222313276, -0.8518093762363543, 0.8661103937230222, 0.774738414017074, 0.5975419500209749, -3.144919792595364, 3.1521106898578886, 1.4618845796455815, 0.3465218468207979, -0.3521465698134018, -0.8364336442121726, -0.26350810623264836, 1.0350861983195285, 0.3970836308622955, 0.6419018774914392, 1.7614315288754434, -0.34859329075541784, -1.1820737131931378, 0.48235461883473457, -3.142077042956637, 3.1488610026737462, 1.4548952593260882, 0.294635359788307, -0.43699809294169123, -0.8053669104897936, -0.20924848577059127, 1.1620418595894364, 0.5079872101149848, 0.6411375789703363, 1.7274125545978114, -0.27481208227411413, -1.197740856732103, -1.680223645555983, 0.38189544224740263, 0.27494084515053474, -2.245852018579626, -0.8353250025161232, 0.4938768828571721, -1.3559055551167205, -1.8303573669901205, -3.7212436119456864, 0.45171444387951376, 0.338178241088864, -2.2260567285359665, -0.9642185781687577, 0.6751507788283707, -0.7569847975427306, -1.4049996634413995, -3.5152023833354478, 6.9698031427961, 7.066346499925294, -2.920869358452998, 0.5426742292191233, 0.30800363317042256, -1.4369726474804014, -1.282717616813933, 4.612274498955331, 3.498348614241697, 0.811771394778869, 0.8407497048262289, -1.3790695152890953, -11.893487287366737, 0.621801957830194, 0.6216142998492998, 7.404865282730217, 0.6960487795473722, 0.32655171249908715, 0.11324948606378772, -1.2053358231813471, 0.25519923145755297, -2.776500450248644, 0.7034923337338762, 0.010783613477061556, -0.04728481992934206, 2.775561478089711, -4.274681330773851, 2.5611209749332073, 0.6751863424519468, 0.6273269680339096, 4.562038263706013, 2.0991186234813775, 0.014653650920045832, 0.04152815315513952, -0.8051985932319577, -1.1327274925799724, 0.8610671804831483, 0.1323986358184663, 2.9278091398286525, 4.1111144297422015, 0.11615730272447554, -0.519526608901189, -2.0688392425619306, 2.5931844061131892, 1.4463350988852908, 1.4655751380468405, -0.5804354203191675, -0.7077244059649596, -1.5812874848418916, -0.4562542922840559, 3.0560631699981284, 5.102257966896889, 0.1620174671548317, -0.49237852153232053, -0.7146410231252862, 2.747666875271893, 1.5627634619405504, 1.422540899788958, -0.5364693499138279, -0.7713981105051199, -1.6053489341635394, -0.48148891574547836, 2.078763867655292, 1.5645262369087578, 0.9640538599495686, -0.7149390244177889, 0.7858418690453142, 0.7544007301066912, -1.7650910296414013, -4.370872401260292, 1.8792475003756952, 7.026916848561508, 7.275318455903222, 8.542236622847804, 0.35340367328290423, 0.31292891906980824, -0.5422959136500687, -3.920519049788241, 3.6043228047461637, 0.7109529482281152, 0.7609308602073813, -1.9566752470501665, -0.698939264159582, -3.4035876601910653, 0.9796827036632446, 0.9819255587333839, -0.21730518481257483, -3.024799410383692, -2.9386646794952114, 1.676015941322245, 1.4135590502038013, 8.124564701748188, 5.936376249343255, 1.170641069484659, 1.216674765646389, -1.9743119466979817, -0.2022471987532553, -9.037124127645066
-6.197460264359301, -1.9302913453929862, -1.4341173488634, -1.4544911437384964, -2.1376558296799626, -2.307183779998564, -4.424874516929797, 2.1043791627820667, -0.06257136342634827, -0.0849570772474254, 1.9564343413139174, 2.219974023607556, -6.207671023881812, -1.8657095566053616, -1.4798550965765398, -1.4718851831707809, -2.1543197143726185, -2.3371777036054184, -4.481236412528032, 2.0334835844685055, -0.11309134812999316, -0.15336390114844453, 2.0337903988761012, 2.0941427919005897, 2.615435042717156, 2.5632439982736033, 8.44979469086808, 7.478025555457647, 5.132916964867201, 3.3689974674901273, 4.918485395782778, 5.0384116422469765, -3.6224768659249196, 13.01602783366421, 8.071734961742553, 11.988478635682428, 14.256113215173356, 13.986270798412342, 3.6623740634215824, 3.6564723876109357, 11.017755083640145, 2.6331632402945395, 7.844368528636563, 3.378945849092539, 3.3709957074004784, 9.064809675423785, 5.7358866233505355, 3.801351890589366, 0.9608618954509042, 0.9899148313926266, 1.8013385743849912, 2.6738369563237643, 2.2124200823765725, -1.3446886925676718, 2.0445780782710794, 2.279858105808859, 3.3884682388351486, 0.971663255795732, 0.9948232673501709, 3.489980394516171, 0.8344282450917209, 0.7795332797728058, -1.2785902491297614, 0.6300217654600945, 0.65461111395512, 1.269349762805737, -1.003002750207059, -0.014448837458733887, 0.349120669006321, -0.08920521847303027, -2.0580059645354853, -0.5566544806379772, -0.4517936041655787, 1.30904747556936, -0.22477192607171725, -0.2143551596963156, -0.6685320384752901, 0.41662461873337553, 0.6625035573388122, 0.021022711325805837, -0.9014228141966535, -0.001741958556170119, 0.23333051721111253, -0.21025061851454682, -1.6927976140601395, -0.46472108843640453, -0.4262901891959174, 0.9015145240685406, 0.04607131141277035, -0.27290452428520734, -0.6424194886220265, 0.39383377529432645, 0.3467971863521032, -0.07820380327722351, -1.7123546677759411, -1.7442394499608944, -3.478629766763763, -2.056228304961482, -1.521023297957628, -1.5002217233682424, -1.4697819718280838, -1.5224377827425504, -0.7455909491421158, -0.7495418837607314, -2.4986733976265407, -0.025990414649539283, -2.318629236725461, -7.471849881767428, -1.8773482329480773, -6.742090275327247, -1.3664782418564718, -0.9166947340000915, -5.452357518009131, 0.7021711722905921, 0.8980859870320045, -4.6760564607753246, -3.5628543835943707, -7.164523022661841, 2.1022096146598535, 2.594233237799684, 2.763598482176346, 2.2028579038894573, 4.438918804773457, -0.9231089318129728, -1.053188935064636, -3.7996304187055183, 1.5570398148171376, 0.24399965137969676, 0.12137344328113053, -1.2801358991674545, -1.9823933039133497, 6.188570725344922, 0.2640969874596159, 1.528972804887037, 1.282895933569589, -5.20375567707873, 7.145530714589465, 4.323473045814895, 0.777147596914635, 0.8070354505512358, 2.046143964936618, 0.5762317662643104, 0.6406948939546883, 0.6833648274821523, 1.0748936488094603, 0.9863833406037976, 4.335664171486909, 1.616864230168221, -0.41618623932067966, -0.36019216066670295, 2.3730002092962446, -0.3939435999837976, -0.4442174655952133, 0.668953222214406, 0.6603680447774826, 2.2693908692788334, 0.9944667780993287, 0.7819718191556384, 1.082649526934954, 1.3116296905788303, -0.3196560319140344, -0.25795277350573953, 2.53844158108506, -0.30079506988114263, -0.33481362199702536, 0.5627078526587594, 0.8197434725176088, 2.337692459035745, 1.1307129072611812, 0.6717671042933628, 1.1349584956121572, 1.1997440813300966, -0.4053870751704277, -0.7599672088910594, -2.573245554166227, 2.195778548641387, -0.9599138274170587, -1.094871884154267, -4.422276933022221, -0.5760870697033927, -2.954763424031169, -6.402380848343744, -6.43018976264211, -10.081400461705032, -1.573494802515818, -1.4024678843662866, -8.839090491767548, -8.125801526131488, -3.238347438067254, -0.798565269360255, -0.6853771999740674, -3.9351456554696282, -4.443450149637155, 1.454125891689394, -1.243357432335791, -1.2955952066746756, -4.766917902113277, -0.9358271188006748, -6.808465923001533, -1.7888130542008163, 0.18543060345385157, -10.778938233985937, 2.254388950692136, 0.1785008760844646, 0.2883386823873779, 2.1478554024187404, -2.2939347621576154, -2.174112850993471
2, 0.10769827578550285
-0.2357805587129212, 6.61005628549849, -6.186484416551278, -5.372037922576574, -0.5600063288179687, -0.4439591423378472, 0.5866120125235098, -8.78282508491003, 0.7218653462135078, 0.6095453894563783, 5.225784424211808, -1.0951877947767807, 0.028607527295210457, -6.541982046730112, 5.94222006799385, 5.789689637441251, 0.8007216200497064, 0.44257929120734923, -0.1325915549328019, 7.460048605162332, -0.5480233128033505, -0.014718637822159071, -5.085599726008377, 1.0365652015242734, -5.366809220378104, 5.232407081021724, -0.038891499975947375, 0.3423047841837264, 0.22270678418781167, 0.2163107833734608, -5.089555322844715, 4.688284386853101, -0.08240626101283118, -0.16540443935809254, 0.34411969689862487, -13.271300288556901, 11.97908741571577, -0.06328707554265484, 5.618333824990623, -5.756202729965452, 0.0013623077981176587, 0.10182959589304859, -0.038147222409623954, 5.568000266072079, -5.684410707900538, 0.19622263821786423, 0.19649975527733363, -0.08148514016092968, 0.6203518453176453, -0.7814422578009392, 0.27768546272243927, -0.058697328477557806, 0.25327898008332733, -0.04697649974696204, 0.0524051332770164, 1.1603547187062995, 0.34730993455940923, 0.3925595425854555, -0.4987197586058306, 0.03672090868975399, -0.00521097158458323, 0.45109936396680483, -0.05790104656734487, 0.33797530303729023, 0.3895714687846827, 0.37450912641947626, -3.579192434499228, 3.932423484154266, -0.2610045252070151, -0.2478078101639865, 0.6913636565378247, 0.7155618259452634, 0.9009097493950798, -3.7429023824863483, 0.20893423413642312, 0.09523213334888472, 0.43436231770925776, 2.003264630908456, -4.366075343498349, 0.37571351450959733, 3.3564560360892726, -3.8977118078994306, 0.5101728332407541, 0.184251444160077, -0.46972853025744143, -0.691035283109231, -0.16715371514455557, 4.512049287214961, 0.0902022550215485, 0.6162335796507376, -0.5204745318795881, -1.7196322822516998, 3.959267012323393, -1.011022813692049, -1.6093740045435327, 1.8188857931745703, -0.40971307275286317, 0.12807130240766137, 0.306171012402451, -8.50395975837931, 9.589436452871626, -0.10683430993349954, -1.1656756987140868, 1.4842450689470368, 0.24031809090474188, 0.04188620240536301, 0.40333978314227226, -5.555289553746368, 7.54887989160857, -0.02547646440015371, 23.61237528696425, -23.33832280984244, -0.27907236500952487, 1.5146141787443597, -0.625463247196581, -0.2121246617087017, 0.3145765792698498, 0.38720559750100714, 0.7518568098556715, 3.431433173939476, -3.650121504372832, 0.1089617096034803, -1.2407652318130755, 8.243573524900372, -8.26817493818287, 0.028129964377676276, -0.06127466126372812, -1.084171472434331, 1.2531360071424789, -0.02411487010543418, 0.3611483508419326, -0.10735365324807589, 0.3285749247913231, -2.841031054593218, 2.7576732945723093, 0.8206522142127294, -0.44998273060436694, 0.07875339382716338, 5.924659696106386, -5.603635933321992, 0.37387440124697857, 0.14419717886797034, -0.5335100554175003, 0.8341455695691847, 0.10445516670032248, 0.32455522241951096, 0.17333502721108107, 0.13504588001711657, -10.90392974812538, 2.5246091565517053, 0.8153686420535153, 0.20962404465572285, 0.564500129455873, -1.2621477562031211, 1.2196182136101714, -0.038155458656402706, 3.093216381347406, -3.2173562371711046, 0.1470322015183558, 0.09849668980353232, 11.581425193860596, -3.0959014153663134, -0.5934136247581611, -0.15954080665543263, -0.369773039607119, 2.3589528541421374, -0.8406840049295178, 0.010654207043426435, -3.0264459213486963, 3.0633048864904286, -0.40512295538157467, -0.11318567388515485, -8.12317679642903, 6.757025544826667, 0.03201666606133303, 0.012500537026524941, -2.722197516502856, 2.844642633892356, -0.05575757173880312, -0.4645526732014832, 0.4448181945390805, 23.810860426542877, -23.91577891862145, 0.15558082939843662, 0.9884015448657556, -0.2644330817042157, 0.04483129900982039, 0.7181274197023771, 0.3907065377405933, 2.6575347211983633, -2.795172716143587, -0.032097599728424984, 0.14652214955149503, -0.37965144236397524, -0.31531243140108073, 0.23616409352288403, 0.22638965374788578, -0.24099216392215228, -0.1200167057847193, -2.168921377643097, 2.5264853934360216, 0.9451546139882636, 0.23840606758398497, 0.16572615905993318, -0.13541129561066073, -0.1716585681156248, 0.1767199110850207, -0.5470492423147417
-0.15263541663353983, 5.808063242344965, -5.841746377870791, -5.750010931314127, -0.6706958647064797, -0.39564574035527306, -5.499677617582232, -10.684536409139838, -5.955272306522426, -4.3353166321844245, -10.260367470956693, -11.01544706914944, 0.2767822030936039, -6.119249934647865, 5.740044202098069, 5.699992710874554, 0.668137669843688, 0.3658495789038328, 5.450968799789193, 10.427387473755145, 5.785089175205292, 4.1384411326724395, 10.428181706454666, 10.599543426619256, -6.729675934544314, 6.546043970405479, 0.26553189203757827, 0.1512336813593566, -0.12556622195690337, 0.03990121572523519, -5.703309858665665, 5.932799408740892, 0.1154254002173592, 0.3333594053235802, 0.09213056266964795, -5.079154177684989, 5.680686890332421, 0.19599657276374088, 6.257407652536979, -6.0927275527469975, 0.4002359585564661, 0.06170264465804526, 0.0895403675603115, 5.697697695827314, -5.65971222838549, 0.15041864189568946, 0.24118854031244896, -0.09139177608154496, 0.6478225879289985, -0.6705409890955493, 0.028540031141274663, -0.09030987129088756, -0.10720864720872272, 0.04614400728883472, 0.45754012421576623, -0.6630100514439398, -0.11519875886173744, 0.3686752495656666, -0.3797573359091269, -0.09638848326064113, 0.021685371055915725, 0.09508374896482807, 0.03364275306824837, 0.34606726636576074, -0.2743471805871016, 0.06909117996320797, 0.48383914118832916, 2.286820779863445, 0.2060437171671297, 0.25487522027212667, 1.1913428739565872, 1.5205164682395633, 1.2002151572277004, -4.2066603448167, 0.29381578382425044, 0.10414872386086475, 0.9434649600211689, 3.5459983986785844, -2.1250324391870885, 0.7196330110651428, -0.3933546831076308, -2.021039462166808, -0.5617782767338579, -0.42215895871398856, -0.7783989571631312, -1.310145715303541, -1.0593415628521956, 2.9959680357231098, -0.3567651529462871, -0.2245840843870675, -0.8073803576612865, -3.1496269046255283, 1.4620942695790533, -1.016255809524843, -0.6303405955180179, 0.49075025477215456, -0.13511827312249305, -0.18609356627037874, -0.09955418151903069, -0.3716088863200978, 0.15084771415644993, -0.09712283893045212, -0.6188456716286925, 0.2599811243721482, -0.3019543791232508, -0.2208541496962408, -0.19307960444393435, -1.5965333255960545, 0.7389872232159833, -0.6822408001764476, 4.607693330979895, -6.116360377115502, -0.07327556358595415, 2.830332566454029, -3.543564349961399, -0.12868260416165353, -0.27514918726370485, 0.11236085737192841, -0.296791808046963, 1.5414535490573351, -2.3857210334553085, -0.33682160509243236, -0.20997037605145077, -0.3746815426939194, 0.060346977434077555, -0.022294680245178167, -0.6172961185551997, 0.08663244662316263, -0.36186231330467317, -0.12151455444180184, -0.1741772922157989, -0.04350828324891002, -0.28754469468911503, -0.6887092797045556, 0.34208917656722904, 0.02472777369383696, -0.24988025719178505, -0.08030093372142577, -0.3871426369568287, -0.19937084543054265, -0.4466024810064672, -0.41931100827887047, 0.04721862304505988, -0.5261013806034452, -0.3889370024087144, -0.30206177187578154, -0.1376782973544202, -0.5200399984954347, 4.499456751414502, 4.251522198212902, 0.8434867242506737, 4.40311350442014, 4.624696110508234, -2.7201144622408897, 1.7245255241099982, 0.04417849652244967, 2.7510807687121996, -2.6422405831770934, 0.3430238478529057, -0.09001420084451493, -4.694203614918476, -4.383214781429922, -0.7015006431727706, -4.601448441100587, -4.7724707667538695, 2.8660376722655605, -1.7848385320590838, 0.06570570562350898, -2.9160719853531525, 2.771824838266068, -0.31097523493235313, 0.026669137165707704, -2.615447851584485, 2.4784078809198244, 0.0055499015792718305, -0.22936644430312944, -3.0466549169341706, 2.94958444778737, 0.07634644013772382, -0.06729684114046254, 0.01809743942405412, 2.5251331978702836, -1.9512787817713457, 0.18321819222303368, 3.418646745850298, -3.1513689918904646, 0.14065678938902743, 0.08661962780054763, 0.11378894813472042, 3.1520330117032094, -3.080814183357716, 0.12382419371526796, 0.15208505206472228, -0.08589493616247248, -0.2533530093450366, 0.40029526890225603, 0.2478253763319023, -0.020751407595884796, 0.21693697817360152, -0.21477714946495843, 0.15291708678613403, 0.4086868110124838, 0.005369310367754277, -0.04534268833252538, -0.06464767552817678, -0.13748617042141206, 0.025349748820115304, 0.04511801388071623
3, 2.5843359850076317
1.884482466120297, 2.766235641587587, 2.9622545864376297, 3.0079929974088415, 2.929997209951495, 2.9491672965607383, 0.2372709043165706, 0.43677184877271713, 0.31054061619106427, 0.32114259468284084, 0.2189155856980323, 0.1386676676197653, 1.8869992320975923, 2.766823817795302, 2.9398798423040673, 3.023394815038377, 2.932986123744879, 2.952753447787057, 0.14854128982188608, 0.39366581552759394, 0.265693487612681, 0.2687198526962604, 0.21652564542819971, 0.1453572630423027, 2.702948192106293, 2.6983129100789154, 2.0369234736357416, 2.0722658292611293, 2.9185683372798708, 2.941639469796156, 0.3059418218212264, 0.5121037893891205, 0.48186016106704593, 0.33209548795663135, 0.32199536357060055, 0.4759824774887936, 0.4322997284364349, 0.15158409755883653, 2.8400128656749906, 2.8478359327871057, 1.8907327908971567, 2.0853132694696375, 3.151601344928145, 2.847799266352905, 2.8362148110545897, 1.8978166236938754, 3.2573299194243592, 2.059721557890983, 2.9137736465623436, 2.907208777992248, 2.912143272624944, 4.3706818516308, 2.7704770511152526, 2.1186020302030064, 0.289913142376601, 0.4988386197753447, 0.293453930846167, 2.9281671979981336, 2.922996829626196, 2.9044237153159407, 2.772471180208945, 4.841560291611835, 2.1219380269358523, 0.296014666352722, 0.5104516045230236, 0.27792556279885267, 2.1712519180155465, 1.8553620748135065, 2.2517684336249286, 2.1246675566130224, 0.25639708692594215, 0.29910289776450144, 0.3048086583830548, 0.4228556651271667, 0.4303261462014875, 0.4679483694460684, 0.15557288012841208, 0.17537683249589966, 0.24449314253478852, 0.15533993252115083, 2.17248110327172, 1.8444454795947032, 2.230610323111282, 2.1459983390391413, 0.15385841663988148, 0.27297291815386093, 0.26568973546669244, 0.3707517469018365, 0.37631123492318863, 0.4054472305161197, 0.15558871777825914, 0.1797720405174748, 0.24456870164124095, 0.15839164452916243, 0.1955401157516084, 0.31505375234896243, 0.4807417241302655, 0.4087575150195254, 0.2778932936667674, 0.3229858995059125, 0.3562984097774029, 0.15350804408715926, 0.1914697608233754, 0.32140800452702595, 0.4603156499858124, 0.27205758516787293, 0.40606716165078155, 0.23289062764275267, 0.2865372914206035, 0.14989434646637176, 5.229972319500721, 5.212750009597598, 1.7290779046012121, 0.24233750465512166, 0.4225065975997308, 0.212396834922276, 0.20749696609116397, 0.5187509130584964, 0.7175881211481265, 0.23724768695155093, 0.24373968851115432, 0.17243816591325023, 0.15612759689393801, 3.7095162223706386, 3.720170416332521, 1.9926832794096112, 2.1172581029205295, 0.2205658406439217, 0.3746791814242617, 0.24202802436819684, 0.32215065520097963, 0.39089638491317374, 0.3480169912343452, 0.30337097610518965, 0.3046344343851711, 0.24934055056726867, 0.2747541414394897, 0.17854721308570468, 3.5556498505151346, 3.576393953482586, 1.9163597522953886, 2.1832341667008865, 0.22450947372997182, 0.3896010632201688, 0.34304429745955706, 0.24207813834988007, 0.3457198987079431, 0.3095867123409007, 2.7974732940364455, 1.6695168260863014, 0.24213362107078376, 0.20908290044837247, 0.17444148273776833, 0.5066930216902897, 0.26690203841131716, 0.13833347286515227, 0.2113403674933392, 0.22038778570134057, 0.2149892184556646, 0.2251082458139719, 2.929622662865115, 1.5294526173639547, 0.14834709901897727, 0.20339295063912935, 0.17376180151244697, 0.43257363420452183, 0.24824646760067967, 0.13726810058019562, 0.21101788026934568, 0.21240946593557067, 0.21266272263540853, 0.22390739536006218, 0.27766530447490745, 0.4535212907203786, 0.3762691034364561, 0.21284755980839642, 0.21126420918901453, 0.21132295500050136, 0.16162910151665325, 0.200337818410742, 0.23655593492259325, 5.275417507227078, 5.308661825436697, 1.9349126319301155, 0.2545172548765713, 0.4404435041291416, 0.20658236873602875, 0.25773373436320696, 0.3744389483738839, 0.202207254440656, 0.20553212340681867, 0.15231176641539354, 0.22727880041695506, 0.22147466079690004, 0.21161902622734316, 0.21537463497270026, 0.24025652943931564, 0.17706592907096522, 0.17716736843938868, 0.4069281178180732, 0.6958220836703343, 0.8053424405882148, 0.2312935348278782, 0.21507989123733315, 0.215843085008094, 0.22896600395474, 0.2350308072824426, 0.15603818755526905
18.07984251957541, 17.2587709082293, 18.284519981865113, 18.283666210468887, 17.816838477806478, 17.924350602612257, 18.27826665442687, 18.06111760373606, 18.28577961655194, 18.237072942232647, 17.55462786040315, 18.45363380346929, 18.061441352874976, 17.218311695089618, 18.29479032005766, 18.293562081450307, 17.77484600020771, 17.904219114591637, 18.27433637303959, 18.07249155287941, 18.267648400865664, 18.264465151714212, 18.07306442314883, 18.281437266813587, 17.67787619465545, 17.67490639286911, 17.43841829337516, 17.374130810129575, 17.61897500383711, 17.573651377525202, 17.25419241678858, 17.305546164624392, 15.568863947295768, 18.307328927150166, 18.164638941451983, 19.530600002321812, 21.198541742950614, 17.915968029555806, 18.683209239813237, 18.697133055103112, 18.60316524741066, 18.547064077806766, 18.814991799502398, 18.612157614309325, 18.631322099404134, 18.543882650560192, 18.78595436744035, 18.541621994753033, 18.198220154149027, 18.21406201920263, 18.00928494305688, 18.274261822258232, 18.21780354499442, 18.362360654930974, 18.07478522623087, 18.093442576034953, 18.211981681914494, 18.370373390742166, 18.375042539780594, 18.34740393947105, 18.29307475690976, 18.3429240148157, 18.495175379536214, 18.290086571337177, 7.38297515778715, 7.381232510832178, 1.1803032089359806, 1.1734240379290561, 1.238805343197405, 1.1827431331990323, 1.4675498238481994, 1.1782251479759638, 1.186334454008268, 1.8437891589194002, 1.5200108292030676, 1.5647239984958847, 1.220777898992948, 1.188987062610224, 3.132958122966528, 2.3479767449278977, 1.872087844030928, 1.9574190803281277, 2.075513930604695, 1.9916346917291123, 2.444418785791631, 1.9188176233222447, 1.9287610063171956, 3.3130267078626723, 2.588331039946747, 2.7199927384456855, 1.9996096182996226, 1.9654852742725832, 2.7926350864299714, 1.987424422975469, 1.629305599496378, 1.45399247551354, 1.6915924559331965, 1.5618459335655535, 1.5953314214719416, 1.6503078977374521, 1.487500805000944, 1.5960509205740294, 1.683026426729613, 1.507167235361125, 1.7369740158739304, 1.6691119648577681, 1.5612312294339787, 2.6649527585954425, 1.2379229348374967, 2.0735544440616467, 3.3093404066617294, 2.926254854730455, 3.749370870690603, 2.6279809006484824, 2.178081021624319, 3.563548735620691, 3.582477803689479, 2.3180140314459043, 2.733837678564448, 2.677891611194919, 2.2213736596945424, 2.734160203903993, 2.540383150526015, 2.2386288488266826, 1.8675373908384736, 2.037972011193263, 2.4176296841129563, 2.5754043069442596, 2.202179308512914, 2.0373963052887087, 2.115560879690785, 3.169060440292103, 2.541216279429476, 2.4363417284299507, 2.0964384079514304, 2.067227711587081, 3.355165206634073, 1.9701261522217435, 2.373881783824164, 1.9422482998860502, 2.2944327859419205, 2.223587198110259, 2.7909788171176997, 2.3676802518917612, 2.227733511381763, 2.1734797718769574, 4.322730027105459, 3.3077194502225, 1.5602760209322664, 1.498036661923053, 1.5171896503336402, 1.5376902406170954, 1.5926098141464637, 1.5023950733894293, 1.524882002623895, 1.5305870440577003, 1.5724814727466803, 1.532192519745935, 1.5894297527914023, 1.6461787023725727, 1.6233862007673057, 1.5456820124793562, 1.5646824439116085, 1.6017535978910122, 1.6442456846833944, 1.5497291745862876, 1.5850171965657405, 1.560129564669129, 1.6098153344119188, 1.5674679917991383, 1.574003900533878, 1.596560144575159, 1.5888375936953716, 1.6020368140906882, 1.623656127981077, 1.620491692344132, 1.6039577704790526, 1.5836110704140867, 1.649090070629548, 1.6005441255792245, 1.6213126337989292, 1.633248922289308, 1.590333881189398, 1.6309484594441372, 1.5897903522882197, 1.5667599512704657, 1.629855420779686, 1.566717806301713, 1.604111828741327, 1.6877495645557674, 1.6839392625310543, 1.7394991022216515, 1.6128176521267774, 1.79559985708059, 1.5570014266433243, 1.563366268091776, 1.5754584622520527, 1.555429325534425, 1.623110793571748, 1.6369216549335868, 1.651399675571939, 1.6121842362433552, 1.7026191583632677, 1.6127975610703926, 1.6334308177568524, 1.6620511963325497, 1.6859583434221799, 1.7808719380007383
3, 1.0437436693804771
-0.23464305677184621, -0.3075687220245699, -0.3735583375752326, -0.38095031792011025, -0.36561664982948905, -0.367782520172717, 0.31515503619776747, 0.36166416913777927, 0.590271355220245, 0.3286420956364517, 2.786894284745972, 1.7929319327937865, -0.23242514886763438, -0.30903274229524447, -0.37030178448551804, -0.3825513111711721, -0.3655869156356264, -0.36669862791922325, 0.2080658434764677, 0.33444558553191905, 0.5515571963459145, 0.27816826191041627, 2.7042292535947423, 1.8780092272616016, -0.3082320355538535, -0.3160324176405917, -0.24653584886064894, -0.2535159331525378, -0.35382416761685564, -0.3719115278398478, 0.6046530413179668, 0.89197794608069, 0.3606436112110487, 0.9491331724891661, 0.3233773869642993, 5.936025890113631, 5.5034173740236945, 1.9694348813892595, -0.3508542208002093, -0.35264943537459736, -0.17551694010061822, -0.2611121600752675, -0.37989053852040594, -0.35194947448984326, -0.35128680245677263, -0.1722155041952004, -0.4036648590388594, -0.25223264456108974, -0.3547493496665738, -0.3570363105685996, -0.3206427062089536, -0.5532403999836445, -0.3441921353899187, -0.2749180749470881, 0.2477641929001975, 0.3990227592688589, 0.35437759709185207, -0.35393676627754767, -0.3556992324877895, -0.2946600852250085, -0.3464446812044454, -0.6213124721294311, -0.2727415751855037, 0.4049532678834067, 0.7100848198404026, 0.3924028610962437, -0.270550587180938, -0.174053220608912, -0.2796402366545892, -0.25890663638512523, 0.26102254485359966, 0.5465076155847512, 0.3863785337312392, 0.6645218566077293, 0.5743938110899339, 0.33436572124001895, 2.051240819454671, 2.236730089608614, 3.2286342339695717, 1.8870426992647482, -0.27013658621035197, -0.1808531853162819, -0.2763505605010735, -0.2612586301324861, 0.17249434642634312, 0.5142015252843561, 0.33298855438263397, 0.6115017816180861, 0.5246019723077251, 0.27665247555529826, 2.0440162500738297, 2.276364455945128, 3.2189713496492933, 1.921632163090973, 0.350078656147656, 0.4985814883921508, 0.39826432760625946, 0.7902092783579593, 0.30363615166378216, 4.0300538418952945, 4.535870112092039, 1.9946008403632296, 0.2680974512665543, 0.43401515776821636, 0.2997366293255951, 0.6352602852509949, 0.4235793425024217, 2.9082634544861325, 3.647769034837635, 1.9421738430932214, -0.614427616066459, -0.6158146005995825, -0.07561838871586375, 0.24945036650120325, 0.41075411156427716, 0.3627351078257626, 0.27376959214645047, 0.47048907709096005, 0.2724727001362183, 3.139923951297587, 3.216313804547179, 2.192794882159442, 1.9962812846430598, -0.4570510226880729, -0.4595277038487442, -0.24170553472695902, -0.2567974640837973, 0.355827587569934, 0.49446401035658916, 0.43327204012944215, 0.3721817322936235, 0.9078645079927526, 0.27284831942203197, 3.916799140848456, 3.962073188138868, 3.1564880407376106, 3.6291713983572835, 2.03972224965946, -0.4425215126548468, -0.44673510236797237, -0.22928785524079506, -0.2710999648654733, 0.22670557369382474, 0.37755376115808253, 0.6630822745853111, 0.37398830131958044, 0.3373369623687953, 0.4817475302371657, -0.33196637932915474, -0.1985629810993503, 0.3084044508872273, 0.39653891350225456, 0.1922879773695528, 0.5439596121175942, 0.6806531248458481, 1.7815956538227329, 2.674012487643589, 2.6098084563447723, 2.9454173951382527, 2.8126407662089736, -0.34537448622833655, -0.14954734480190265, 0.1919214139149304, 0.3898306033573626, 0.22430829978195385, 0.47514736637324917, 0.6623777643830531, 1.7478748518704648, 2.6501848671964923, 2.570949829726545, 2.908698624401292, 2.790634296154574, 0.43059930602658203, 0.7186909972188184, 0.3589026807958961, 0.39903835551021016, 2.5514409382672603, 2.6011807405968654, 1.8800843935171343, 2.780017221638106, 2.8377437963846224, -0.6197714742320742, -0.6270097633021264, -0.21240979206564595, 0.261806903636164, 0.43956330714733055, 0.39524342957036973, 0.2629420772969923, 0.40301362419030073, 2.6061096721798487, 2.662828003192772, 1.8755052206056988, 3.074373529050666, 2.819976691097953, 2.762487509944982, 2.8218797574105383, 3.059855974026088, 2.3071121851160195, 1.9897452008478664, 0.5760693856442693, 1.0093502474464295, 0.8454694857771279, 1.1675431224001127, 2.625818463993092, 2.676597139245364, 2.7556208451805393, 2.7038758918561445, 2.12696917597635
-1.9435614671399521, -1.5905535365790244, -1.9757941066185567, -1.9771636331304987, -1.8643628898003723, -1.8428275864885677, -1.9891843930752349, -1.882922518267175, -1.9697707822877537, -1.9846462987751043, -1.8304421760110487, -1.923590862917669, -1.964257477700748, -1.6544236040651807, -1.9707724572060676, -1.9715072898628871, -1.877735752794557, -1.8620920522972608, -1.9809181134119884, -1.8752231791090437, -1.9628487507286336, -1.9858282354375005, -1.8752809377149255, -1.8966035870797175, -1.7414856826980833, -1.7198928548473322, -1.5774402341463483, -1.498672842985819, -1.7132650323589917, -1.656435940688362, -1.5469268456954888, -1.5976844676321709, -0.8064411218199299, -1.9329809095683794, -1.9345740697273262, -2.065136615045034, -2.2278144369138113, -1.8316792853599848, -2.0822072830737364, -2.087018370048168, -2.026792624708294, -2.060203476903745, -2.1149271073232425, -2.0687479880115913, -2.0742097639279544, -2.012613854560116, -2.0905494569430005, -2.0658244938883454, -1.984305359278445, -1.9802164574892271, -1.9344492458882907, -1.9827575269899647, -1.9617342235126523, -2.040507030221847, -1.953767509761252, -1.9446939532020715, -1.9625146207917483, -1.9907911427588534, -1.9835241422411658, -1.99042887503043, -1.9370517720092855, -1.9645013409459804, -2.0425518577508304, -1.9465535060675445, -0.782973637297259, -0.784109007456131, 1.4288599713396002, 1.7734882135161076, 0.9675802353890949, 1.3982165799541062, 1.38200391470175, 1.687932640461677, 1.4739803210109779, 1.4417728722371939, 1.776822028694742, 1.2600372100604225, 1.4284719324178525, 1.721168693132682, 2.384002200396295, 2.9199682772431164, 2.3451096484519995, 3.1294573030415345, 1.5896789783918275, 2.3194915660241895, 2.2408870148407902, 2.9172444582205754, 2.449396684457256, 2.405146263029716, 3.1509358406307206, 2.064419834035239, 2.3508828017040866, 3.0451444475609746, 1.9589650713589914, 2.4794376501738733, 2.677574146838134, 2.368633864391545, 2.664103708687844, 2.455479478427143, 2.6793474029155133, 2.760449762878706, 2.4862494643046347, 2.68053878238623, 1.9073613674373016, 1.6559356696745176, 2.0483620347423055, 1.6362014001359673, 2.302556947912517, 2.798103344748182, 1.4653484388145763, 2.0712856093622234, 3.1878417870817786, 2.9297993488894467, 3.093102509931614, 4.358257442383581, 4.007140966067501, 3.620189444243638, 2.397350855431604, 6.682873497342611, 2.3955074975813906, 2.55744434888543, 2.243017110917544, 2.3933170329437288, 2.491476572771523, 3.6900373506903907, 3.168991181897518, 4.887307768520314, 2.7247648567745126, 3.187141307094434, 2.6823809373554806, 3.3852940784194208, 4.237661197384443, 2.3183581917150407, 3.4826348507020715, 4.633171014833441, 4.174862487137854, 4.789661470039099, 2.6375344498393454, 8.510718808535538, 1.9782719601505014, 1.661580687344857, 1.9540478585236227, 2.294960061258891, 1.777857536851744, 1.4713659874540446, 2.053110026956378, 1.7940770835378506, 1.4748048868541364, 2.1655750556370754, 16.975266695854792, 16.305788644759136, 17.454627204466785, 16.732635600675575, 17.323228821786586, 17.408533414166936, 17.11489930963031, 17.128245264568168, 16.673465002361265, 17.158399063291967, 18.098580622254435, 17.267172271042888, 17.562924163088603, 16.735488552128665, 17.95045272836476, 17.33298553068533, 17.785385432689917, 17.93792349377478, 17.733159382323525, 17.58907913434103, 17.175994029460664, 17.694286318250438, 17.86797201536544, 16.993704507141754, 17.696229683894966, 17.806036057040693, 18.10639445667735, 17.866844686178958, 17.87307920500843, 17.60783258057784, 18.048890507520074, 17.811294495851136, 17.645191191114748, 18.87625970180931, 18.316694433387173, 18.928137494694166, 18.218387795902753, 17.86457798143105, 18.877745450259777, 18.108088508482535, 18.367327158252813, 17.253587575084048, 17.040753699301007, 17.89588803774554, 18.513714563124374, 16.37169100689148, 18.64858233781705, 18.749737738316195, 19.20740380662985, 18.413710750118334, 19.662582270559493, 17.74872352289187, 17.807755812731948, 18.560350939919882, 17.744402951623332, 17.546599598995254, 17.661565414665017, 17.292709664561762, 18.86621929015042, 18.700050235849613
3, 0.21219045807034428
-0.4442478792882298, 0.059473090721058254, -0.4133409016341712, -0.37034143495713906, -0.7337322049738045, -0.8954233054887991, 1.9100976141605834, 3.1666515181506147, 2.4914010730226304, 3.0565940676146837, -2.211756435339022, -1.6658123430800629, -0.4184851321597524, 0.046847163292940606, -0.40715841432663363, -0.3709389340733895, -0.7328129440040713, -0.8686738752285833, 1.209700871033732, 3.128610490305458, 2.1657079750212658, 2.6270564345084764, -2.0696508087026393, -1.7357220354808631, -0.2476665734546015, -0.3539469951514418, 0.20340847849643118, 0.16764691970256443, -0.6014664303544683, -0.9791855685817205, 2.3495664249735113, 4.1635135617016825, 5.068513237821711, 2.4241709373159557, 3.712930191729937, -4.652827105146653, -4.467354510280247, -1.9986102316102623, -0.5129252775324209, -0.5184896167626051, 0.855298321895634, -1.0739510456249721, -0.750286663288546, -0.5039239028195925, -0.5047531863286453, 0.9424537488654797, -0.675214465808897, -1.1789218010531615, -0.4844735369411176, -0.5191248722042209, 0.27735221646361263, -1.1996082373653907, -0.07631152558261292, -2.4693240270568255, 2.517390262343881, 4.196107445288732, 2.9668124359158967, -0.5187049004346567, -0.5475387201424216, 0.27197053319823716, -0.19766331127055264, -1.1562569578672661, -2.3902506505071295, 2.59394554472513, 4.413920363946849, 2.71361640160704, -0.4333105531971838, 1.092544585962987, -0.5231215124686311, -0.6890098769322336, 1.4833419525921852, 3.5179345698033835, 4.08235376305906, 2.97090303052403, 2.910315413270457, 3.1350999529583325, -1.7624335201089079, -1.3496821479401002, -2.370315283100993, 8.788159429567859, -0.431752000515397, 0.9456958812954136, -0.5289662580826978, -0.7096282551040857, 0.9628044412662883, 3.2070821949837365, 3.609332793764852, 2.6434640140494374, 2.5268722449502223, 2.6441004489778788, -1.746976973778976, -1.3078341225512058, -2.3453858041128397, 8.493105073367918, 1.4838183876363105, 2.475018091156176, 4.377272713938216, 3.4270222064026186, 2.809248070869845, -3.132518839571987, -3.6649174698754, -1.977560767395473, 1.6367097555642205, 2.730833098801481, 4.663414771080251, 2.1319393268366293, 4.191062677325143, -2.2302829471249397, -2.9375531596436395, -1.8985833935796044, 0.01549769317559285, -0.026472629136668063, 5.080284875325671, 1.4656228033917371, 2.266556436635506, 3.0370255111006164, 3.244738841884874, 4.153982959230092, 2.9444359175621986, -2.2173703694395868, -2.2533933506849464, -1.3781442670884416, 8.323545613933451, -0.6712328112882205, -0.6813823309537183, -0.031350544274929365, -1.0075346539794716, 1.3046797022090537, 2.0922931166980487, 3.39388071233644, 4.088214673468335, 2.8802946464906305, 2.3974537182869855, -1.5380067783576543, -1.6141522579439125, 0.5621726719527795, -1.595752928563973, 21.253633616632772, -0.6909453064365437, -0.7208721938008, -0.08133572610274091, -0.8555267719885825, 1.5115439267306672, 2.4832589026490175, 3.661155550484038, 3.739801101094892, 3.263017058079787, 2.1931377543524744, -0.08154479821096157, 0.013520880474160854, 1.916284857682587, 2.318628561006286, 3.5947461581000786, 4.52706688468994, 4.720158109874881, -1.4088864091585884, -1.597865120773919, -1.4981455088666544, -0.18549420914850878, 0.6053245714764632, -0.055045339285393124, 0.37051794557691786, 1.2085971104337545, 2.247018808801099, 2.7904616666634103, 4.075665903087491, 4.7282823887167265, -1.357889753781555, -1.5471602273676048, -1.5350242386011197, -0.10481658519154724, 0.5998972918206024, 2.5410542028253476, 4.163098978728909, 3.612421453452738, 1.9159231770417582, -1.526662232526128, -1.624158370410221, -1.3382647064709219, 0.6786213768919944, 1.0841721182624215, 0.015373173354627569, -0.020809112515794304, 0.4826752667526088, 1.810271153234918, 2.978481068708903, 2.282385632586406, 5.898875886076131, 5.369425427043959, -1.662092307634395, -1.707368548883524, -1.2587659416443964, -1.5279054041806344, 1.0610325328914407, -1.863102681079526, -1.927153480291851, -1.8375250941353374, -1.3837713984437152, 13.088579268754415, 3.668282672884727, 6.222354788612376, 8.473121459730352, 17.953794462509084, -1.5514878220807184, -1.6096615439342452, -1.37520544191087, -1.290763063058461, 11.840744903522022
-0.8630296598816996, -0.07711265376713775, -0.7232027342110411, -0.7161305539928298, -0.5051960584691757, -0.5807940820725591, -0.8064406558854657, -0.3193098415876743, -0.7048659618336953, -0.7417265303881689, -0.315434595301134, -0.32227311387283364, -0.8985551513683889, -0.2830545570093164, -0.6528673830716577, -0.641280169716516, -0.5429417154385547, -0.6031076685673369, -0.7329429674059964, -0.20470351865482322, -0.6394608502809414, -0.6939769350407444, -0.20469370641685125, -0.20416419901085292, -0.0920730298934595, 0.028544671052972686, 0.7955668488242379, 0.8532542844840629, 0.10851830599682907, 0.11119822289346436, 0.9213540541335626, 0.9867716424699254, 6.664565745610903, -0.3745703997341537, -0.391161431840659, -0.2658187875607699, -0.17918390423344727, 0.6072943996307569, -0.6796152344642694, -0.7315952998857035, -0.13248862489621757, -0.8267820690990142, -0.7794464018640024, -0.6296814483044341, -0.6810644352538757, -0.16840501262618923, -0.7445443111311073, -0.7242617645914523, -0.7720374647539877, -0.7565633117739041, -0.6523718653770125, -1.1224973156016993, -0.6205993558063786, -2.39243472620795, -0.711562075651908, -0.6126632272425927, -0.884943095418388, -0.8913419157045612, -0.8835988691729774, -0.8572856892428893, -0.7047475475659813, -1.2911372367817942, -2.4277006681140443, -0.8127898613301429, -0.3354847410155121, -0.4225509766471013, 1.9442877689853837, 1.8000327804592462, 2.0947359322637897, 2.062215120385757, 1.7831798400218546, 1.8193103754145734, 1.958908621726479, 1.7856134005341746, 1.7746587480452116, 1.9027742749474663, 1.9776629733817317, 1.8711412736895177, 3.872288819824657, 4.006915827381834, 3.027997220896923, 2.939425160444697, 3.4345372725097882, 3.4239788970955463, 2.7097034225006205, 2.8875433137042106, 3.1461723168185585, 2.9138206596755953, 2.887247834349771, 3.099452380921414, 3.1661944886366435, 3.0848119831063894, 3.2261482250997147, 3.354830355561388, 3.894761726927607, 3.541168888452726, 4.7246224892213515, 4.480642302118206, 3.609477305944202, 3.730856135999242, 3.3889268426161885, 3.610477278546197, 4.318444115689921, 3.9242858540444017, 5.049524122710565, 4.077477352916127, 4.718338842785924, 10.485419745662588, 3.801832797794711, 8.75297399751554, 5.014313114775899, 4.393916575506796, 7.216983288722096, 3.2570871938416186, 2.783519383878888, 6.145012519621084, 6.758632520186481, 3.525229113613789, 4.5307139197659385, 3.943289790151386, 3.435377156949246, 4.520737232821047, 4.1504092341731065, 3.8306938001449775, 3.3090326650848523, 3.5029136651426183, 5.097046797246009, 3.8057820077075886, 3.275093835814975, 3.5668285769605452, 3.7446947319433135, 4.014388201423008, 4.077701725848683, 6.186689412850241, 5.565792120240352, 4.038484123385663, 6.437932611459737, 18.57203215116525, 4.39542348224016, 3.7723588163702386, 5.140392804550722, 4.759175286780858, 3.9186056039631447, 3.3152773590724647, 4.672705975929001, 4.168632565576828, 3.649114339308307, 4.707943131862137, -1.7881131974344429, -1.7195503638956424, -2.1836853981498074, -1.7633456242444834, -1.8237910532785149, -1.9184904797036166, -1.2188840307271798, -1.936284203715762, -1.422965679621574, -1.5794977395550758, -1.8351406754084358, -1.1476066560969755, -1.7657594568962698, -1.6869258778258098, -2.201597043408929, -1.7439916724287745, -1.7870676131702756, -1.9659616186317581, -1.19136328969149, -2.012302759691059, -1.4482224298413187, -1.6835907369656038, -1.765740297850876, -1.2044092955418852, -1.4312655474893308, -1.4734026818188648, -1.4965925722546451, 0.051858385883644935, -1.5946559149419877, -1.5829022384255635, -1.6621143892645396, -1.503967215784179, -1.40518433528122, -2.629221787960209, -2.531331313751265, -2.8247205072282644, -2.014193565582488, -1.9236434174144086, -2.749773827964535, -2.6067266261495297, -1.4512212760513596, -1.2665697267938054, -1.1630528488302727, -1.59122100828565, -1.722765867351677, -0.22335305503204916, -0.7942134188747851, -0.8418841329186736, -0.6940543475838391, -1.29878865711787, 10.97991605333614, 8.502337541217411, 8.375005414142924, 6.106982316735616, 20.33891492509797, 0.23761916086085524, 0.27757591339076265, 0.7392948668690911, 0.217691714032808, 12.717142151700415
3, 0.20237630560659817
-0.1907411335398858, 0.7449717714029633, 0.10656407616846297, 0.25272586731427954, -1.7355987050774033, -1.9578311643436574, 2.5754807932057133, 5.965989933144547, 2.918170526467458, 3.5121104816243607, -0.053004559203335994, 0.15723190956311173, -0.15685027232189677, 0.7341329506433157, 0.10512230932074598, 0.2489616920686199, -1.7316875567484258, -1.9163753589649106, 1.6739677744086345, 5.9580909670667435, 2.4413169948450366, 2.987084013106167, 0.043802996626422536, 0.15774974540172676, 0.1737651561366228, 0.02931072355913398, 1.185058684614608, 1.2124110654244207, -1.9834873795925565, -2.4438248767104214, 3.4461567490556613, 5.750265915838952, 10.579584332740577, 3.144207899142933, 4.631433074113606, 0.14115915572701018, -0.0852046271548895, 0.30312823360390895, -0.17623205457668167, -0.17677094139633162, 2.265904597927272, -4.109173156419721, -1.688328493310836, -0.16769074311592508, -0.16069344935426588, 2.704518122347445, -1.4694762975008937, -4.518868353091972, -0.16936031959937012, -0.21386161391044653, 1.0181017435526625, -2.045753365486072, 0.8237838297761779, -10.286061408982123, 3.0484822258154627, 5.020691225179676, 2.8706589121010753, -0.19622746026670124, -0.2378873760033893, 0.984017026223039, 0.31885750154796977, -1.945086548533703, -10.205463045587592, 2.9303474671699945, 4.749532598441007, 2.671061949807052, -0.0028611032502777107, 2.836692795499521, -1.264269553857253, -1.9439738603655767, 2.140915569899387, 5.178150843199585, 5.672719186509991, 4.41875723325442, 3.1046351681785636, 3.6366965723377604, -0.13231106079402333, -0.023538611404801974, -0.28213035890719695, -4.675705535042461, -0.001993872977954975, 2.6456114652610085, -1.3507902202188626, -2.0510017897631716, 1.4022477713181598, 4.7712901458068835, 5.051076469722028, 3.881038341946139, 2.551377227478357, 3.028720801273621, -0.12970766870883738, 0.009764104662845751, -0.27471862458485213, -4.459528965264024, 2.1877986971920707, 3.473995978625352, 9.300244157018033, 4.184585520296039, 3.041906630131085, 0.08502868689469777, -0.07355194812727807, 0.2621571416450582, 2.2131008867175423, 3.588966113033021, 9.205906639846342, 2.437866841276042, 5.020085629833758, 0.04894374830555031, -0.0610627798951772, 0.24610943093873147, 1.778795542506679, 1.730797705227844, 12.104884152424416, 2.0245635813737763, 3.2604836469638223, 5.219211475366866, 5.3420776080366705, 2.4898685990575045, 3.69591483538968, -0.24341194943248087, -0.2069733263030062, 0.025293976862875822, -4.802113020379124, -0.4569889791748613, -0.46928110277300317, 0.5222240471898103, -3.741552444671718, 1.808649265376674, 2.9652015237145752, 5.646030362111003, 5.233120856660424, 3.9542866967027432, 2.324533042871059, -0.6624977521644786, -0.7364068160232424, -0.5974787470033391, -0.703840952516321, -10.51046017382151, -0.7894517970667194, -0.8382516629863235, 0.12711044242383124, -3.116009428011266, 1.9612955799354115, 3.1404942852247024, 4.875633950205324, 5.643913584131747, 4.44453890484128, 1.7627510735633392, 0.7827565732206392, 0.6827418416822277, 2.4829344106864757, 3.2138364307313028, 6.591397203228318, 4.9884491449671495, 0.12647119030729287, -0.05430026297873058, 0.022970400304083132, 0.055854556147526026, -1.4541125039459575, -0.8290681289519192, 0.8564108277733071, 1.1479082348843597, 1.6069820044267185, 3.12079707758307, 4.515085534927102, 4.262660521712235, -0.1388911478888457, -0.02514962148990386, 0.06985140231880446, -0.020784711138512636, -1.4584975087287149, -0.8454760611163801, 3.7443129832783946, 6.065319907141939, 4.88842973439326, 2.1409675535466737, 0.078164766311932, -0.009846555887829227, 0.16979644446969236, -1.9094907741891631, -0.5667808147572447, 1.793682763644665, 1.7759874706678833, 1.8315523295679037, 2.3026164068558703, 3.6799480140483234, 3.153119251495799, 11.307816767307399, 0.7420405138855304, -0.17434947329010975, -0.18843815578289344, 0.2864463042928266, -0.716361147524992, -1.223404890071185, -0.2539801148963068, -0.26623307655009815, -0.026521651353973955, -0.20365075999404358, -5.743034335134142, 4.378964288164475, 7.116590951283586, 6.406376358422569, -8.167023761267185, 0.008268829648152162, -0.06792083450532774, 0.5249206959198391, 0.1715059079861739, -6.415254793057307
-0.6810707072011132, 0.3981143222365781, -0.5046667959051343, -0.49134117595957233, -0.29907509761802537, -0.4223446826538422, -0.4214815027623461, 0.3677569351748147, -0.5928882916424518, -0.7745238974693999, 0.34726204637717173, 0.3837200010887511, -0.725849288145162, 0.11178501391725806, -0.4014970321691394, -0.37793791205381083, -0.3449293206269527, -0.4479933786551045, -0.3161901498559922, 0.5371292079022838, -0.4997392521883854, -0.7103209918065003, 0.5371763457892436, 0.5487073018541819, 0.47859124092714267, 0.6500830480081555, 2.1970739149986254, 2.739555161405961, 0.7110282298495021, 0.6086676910928936, 2.8388490904175785, 2.944118127442511, 15.454763367337137, 0.005278128472397161, -0.2699550748827294, 0.8765496148267303, 1.1810480303474022, 2.7528310097726325, -0.3866342298638966, -0.45955526924940826, 0.8201672318410512, -1.0941556615528212, -1.0106423224173002, -0.18413567963826963, -0.2608447536698567, 0.9652041043267227, -0.768025420661659, -0.8201883701986697, -1.51084355106701, -1.4905649813919315, -1.6565308143277362, -3.7147220303961586, -1.1154197693407288, -9.886341152844818, -1.5183426418197206, -1.1444185572779384, -2.6786291661030743, -1.7589159021014662, -1.7487064203817113, -2.01439249758127, -1.3694797455137124, -4.428025029356424, -9.96452095826722, -1.850194659208771, -0.8061054442469846, -1.3591030366220331, 2.515221434351834, 2.376668202294397, 2.599501381378922, 2.2968162782595924, 2.415237363299204, 2.432840818046057, 2.5061648197653215, 2.378126151417672, 2.151913755397496, 2.3453227841982303, 2.4706336990018753, 2.604865289865286, 4.790190733513156, 4.696036420404094, 3.8782673459822905, 3.874073512553299, 4.238487244829777, 3.720053291126529, 3.666617855921899, 3.8537338985424356, 3.9840167007912393, 3.902694777965767, 3.4420095240202886, 3.7815253237427777, 3.8889204388988023, 4.30576117986531, 3.955123425986207, 3.8512641716662497, 5.12863272057343, 4.651675258903875, 7.2055100383407495, 6.57568534129564, 4.248136617715643, 4.481346969945948, 4.044865203863941, 4.247973211929268, 5.811027082891937, 5.31576549423061, 7.862150534752729, 5.311287805931258, 6.29096278525086, 18.383965348598363, 5.831008906510072, 15.719294174772857, 8.776466722902795, 7.812184793905296, 14.274529352543578, 4.634158572909962, 3.979770590294361, 12.355443260440602, 12.561162767678068, 2.8067371915680823, 6.230955275486463, 4.932241499725849, 4.236975038798314, 6.184208618835994, 4.5642647610930105, 3.904915572751328, 3.2845914602245463, 3.174239761244668, 5.429322415936422, 3.8939032528567386, 3.2603878504387005, 3.526858291101243, 3.6711560727530137, 3.5685219261501873, 3.876300847525815, 2.2024850540536285, 1.787054241018837, 3.3452775238171464, 3.248656338456681, -6.420050341836714, 5.2901687724569735, 4.533040536896618, 6.6696400982652015, 5.0928912435570295, 4.674707045039774, 3.9373662342381075, 5.509719404182097, 5.1426690433817255, 4.463697118991609, 5.090789941039691, -0.28736342034488765, -0.27873375229361236, -0.6430685728478558, -0.2843475318498383, -0.29190702392034107, -0.6148577499012409, -0.6492179645627628, -0.4526789281255188, -0.20018375199891167, -0.5003671326949704, -0.638256840933766, -0.14415723477426193, -0.19360451513820562, -0.19030302003553692, -0.6124938351702356, -0.19287345710855913, -0.19464345113486448, -0.6306909795558281, -0.606769462019914, -0.5020819792447463, -0.19529981680834035, -0.5793241312633562, -0.5812874235036513, -0.22768432636971375, -0.31686789857068065, -0.3236210778687152, -0.33234353894504715, -0.5118574161021932, -0.3346141420821706, -0.3477587560306308, -0.04567783567444023, -0.3152572117096052, -0.04623059571559136, -0.43034738037675363, -0.3679635583129237, -0.2732363551781017, -0.6960370748426788, -0.6309194528794596, -0.31720563845756433, -0.3121518433460305, -0.8625171887549831, -0.154706500354095, -0.045396443263960806, -0.09842545459279373, -0.7516094677692732, 0.5287321089614021, -1.6941323689832615, -1.7295044271805484, -2.15673289880486, -1.1872443218023414, -7.529978800144599, -4.749056678118974, -4.611941145010993, -4.977155710533263, -9.76485306124714, -0.8182104584641732, -0.7561315693611103, -0.4624651668084128, -1.2043565573645656, -6.345338045777634
3, 0.19258803818298303
1.7459769138045336, 0.8187792761024848, 1.4063951824345766, 1.2533010712211659, -0.3340665098714943, -0.16008142170146894, -1.4523905183760948, -2.6431051900649996, -1.9250875223062827, -2.353728302142741, 0.22536187548154277, 0.09307264996362266, 1.724798215516819, 0.8422155860662883, 1.382978731558405, 1.2500131657086209, -0.32817598175405527, -0.17980206078797245, -0.9226161951703564, -2.7157571636224915, -1.6563309170835172, -2.058946446006059, 0.16355618308034878, 0.09907076261488819, 1.5433159781949264, 1.6221536465926654, 0.46113874785175496, 0.3306518560480405, -1.2255757451853904, -0.8572746542784104, -1.9297388652637326, -3.2838930845630823, -5.069666786749943, -1.869798795349185, -2.8515461512826183, 0.34953918533024586, 0.4468916484771236, 0.06434174943437035, 1.8116153598001952, 1.830984892849878, -0.32543181523258696, -3.801442710024713, -0.2226992127629317, 1.7975295895732089, 1.8084955673989702, -0.5310495934586462, -0.07690357609842137, -4.179670333404398, 1.955992156993248, 1.9811117342922124, 0.5667507126460621, 0.8333617675582751, 0.3803992272300449, -10.258324511931605, -2.009044855857902, -3.4251883756333146, -2.4078977200816385, 1.9987748516666581, 2.0247454476766107, 0.5655175110011839, 0.4746991736155664, 0.7630407806275206, -10.329873435407015, -1.8609489858526655, -3.101531519483061, -2.2879492339000818, 1.9733283821116963, -0.5140184694209559, -0.31400460869236285, -1.006094502084962, -1.0269148501395422, -3.0546529926556096, -3.3800034686952576, -2.1870346027774525, -2.0128654388843183, -2.457183092332406, 0.222699210292267, 0.12463060602025676, 0.3611987180360066, 1.4629014250482355, 1.9680402830405197, -0.3944061804989285, -0.45699642162930143, -1.1301774855444569, -0.680407784065244, -2.810114558285735, -3.006773522164774, -1.9275044312630734, -1.7063818330708405, -2.126488084720558, 0.21963813606406896, 0.10203407561092628, 0.3538143944382302, 1.3768317762553166, -1.208924871167979, -1.9674437096899584, -4.372227721722689, -2.642519033855794, -2.227446249376007, 0.2395836661718147, 0.3680066868244412, 0.07941842299774399, -1.2347193723858376, -2.0491208303937607, -4.340963545875557, -1.6893906646447503, -3.200148359230579, 0.17550977068057969, 0.29577025015075614, 0.07825676373069966, 2.559702446300553, 2.61925473739441, -5.18328553538569, -1.007881148248069, -1.5924213729100603, -2.8904548017086396, -2.9801106893828386, -1.7433599095477288, -2.333218536496596, 0.3123227008346715, 0.2987177774505657, 0.1140827154392334, 1.5832354622466207, 1.7574112693718844, 1.77429309498433, 0.3243948532885518, -3.3495872971048204, -0.9674328752807275, -1.597014505935499, -3.2675234812561182, -3.2613676232636712, -2.030368124700943, -2.159848917945678, 0.41792534232563117, 0.46840402844374857, 0.09512548257978476, 0.5022321491370114, 3.1797075423462684, 1.2745576784433352, 1.3058223579810464, 0.03320960649085156, -2.731135994821853, -1.0445462792893698, -1.6812162154494619, -3.009950114095485, -3.2724585058710676, -2.2693693829189416, -1.6957632371108498, 1.4887864091953764, 0.658774608080479, -1.3717663766383532, -1.9517452480459019, -3.477956962995885, -2.715439208608334, -0.7123411179791276, 0.15175140657153832, 0.1348119688217987, 0.10316721314550369, 0.7143518235024057, 0.2873516441350129, 1.5158225050574363, 0.1014404788381078, -0.8750934392671899, -1.8940369795987448, -2.49011424106723, -2.3700179595443704, -0.5804491435097474, 0.1323348724028356, 0.10656787152275217, 0.14424292227965327, 0.7072932323329566, 0.3046207069853958, -1.920492997679733, -3.120585276989362, -2.5083949272961, -1.2758736130486055, 0.09305269829362804, 0.14482539320697424, 0.0782046592241054, 0.8679592809116075, 0.049680569501357665, 2.582278079451874, 2.659853892530536, 0.13416698480269218, -1.2564082257803226, -2.019597371748081, -1.9205770735690628, -5.86133536451981, -1.3117006805289018, 0.226426630612142, 0.23820674524590893, -0.0016811611331639135, 0.47554985974711916, 0.4914949917843532, 0.2808187037619285, 0.2947508462585297, 0.1632240977489445, 0.23924143316830201, 1.5018523609474865, -2.662704972173001, -4.430284794127314, -4.124058524955258, 2.3428938766366563, 0.12058281189445087, 0.16171144018237338, -0.10519099258290138, -0.05863653864693823, 1.9799644705004977
4.224832931417496, 1.912177164292404, 3.0398210704140722, 3.010001678006873, 2.850463588692228, 3.004135123416864, 4.1619429255921565, 2.5682373299019314, 2.537590652598931, 2.1258235896908504, 2.512774691778285, 2.61108919914136, 4.273021373887078, 2.230303154862759, 2.923223549650597, 2.8927948907216, 2.892593877120964, 3.029746546252433, 4.038876322076236, 2.368786506659192, 2.4197181990102727, 2.0390003363769615, 2.3688153924306476, 2.387936972313328, 1.2650887416848127, 1.0661862604304508, -0.5801079196391926, -1.1225835809813518, 0.7750204683960497, 0.8656031106506171, -0.880969464594202, -1.0021562823406087, -14.1582407195342, 0.8360696466174411, -0.003536005397464788, 1.9137729127616963, 1.9282962324148694, -0.5663036924991101, 2.3888835314925827, 2.501848734832792, 1.4873518354711117, 1.5178114570822812, 0.2176570752729642, 2.0525841436165577, 2.1507050841586772, 1.023141018510542, -0.18363989287450463, 1.1281180815959417, -0.12755489888539506, -0.14021644131582525, -1.4002079588372598, -5.752373347213195, 0.15949487027911122, -18.026009920992504, -0.6433160769892295, 0.0035386010251678354, -3.7970657947495057, 0.1511294552403022, 0.14527315119062856, -1.0124557945840047, 0.20222654518284264, -6.735863416076725, -17.975234709332902, -0.7591468431558648, -0.4615091830336644, -1.9020553451470388, -2.471017318258799, -2.3574153169997767, -2.7335294690333662, -2.387456487376227, -2.1513779381605027, -2.3946007324639123, -2.479622121255228, -2.0619999717339406, -2.0532462527587954, -2.2400806444549293, -2.41652176097532, -2.508649412628796, -4.47426671023655, -4.793067410828682, -3.875434331715819, -3.9006652192938525, -4.535024547145644, -3.9285072791619133, -3.2315060697132187, -3.8553621276261762, -4.012197429533054, -3.322704190630433, -3.274217526055776, -3.5939617784654225, -3.85414272183894, -4.209653920274708, -3.6810653220306335, -3.994530390908978, -5.491913695922522, -4.9929694189544875, -7.7252375200151615, -7.09651363179833, -4.619367070088003, -4.842651730001007, -4.384295866965916, -4.6192668711750295, -6.216594757161784, -5.691177258935438, -8.39684559924159, -5.7256756048347475, -6.831705326592413, -19.5653535647803, -6.148940291571958, -16.764398665583855, -8.556437125210552, -7.611383352849696, -14.47034331867598, -4.422724834880559, -3.874926439365864, -12.390580213410933, -12.619670526643583, -2.9573492784678, -6.287454254201999, -4.818333917465541, -4.223892283784318, -6.243556331261731, -4.760281349498873, -4.287155593368653, -3.6925637292768667, -3.5078003682952197, -6.705095244041465, -4.179663977961729, -3.569308613894742, -3.8698342893159703, -4.198262055270191, -3.8713833191720863, -4.724255857704783, -3.2361346987566124, -2.80867566444332, -3.701921528427364, -4.434590810030535, 2.2420080541358445, -5.697250709105673, -4.966348655905726, -7.168780690680316, -6.006122649371801, -5.054441783652619, -4.345338835200555, -6.152078450478744, -5.526065073460159, -4.909788442890603, -6.382134936799408, 0.5537785197127391, 0.535060756364561, 0.9654540075528583, 0.5471238225378188, 0.5635744613604765, 0.8654110280514374, 0.7462223066047902, 0.7531212654886255, 0.421282666424716, 0.7015603143748395, 0.8702323406670364, 0.29317322969115645, 0.46112972557922677, 0.44588046830508904, 0.940470094012476, 0.45709948040877063, 0.46539794952098884, 0.8907799814138905, 0.6995593304465161, 0.8099448681888489, 0.4126780282320494, 0.7926716957296517, 0.8070718512041639, 0.37153787350888906, 0.4684999877635916, 0.4874350536886338, 0.48562702591289547, 0.26418617293306257, 0.5391252872794258, 0.5555293086145767, 0.2788910708627246, 0.4865901542158404, 0.24388567519025547, 0.818435008744244, 0.7426073294737625, 0.6988101133658352, 0.9597890832830238, 0.8820771655265979, 0.7289439924269047, 0.7017623023587305, 0.9907588755634856, 0.32984958683937776, 0.21334990075033336, 0.34282094332474694, 0.9385642517169044, -0.6100582013977884, 1.625099682664112, 1.666280920966645, 2.035816716872904, 1.246526139276861, 4.651656042697451, 2.587855520222044, 2.4908292936812932, 3.3448045334761733, 4.852627386835696, 0.5777609277177761, 0.517705453604399, 0.10680686692728733, 0.9653485915752202, 3.198741119529389
3, 0.15929727804088495
-0.32385792015445913, -0.3878868695790763, -1.4094798304143055, -1.642626386010157, -0.28307166439601855, -0.6893937544789935, 4.998367566465919, -0.43429777360038596, 5.824571392814293, 6.952163440130367, -1.1024243342090159, -1.3024774830785015, -0.2535817301451644, -0.28881054057366473, -1.470728539995777, -1.7083888897248487, -0.30669706387255435, -0.6042888517160381, 3.308937474259212, -1.209684501340162, 4.9101198015357745, 5.9210941488139825, -0.8075788393831845, -1.3464128260424337, 0.07946407445688138, -0.3416516048480246, -1.4847744330886352, -1.8792093341375622, 0.3241746902009758, -0.8477802234054456, 5.463898011305097, 8.82270826221621, -6.623423264141317, 4.085198472287557, 5.918443168416692, -1.9053236155203122, -2.333927892924633, -1.7754144701940324, -0.7130233275965959, -0.6259119752044318, -1.0814126777372752, -0.11909517724614975, -0.19522635057110968, -0.6732998884617729, -0.5932562404401548, -1.7651574432109687, -0.12846405654112078, -0.11152240476271225, -0.3499695796563111, -0.4235796060661037, 0.3443083906878618, -1.048568841486986, -2.4711447119573173, -0.24592202538673522, 6.762288911370308, 11.212113856621341, 7.600411350905577, -0.43208957462923914, -0.5108677095221161, 0.4667366204536324, -1.8169693734879448, -1.0019147663320827, -0.0438395054878968, 6.324315538746245, 10.294971152422878, 7.487986560257172, -0.47921123005611665, -1.5467575135010494, -0.1085929468749624, -0.20071442262568062, 4.057303165859031, 6.81501030484306, 7.406282852962043, 4.166558541726178, 6.248627068120898, 7.548744894981904, -0.6546920889731603, -0.6477722248028372, -1.5867369909033373, -2.238721737774921, -0.5433334506220998, -1.9008201235096334, -0.07859394870910424, -0.1771325784282665, 2.7302460161916553, 6.035667318514435, 6.317674105230789, 3.2888519091262762, 5.1872790979307295, 6.364791929629509, -0.6445886327141939, -0.5119643218359827, -1.5822694045213443, -1.368652711488204, 3.9508767284798925, 6.108792363897121, -4.727003598475513, 7.68265879278324, 6.320043584164785, -1.261710849180782, -1.8967845666537066, -1.6897705218560983, 4.061958273175525, 6.4344544510873805, -5.149455515922363, 4.700795362058831, 8.720598760537584, -0.87391994221683, -1.5099912920040255, -1.6078367796448074, -1.150548099188703, -0.9109902905392007, -10.82958999481706, 3.6015194820998246, 5.476039260694045, 2.379912713703981, 2.3443999928274857, 5.838863560888372, 6.695278492718658, -1.1014781647653515, -1.0109631302487116, -0.8938318167369615, -0.5957334505382695, -1.0193311708648527, -0.8805550924189376, -1.587860509725608, -0.08029560904470336, 3.361438584020555, 5.358816279421129, 5.239392430456628, 8.475784704398803, 2.673382127542034, 6.1633226577395614, -0.8020526479108965, -1.0302181133131867, 1.2207678219772644, -1.9963854685428315, -4.719262797440199, -0.7046698331475754, -0.6668445657680717, -0.822691097768211, -0.06507695034063843, 3.7078725796422, 5.764687898430471, 8.20044554270166, 5.407645893898314, 1.7407410765973628, 4.690563617404726, -0.48672471743217893, -1.1086101357602562, 4.517546846347201, 4.97879693561696, -1.1013709524658366, 7.550374089227883, 2.635208612767702, -0.38474448564484165, -0.8325413825388127, -0.5553598885680208, -1.253088758177639, -0.04731250731979889, -0.6086365663566312, 0.05696829440801091, 3.003200830891051, 4.840268086330217, 2.6744846629697645, 6.318463075498752, 2.2161066549936073, -0.317987574674755, -0.6720376249814063, -0.7328029908057415, -1.201103388160173, -0.13452930068799687, 4.532950335962333, 6.693374052974636, 1.8120244040106879, 2.7270468204282623, -0.19947879587935832, -0.43193511895749, -1.1070535666633885, -1.6184513441854786, 1.166345328405907, -1.1603998158983835, -0.9279499696596509, -1.8992562519079947, 4.424825431379341, 6.871793331888906, 4.8507238888029045, -4.259151447608539, 4.558062719507474, -0.6800134454737616, -0.686104152941854, -1.006629706910291, -1.2445459046306504, -0.8153758858228287, -0.8122615403076874, -0.8694324283477399, -0.7490775405157565, -1.4100125081443748, 0.9235847402117305, 8.376472872329014, 13.488078303601881, 13.504256802974526, -5.5239620687043764, -0.24862976519071683, -0.39492043654249526, -0.943542842889852, -0.15583529307486052, 0.7578320931986933
-0.28093885675227803, 0.6725923655542578, -1.039857600803674, -0.9897239784151387, 0.1425795758384468, -0.18213154721620492, -0.9790366304077168, -1.1231674357081853, -1.1271658810677583, -0.869802082015661, -1.0809431576468396, -1.1559744938851058, -0.40164722101163175, -0.09257947753208111, -0.6716105429030353, -0.6195625967344919, 0.011682662831149875, -0.24037076495245643, -0.5934627734591595, -0.5308850740585231, -0.7766866284224025, -0.5774216320457544, -0.5309068458906983, -0.537904220015633, -0.8757878684060036, -0.35202155108329014, -2.831845916776088, -3.3956540454379316, -0.010036674089381815, -0.2743892306327841, -3.606501359390584, -3.5720660138569014, -18.47869786225905, -3.10220834608761, -1.9125114358619921, -3.6912903299258897, -3.8251499764879484, -6.218917750246371, -2.249155238748498, -2.544714621331319, -3.740787015706626, -1.7462743886674903, -3.214986068476631, -2.1693635823778425, -2.448095437553067, -3.597853848222545, -3.8167149614332083, -1.294071395315947, -0.4652818918187879, -0.41128663536772275, -0.06439233521442272, -0.8560431595554321, -0.13160617142070224, -1.5957984019620668, -0.2735909814130421, -0.10539202769264423, -0.6017885835756909, -0.9158348480744027, -0.8990502355622246, -0.5659552581220872, -0.6334535426304737, -1.4227384754437895, -1.6431345489272038, -0.7655495748501091, -0.31120461980370523, -0.4754171513729219, 6.1216881133937555, 4.885277683422622, 6.701315322602434, 5.89305217065593, 5.875433970570243, 5.45899989984419, 5.652377941004166, 4.6157847493317155, 4.864798259418947, 5.342050008982046, 5.671625652635644, 4.275258649324815, 10.439530854208197, 10.962756954954513, 9.287673915827932, 7.701966368578327, 10.911199401464941, 9.569227761644347, 8.694587722440565, 8.396594448029099, 8.81318776019796, 6.927551774885202, 7.466663950162631, 8.340014576098667, 8.762448906136171, 6.573735901007686, 8.239599181221767, 8.930271507053961, 8.73166968250932, 7.601915889586633, 4.887354871435829, 10.278091505982502, 8.20283918644216, 8.767831809146815, 7.731377379022685, 8.207141616938955, 9.97710506402684, 8.79093585444992, 6.075342057241845, 10.023247391218385, 9.910236388939895, -0.50006831891836, 5.291800398524099, -2.992791755742267, 0.6689098882177346, -0.07313167053802552, -9.833755134106582, 5.388137762015511, 4.230754262650328, -7.114887363769745, -6.568426315165127, 0.8747936393952725, 4.999118381580407, 7.914987834904015, 6.752639210302365, 5.027846207034481, 8.69481580988805, 9.405140171616441, 8.025285821546406, 5.301441533417112, 17.27056450514081, 9.328168387560586, 7.908165242373511, 8.103936475234446, 8.501744146925628, 8.937625242689059, 10.787595877333851, 8.513506159192477, 7.343195059194973, 4.028347218335528, 11.558179712599813, -0.747181922883867, 11.995584337504235, 10.233397607646122, 10.81537806348954, 14.929011936314044, 11.214866565852738, 9.496683142520062, 12.57670179596797, 10.712806435845444, 9.797585539240817, 14.458382277549068, -1.1377106752109523, -1.0972173313378322, -1.9145124130606974, -1.1232158939791523, -1.158851552176613, -1.8305646512197558, -1.096341295097699, -1.3859082410572596, -0.7372841150060353, -1.256985523005895, -1.6312793737549647, -0.1423395360104831, -0.7423994202436535, -0.7221985346528254, -1.7843659037078943, -0.7372589904968542, -0.7482147070531929, -1.9282860272888487, -0.8433464447257781, -1.5030176469701177, -0.6067180329731765, -1.5361057772161486, -1.4342462797355693, -0.3752133403082862, -0.8010650853686214, -0.9698113645919842, -1.1911648186496622, 1.1285203401424955, -1.3638477777897462, -1.4863423430943903, -1.8529630423349774, -0.9377545112448655, -1.6905545528226167, -3.2298759233610124, -3.022517478993678, -3.707388459911253, -2.4260268010506914, -2.1557006341568643, -3.517283530968433, -3.3034167841475126, -2.5235874262065865, -0.6496089650285948, -0.2544875534863125, -1.7372499574198554, -2.7420585840723732, 2.333601973728564, -2.9174950655850034, -3.0638200636751542, -4.270439042457463, -2.295863578033602, -4.6349995163138376, -2.009072423353533, -1.9496900890943596, -5.140218350578353, -3.4913696920944357, -0.2555928454493559, -0.05533460395292028, 1.5277015760635493, -1.765897070240753, -1.6134781094074473
3, 0.1379329195100676
0.8380477366520759, -0.4347385455889803, -0.47250332204304524, -0.6672482402525123, -0.03659527564003559, -0.0552933059912334, 0.49114743042284587, 0.34139714259585535, -0.20237216906157532, 0.013409694826889822, -0.8415534023362549, -4.378754857892704, 0.841741027121457, -0.3848771194647508, -0.5087188724484809, -0.6988384760969318, -0.0425955059347362, -0.04840403706031948, 0.3722058376155481, 0.4139526645247968, -0.34137808196470487, -0.009360072979063334, -0.7093060094885347, -4.402330482542344, 0.4481420337164609, 0.3977269107746163, -1.268932864808447, -1.5190760427880292, -0.5116834215928676, -0.1270604777390271, 0.2678083640381747, 0.28835241140274315, 1.3531364067676128, -1.3162868513225046, 0.2872282785848275, -2.862115645840687, -2.7150772674322194, -7.325139962735045, 0.38599808814651687, 0.43028182321299635, -1.1479904497583082, -0.08719303445224634, -0.48061966285427826, 0.3927788024360632, 0.4282056089139195, -1.633782240627785, -0.12659750278311735, -0.29102306566287023, 0.6006888315872444, 0.60904729522337, -0.8362694941506793, -0.7125875741150769, -1.5928680293300086, 0.23846811992013253, 0.14354086405215072, 0.153218516659352, -0.5470664799755792, 0.5942638614770731, 0.5869944080811978, -1.3021794557774817, -0.922234341911825, -0.3567522258148854, 0.21686448657552324, 0.2451712673521915, 0.04099170725217491, -0.5050219373997492, 0.7603793574007702, -0.37153384287379426, -0.08343789792530705, -0.2506525808939311, 0.6627238601488071, 0.021978587094105818, 0.5606407498162768, 0.33645804185591904, 0.12617452586593383, 0.01718603304199441, 3.0540412677809297, -1.9004337295110767, -0.617555009185698, 0.4127003030379717, 0.7316927039480337, -0.41415909763917896, -0.08616110477533137, -0.23720814497447798, 0.44736848451817035, -0.03089298383351367, 0.5127392221103899, 0.18422049711621685, -0.0805463624731575, -0.02231735739853889, 3.010659598185751, -1.8437003726299046, -0.5626073143226544, 0.5824596814910001, 0.35153901253095915, 0.46817989191536286, 0.6827650809984581, -0.25943875377486536, -0.2021347529178864, -1.6297720062413936, -2.0577343247145587, -6.553444965735282, 0.37305512126368057, 0.4544238358787756, 1.5752981199758083, -0.7423116532912793, 0.23045131988217335, -0.8160578434822675, -1.551393686838041, -6.191236074089632, -1.1083304679344705, -0.957451936911199, 1.3968992133079752, 0.5566137119219122, 0.8091616248998863, 0.2560222670352312, 0.49369330026550085, -0.27919618068040447, -0.7184035082940796, 1.6791889495398593, 1.6934080108306757, -4.096135861377584, 0.19079217706681992, 0.043423920903322824, 0.11156579038986925, -1.1579004884858082, -0.4048700822368092, 0.48358398984061596, 0.8225558549811953, -0.529494810479812, 0.37445379365476517, -0.7411495318031087, -0.369539632483566, 1.5109586135107453, 1.5471503811305913, -0.9680526234153523, -2.4460750966029265, 0.029912953640031558, 0.06833428968062974, 0.12310265817838088, -1.1443916361018385, -0.190740008640179, 0.3456675860488166, 0.39535717221262184, -0.218446082983422, 0.5587156226126536, 0.4714850140313259, -0.4968413935851473, -0.35274241022251435, -0.951675282296672, 0.3689400698878932, -0.10911998676179592, 1.6320535851560796, 0.5172053532442924, 0.2084988736834113, 2.5748748810845346, -1.0896099463328965, -1.0102697507228513, 0.5556305730140706, 0.46715097696455476, -0.4503265583505479, -1.02028211114949, 0.31456719291832225, -0.1080890766422377, 0.9096032570470339, 0.33067517466641305, 0.1003911107956654, 2.52972971522127, -1.0523410984773613, -1.0449419441307475, 0.5289877161166904, 0.4688997306922838, 0.4191849188558499, 0.4641809066810488, 0.5390091386805448, -0.3570181050960362, 1.6411921592905092, 1.6122501351264047, -4.177364198383639, -0.8976430085484083, -0.41790598539938495, -1.1172676524480376, -0.9897817816913909, -2.0722717940183055, 0.334165214769936, 0.30596236672196175, -0.13761165943449516, 3.049513902218884, -0.28826287521603833, 1.5757075308469375, 1.6125589330645298, -4.078420044913416, -1.1075241132573905, 0.005006800374184381, 2.1082758525320484, 2.135552142398558, -2.2253063882163455, -3.2425283591698335, 0.2410432127376127, 0.3588071672486292, 0.10535486438644069, -0.2958255318823325, -0.4313593671478367, 2.1824762993194806, 2.186343763400324, -2.4540730921393865, -2.7049734199861977, 0.6302981200300857
2.124282047953315, 0.6125804987901471, 0.6927149296258018, 0.6625946249429552, 0.9157970370267836, 0.9338015836416764, 1.5047285176887693, -0.47804202859980716, 0.3700184598279082, 0.2513364295764468, -0.4370772018834901, -0.5100054065634103, 2.135488053961929, 0.48952459966687456, 0.7934022951825955, 0.7479189554338231, 0.9649712083066972, 0.920901946204145, 1.597714094727905, -0.3061544193457842, 0.4836297057357382, 0.31974400553458426, -0.30622436452913876, -0.32043320075234694, -0.7801934557630474, -0.650772295091102, -1.9684134583725654, -4.136047621454987, -1.3015970589565042, -1.493293041086826, -1.2229117336477897, -0.6907361361048855, 4.707460880848395, -2.153784821754427, -3.0744850083706705, -4.493943468991417, -5.255878994841931, -4.86256656413595, -0.17558679574483496, -0.25355150596837955, -1.8787054611160567, -0.34378471484239587, -0.8317556397010587, -1.226046506566059, -1.2866685471132981, -3.8603938333779246, -2.6126417536420288, -0.9054882833451624, -0.1352007928127452, -0.1759391885769708, -0.9117702989063469, -0.3381101268916208, -0.21527663439375214, 0.5082189539787971, -0.15519908848413444, -0.25223165418398036, -0.5432363121153923, 0.17480991796969997, 0.19052734741487395, -0.11416381356493255, -0.28882749369854716, -0.38681835227854977, 0.5387843533891237, -0.23491105132855358, -0.09426450040505638, -0.2461993585891983, 0.1571837580036361, -0.08972424362869873, -0.3532723915004655, -0.13576140461850747, 0.5534317886275993, 0.03278079596675886, 0.04747087938143678, 0.1617877423150667, 0.3738462210243292, 0.015134334372994777, 0.10399851141778889, 0.053723444079523244, -0.2536790844195222, -0.18710520924431248, 0.08750934529592191, -0.28249435479268586, -0.6764132782218634, -0.5264099611540038, 0.8198890134953746, -0.08671267153630062, -0.10241129470278142, 0.22794814023009696, 0.6785701111056005, -0.15678943646689666, -0.0390284161007189, 0.013364332575897234, -0.37662921162402985, -0.41139389142537897, -0.842938321634153, -0.7879314062478102, 0.05412700133156771, -2.215377126313039, -0.8925478926647599, -0.8704525173052271, -0.8301188924503976, -0.8921564312028345, -0.12036104978508061, -0.0653589825540539, 0.31117976193956154, -0.4173644006828732, -0.026548099549333817, 8.209979460037792, 1.4419435549753439, 7.520798271561865, 0.8225036913804815, 0.42507014503614166, 3.669637916540568, -0.1367777112693499, -0.1494660733288876, 1.712409620445691, 4.2285848057932895, -0.38376900944136944, 0.07157275808614631, -0.6979211337617056, -0.7321538438622853, 0.035398722892626605, -1.5254234783497382, -0.7345931423157923, -0.9136055538892106, -1.297250554456866, -2.589369943652781, -0.5570136464962585, -0.7545113974264466, -0.6344867224954976, -1.5176607836964724, -1.6648072766527937, -1.759338984231311, -0.4790873820740678, -0.6822530936925152, -0.7209306225542265, -2.397126930198552, -2.3405356733721674, -1.0053367809250016, -0.8905954156154331, -0.6843306317429675, -2.193057481272277, -1.015073188195617, -0.9193535270353664, -1.3722279453279382, -0.7908014715687346, -2.744259957911925, -2.099400405983416, -0.4539333442105796, -0.31775260094625696, 7.685459851067255, -0.3996937647307748, -0.522161880850106, 3.094108328267342, 2.7449912565309496, 7.628694065272272, 3.2284473604214865, 3.2633866631525197, 4.238231751590643, 4.134380268331685, -0.49527658593462076, -0.3268835229214378, 8.004316688320927, -0.4438350978769823, -0.5367786923097322, 3.049065519030828, 2.943292154245378, 7.7965264380289865, 3.3171865159973835, 3.2714645977146453, 4.130232622539415, 3.978629913002136, -3.2578451748079, -3.9336858270900215, -9.210764941857986, -2.3132311549626268, -2.059876996619226, -2.1475233989307974, -11.513584800221256, -3.384728573929458, -4.339714738140193, -13.198475382903583, -13.511081651363817, -21.92132109028859, -1.1170060150237597, -1.0164864488635248, -19.03535560776228, -17.47021244712619, -3.213901420489709, -2.071827785393716, -2.0372927540093553, -11.654412332992035, -6.582457162847261, -5.035483190526541, 1.548242447115784, 1.6182983100047512, -1.8691161602608843, -1.0265539804045112, 3.41312258277565, 2.2311316721195804, 1.9454050001880898, 1.858968281132742, -0.5114904895536738, 1.0539949199532515, 1.1828580786080318, -0.5339193701062867, 0.36993794156326987, 1.1146556464026944
3, 0.13536863679601552
1.0957765939760051, -0.6452196609914809, -1.8081786631585302, -0.21234005930836414, 0.24338227599896997, -0.6563375322646978, 1.5750447913159875, 0.6172970527271993, 0.12614651875131544, 1.6083026956122541, 0.5678721036909512, 0.8309073447117666, 1.1160474498785349, -0.5732290871178669, -1.856226045743288, -0.257842306161536, 0.2365929927743714, -0.6441985254252803, 1.1072768012640672, 0.5001403720021885, -0.044255280009229674, 1.3534622525543014, 0.6685866601618701, 0.8486861135000232, 0.6485102027848882, 0.4987094893785959, -3.2984353701560436, -0.9150120754547042, -0.030444728356968168, -0.8226484872579692, 1.483272637128734, 2.206954256107962, 0.6336629541734649, -3.368992134387542, 1.7987104287528026, 1.434405785065244, 1.0631018855694445, 1.1055256387161922, 0.3550616511483161, 0.4217177184642068, -2.6092112626518755, 0.007927673529195682, -1.2012182338362014, 0.4645837037359597, 0.5181537949363483, -1.0775285037944484, -0.03412744204156069, -0.72365199804347, 0.7183710080590029, 0.6992821648871658, -0.9486330321515681, -2.272895508807808, -1.0387656114861283, 0.27903593199617377, 1.7711399203455656, 2.809111528032224, 1.178834121146751, 0.718493638714532, 0.7073283237073142, -2.2128025611324147, -2.7203480972502527, -0.01972605177961729, 0.353341136435619, 1.218752759010507, 1.7900923798123707, 1.323909744218219, 0.975418701862102, -0.8517684547669486, -0.0003218688473831747, -0.7013042024075149, 1.512375162064946, 1.236485148199781, 2.2745844186558015, 1.1230177458679607, 0.9385537070421726, 1.7155572927525227, 0.8719759768891078, 1.0069841217707263, -0.07441940472408379, 2.4563038758999705, 0.9266302439842039, -0.9391534267118753, 0.008947368252456978, -0.6818041244654921, 1.0460693161327592, 1.0087667303073296, 1.9819130272266852, 0.8532204623897004, 0.7125323050096016, 1.4085997040862483, 0.8684938962416217, 1.0788888307079552, -0.13309304112507847, -3.212241854120495, 1.2778983702896103, 1.839411719869826, 0.6337756957282991, -0.34535121005192787, 1.2681688090062286, 0.9818105980879006, 0.8861643762205719, 1.0613057870970206, 1.228467566371709, 1.8201696433279841, 0.5103560108524683, -0.884874467444774, 2.270200322555313, 0.7176772778859571, 0.7183842271918278, 1.0062443853776208, -1.7058821391830272, -1.4923972363636586, -0.3210281958320065, 1.3219384808162484, 1.7756109131591267, 0.889825376328939, 1.5555324999254674, 2.2652624723166035, 0.9797211424464075, 0.6497103613869126, 0.7233954937892538, 1.1010147883805048, -23.551863478538365, -0.4199611604322098, -0.32537053720102505, -3.212115123549865, -0.9191750075923726, 1.3365646248844805, 1.7110820089510144, 2.2693980566912537, 2.3507683823200933, -4.804588461380936, 1.0218604882807933, -0.40326783443472153, -0.5164421898002971, 2.6088241844193933, -3.351867567504176, 7.640555749353718, 0.2791807441312277, 0.3627829546011785, -0.7490842691758287, -0.11399989627098682, 1.0568868665969433, 1.5329558382675854, 0.3585019950774131, 1.1596937674874361, 1.0147461944372056, 0.42457160166948954, -0.5792184969717024, -0.6605826800395753, 1.2774962340798461, 0.49788968374492754, 1.2156494589242617, 2.615799247371216, 3.946731829426102, 0.7023438014299525, 0.354869344668103, 0.3499359655911938, -3.531045633266169, -1.2629548274230127, -0.7168357605618194, -0.35695603069709814, 0.9176076729879337, 0.4707811477733283, 1.4224322263608344, 2.2933058981471475, 4.018483343440634, 0.7008305796390851, 0.41679085732227367, 0.26391322977849646, -3.58968128913023, -1.3195461669596527, 1.35258508069625, 1.8862023239117387, 1.178463566391569, -1.7004748111131622, 0.57255513606821, 0.4955141976150797, 0.3359100614614844, -6.266527170746961, 1.649622450387964, -1.719734231544842, -1.5401056329249079, -1.4545072221087771, 1.1234525911959836, 1.5733474615746936, 0.4005877026846892, 1.8007905882393858, 4.269468767891655, 0.4984091506432358, 0.5448776217675305, 0.5184075674174877, -0.31450957655607786, -5.676551378546873, 0.5489017852324495, 0.5504099653907978, 1.4929654835643482, -1.0237030797487425, -10.04864086518979, 1.6918641917927129, 2.4718512075932453, 5.2025847355308255, 18.9652701436344, 0.8812984304280287, 0.9017991043461713, -0.4540983820383545, 2.2983614503202645, -23.903771153952462
1.0393167153135259, 1.0165010847086144, -0.1547311726008674, -0.0282370478306319, 0.5729189349666276, 0.3458069467707371, 0.4054811200102829, -0.7283054382025517, -0.5627620816684443, 0.030128419670816826, -0.6879577359576117, -0.7597305190764874, 0.9904197703187014, 0.4234993657318096, 0.2273727468079525, 0.3380728333246405, 0.5696663107241798, 0.28492128201340977, 0.7836563174190099, -0.09562230568177635, -0.1738700549986711, 0.3075632982230153, -0.09565289554783357, -0.1016407886754526, -0.7589472411554615, -0.2707183093489955, -3.9441399470070886, -1.8157374169849474, -0.5233401581390524, -1.4852017949076035, -1.7855393428359816, -1.5498075071394717, -2.9560437381274265, -4.816679462696064, -1.1056398184669782, -2.144219027917553, -2.0799902437975235, -2.5745089765323317, -2.1688791047148155, -2.4987282199168424, -5.2373067430541775, -2.05015794420037, -3.2311994482639657, -0.6414730196941393, -0.9431134476866139, -1.8178949615070783, -2.2052983232298753, -0.349423900027256, 0.12815505163638122, 0.1020677581625487, 0.14865547279672486, -0.27263674480469186, 0.09836432680919452, -0.12925209627096018, 0.07266163110777747, 0.0819929628411906, -0.26147266433009425, -0.8765364930689346, -0.8345050069387577, -0.7519131561194878, -0.9846651529286852, -1.370310522814936, -0.22701706471017014, -1.006872038090426, -0.39826784648400865, -0.581215385871982, 2.921347713826228, 2.104547020281496, 3.106402319278993, 2.313285414244675, 2.983948070864986, 2.54097724483984, 2.5497021404016573, 2.059396896801454, 2.1249149809862504, 2.3159226401671407, 2.519587148792758, 1.8250193192017492, 4.328872378581162, 4.366675151233688, 4.256210818204497, 3.094627363197783, 5.129161654585262, 3.257914594774319, 4.2942129341545385, 3.7563717402400223, 3.7429313210875232, 3.1727488449659207, 3.6615901747248683, 3.269939473573961, 3.5477193627361747, 2.5582693071142204, 3.041959968486105, 3.1083295477581623, 3.6019511132915496, 3.09662318101955, 3.0563917793484863, 6.123127112251648, 2.297612435639782, 2.7319258097944243, 2.307253919125216, 2.296559729738649, 4.776997479195431, 4.313637186062001, 4.536932323148514, 4.793798285173745, 3.5209347193926037, 5.85086873809218, 3.600562319131843, 4.174338899023047, 2.5064802074658825, 1.8539371858257432, 0.3357790867036017, 1.9334403249070395, 1.3214267556656392, 0.9467450558373939, 0.6972289931814737, -8.895946543487648, 2.716142044683732, 3.5007627074902925, 2.883426638197147, 2.6954321525146345, 3.4338329840660236, 2.255151199498707, 1.3488208626006222, -3.4973038737013566, 7.878853611069131, 3.0496535584263094, 2.1293010795003466, 1.053852349907537, 0.29724307639742814, 3.1339520044299656, 3.5392461697387314, 4.965634560791894, 3.8981472049485, -7.089417491288921, 5.894122970489139, 10.822950747378808, 5.22237208353765, 4.613018218177198, 5.394156949690215, 6.018851841590973, 4.710120823069828, 4.102848916547694, 5.50842943887835, 4.881525826490352, 3.6748240830870316, 5.861917625958775, -0.06501959764469592, -0.07213534310058148, -0.9260328747510694, -0.0679982825790183, -0.06153000394626824, -0.6297850168485926, -0.592903667308867, -0.7201650790222259, -0.2806862523092656, -0.370452575584893, -0.6921565262822276, 0.25005375302967087, 0.351264012280595, 0.31435730490577524, -0.8072420419775808, 0.34035583929168395, 0.3606573275364744, -0.7169292257113945, -0.3173953956557077, -0.7619170535943939, -0.10031396869566812, -0.6080162438860324, -0.5220503634079214, 0.02097938031672561, 0.6991804329769059, 0.5889143265987333, 1.0147936968303415, 1.871292317625674, -0.07467612879198142, -0.24097561867926104, 0.5474276448353131, 0.5912519694590416, -0.8933768726779157, 0.29696405475204196, 0.4902195985585773, 0.9267128010194012, -0.8645634124951589, -0.6266030499657622, 0.7482603487930347, 0.6738006025714169, -1.578346690412097, 0.10869641315220092, 0.43730567357617023, 0.47896395779483664, -1.1007348014886325, 2.5993080206484365, -2.6009846298960815, -2.7367656644950658, -4.042000851357681, -1.14143809938261, -15.351351688420797, -3.8831418596171727, -0.16148042579725122, -16.5920176258233, 4.35849333199754, -0.5524706135240143, -0.3270621749201983, 1.4777110617579496, -2.7080735358897634, -6.129219290757577
3, 0.12055291035915189
-4.945112849844772, 3.6484198362877027, 2.543651507458624, 5.793024689622457, 1.5546649889440236, -0.015483547100914681, 1.1952834428342527, 1.9233861774264096, -1.4963834001770109, 1.2650078228945776, -1.897007014200483, -4.0598937067848855, -4.9109948777091175, 3.488966141983807, 2.6592842848797336, 5.91493164774327, 1.5511122539034154, 0.061148952922705856, 0.6960196801560444, 1.0698402632461372, -1.7190265926805548, 1.1696315484350435, -1.6363348851389816, -4.096537534436541, -1.5603388808048788, -1.6670692444960526, 6.758893160310544, 9.416018261462915, 1.5719236222554218, 3.8131662248912166, 1.8744466107404676, 3.7705139851092575, -4.249205555187352, -7.952901056606147, 3.3268879519770493, -5.071037544381036, -4.962137504556013, -6.660083279970288, -1.4776602115554005, -1.6174214907812445, 5.295065629291607, 2.955443448634268, -0.444985831065167, -1.311129560990042, -1.4198769749267084, 6.883123900401235, 4.472875591484548, -0.4917370455626103, -2.9723579804078004, -3.0175782170271197, 8.17909319458627, -0.3170403550047362, 8.495897713668294, -0.8537342447969938, 1.6412046547027257, 3.0648532798057952, -0.14145880192989588, -2.9275871683567685, -2.992871714674121, 2.7795041907210516, 7.121985403891225, 9.382440062761626, -1.0752619495443574, 0.7299942281752547, 0.8254736049093334, 0.7844914616349838, -4.275146911664414, 5.0127192534905385, 2.7915523663611266, -0.3678819719102811, 0.4015238884559207, -1.2608959139492883, 0.9741602303928134, 3.40161169456069, 0.5390740086511977, 1.630748882978009, 2.7225838466676455, -0.2131968887080371, -2.526785487328267, 0.10210338218272735, -4.18540405582445, 4.448529077187115, 2.798870849790768, -0.40014304156208474, 0.2887310388923691, -1.7120228259646058, 0.5994720937032813, 3.2997358003806996, 0.26660358543100415, 1.5670254588999386, 2.6824245183530833, -0.03951099823316255, -2.4975986415681857, -4.476909453204152, 0.9953154871622162, 1.9499467195882807, -2.2190489064245433, -2.769126170804678, 0.9009381607172181, -3.0876612735852604, -3.8819170093757998, -5.990538009489872, 1.112716755052051, 1.978138191654374, -2.528360444316728, -3.3106484919201065, 2.40232916419229, -1.8201287788088232, -3.0024198996898623, -5.665217098292354, 10.981259376784521, 10.401455248441222, -3.630296590614819, 1.064316327115645, 1.4800632704195442, -2.251989659469836, -1.4620609014453696, 8.560090264501016, 7.9149149797627905, 1.208366063492559, 1.2218305303454213, -1.8197799848370797, -25.317357532038734, 0.8843933362021089, 0.6765800507083315, 8.834912526361231, -0.07048961091131246, 0.7621034683636035, 1.26232906234513, -1.174262418476478, 1.8902848146891356, -6.831423606556432, 0.9885344991880386, -0.7378866962899377, -0.8580594902889079, 7.099190748290495, -8.49528375300491, 3.8424059282542222, 1.9850478431611824, 1.7111597313278348, 7.567044245887853, 3.858585572835563, 0.5468136811391734, 0.72059726677605, -2.5521775195013765, -2.166279226565396, 2.9517278781042426, -0.6451031685667145, 4.3613347748030415, 7.189941540336163, 1.0324342783359388, -1.2806406208331524, -2.7835900818902712, 7.218506019188862, 2.374761524784984, 2.309729386648796, -0.8844980627290044, -1.463834112394257, -3.4610649790938863, -1.1254168315897763, 4.914275618738505, 8.674588228536987, 0.6712599408993747, -1.3375226314741806, -0.571673926688352, 6.94678562000278, 2.402425912459809, 2.282821686903927, -0.8365045987016879, -1.5461825090278818, -3.486441805711312, -1.2006751445288353, 3.3156778558411935, 5.9259646910191, 3.3132239810915696, -2.7915609123910867, 1.1362436676198935, 1.0446493653734374, -2.8465972881048724, -8.90481424921392, 4.643965447626006, 11.071648634778148, 10.704334948839056, 14.69129596975656, 0.6868763276419372, 0.8420413237840688, -1.4619072127179107, -5.567391916742353, 6.621887967225333, 1.0328676016605258, 1.0689972088217703, -2.9985447311349365, -1.151310965364604, -7.1864871690698084, 1.312123246773624, 1.2953145643631947, 0.16147100476276383, -5.552196047200404, -5.375044443122906, 1.8335011608586276, 2.7379892073002665, 19.949201530822467, 10.950345250640884, 1.8091480317317687, 1.8231099278274667, -3.3400639063631212, -0.03569985383449181, -17.73877881334401
-6.576962296327179, -1.4439362804553701, -1.6725595144330994, -1.547085899786394, -2.1529388039399033, -2.4804175111072206, -4.873045483318452, 2.1292006192548816, -0.3805449340813808, 0.3237097554533354, 1.976856584949116, 2.247991684550703, -6.564724638793556, -1.9905052559829226, -1.2300267086556564, -1.097276978136061, -2.065426007460901, -2.547162941389286, -4.480342449659076, 2.932476943984778, 0.088076797774014, 0.5689477827297144, 2.9328099454051038, 3.0091742746954306, 2.645059229227107, 3.196618878015551, 7.054892970332093, 8.75018993102553, 6.136167145465515, 2.582588204942541, 5.231326094394272, 5.932515972983862, -3.2726827609805444, 11.97115327052003, 10.385722225431897, 15.853591949153763, 19.442754990429503, 19.13024746577449, 3.1390025543266127, 2.6570538432669957, 9.189463450756845, 1.5108733162415164, 7.976517933984681, 4.9757202114061485, 4.542026272090762, 11.656168306888347, 6.751661270298341, 5.402216134940845, 1.6619585470443476, 1.5830572910984861, 2.1992621305653213, 3.762206261750883, 3.17923439374078, -1.27359361321529, 3.023916674304755, 3.210161680125893, 4.569677634073602, 0.5773235039459668, 0.639533348745798, 3.724649309706533, 0.04154158550142656, -0.07889426125506774, -1.263028112315975, -0.17084876592636936, -0.048825594180872636, 0.22232680594893464, 0.302218381614599, 0.7045310430632163, 0.7882422737588921, 0.050306551141913354, -0.18499042962626994, 0.5166524699317271, 0.5362688496124672, 1.1309543853688722, 0.4379236568310721, 0.35186180009975204, 0.332201064809232, 1.3838735654925352, 1.1936558795591636, 0.7022199802617866, 0.3938652846637324, 0.7420632680171295, 1.5583805945230171, -0.540726315665852, -0.4945979214568531, 0.6608192655276416, 0.5947370130599428, 2.6321373176184304, 1.3401888109496554, 0.29487570515522626, 0.09993101508774668, 1.710297041307258, 0.9788538178728755, -0.05338023630185237, -2.3521782881984232, -2.4122580838373935, -4.763084450433534, -1.3212692160858097, -3.10108969159979, -2.812291599487993, -2.7948155456293144, -3.1025778095340653, 0.10398408620094174, 0.12216827387511603, -1.9942775466547868, 1.4074756172469123, -4.270252110741151, -7.441787307696245, -1.245972087386139, -6.979063370619172, 0.6541451188602267, -0.10021699223570837, -5.239647550410477, 2.6512466477517553, 1.6957498517145784, -4.143672550949509, -2.9528478210405926, -13.45238332303292, 4.790840635984636, 5.884352874067815, 4.9764403365922485, 4.949891476690266, 8.364639603436796, -2.2511426928717846, -2.820734292155722, -9.365558707538458, 2.00933441842591, 0.026137826103971685, -0.5671096858051223, -3.1875896086675404, -5.231646233799364, 8.51107272440453, -0.8069195374879683, 1.8748945344196897, 1.0944334722636595, -13.173940703780998, 9.745018067693508, 5.560752612354537, 2.0542949953446263, 2.100098591555176, 5.693143240323323, -0.005796277649397882, 1.4488053711846274, 1.4791388573488833, 2.3084211348731256, 2.78392714293504, 8.535736552220879, 1.608392888972462, -0.7462447266116353, -0.6675081897778432, 2.598230249210918, -0.7156727134913224, -0.7861044862610489, 0.46939140073829977, 0.4253594189592408, 2.5898351376405855, 1.218901095718549, 0.6383042241673025, 1.0298103801113703, 1.470987665493827, -0.8425585015706764, -0.7413597670763047, 2.7655822894702133, -0.812466125356011, -0.868167372815096, 0.5536403880643094, 0.6246464282228409, 2.6453899566679637, 1.1534599413734583, 0.644070579805034, 1.0896016980227694, 1.1824640286049704, -0.4017998109494036, -0.6479515268013109, -2.870411947743728, 3.478504484282266, -1.333854014631149, -1.2880899557688918, -5.133986969914086, -0.5401367588903079, -4.153869540874598, -7.82395079595604, -7.948841990604083, -12.186252664718651, -2.3094546951230246, -2.2536453394164893, -10.742774483571203, -9.891773260369334, -4.791748554573875, -1.0833575981218915, -1.10835560624993, -4.653022200195815, -6.084514658525402, 2.326063626744643, -2.168281594079226, -2.2287958777117023, -7.165137084261195, -1.371409469994035, -9.447202409287637, -3.009149870262809, -0.17786609882961, -16.126988073769283, 2.7632941947521052, -0.13631875914226824, 0.15610361201750625, 3.1820542142907176, -3.895873575951553, -2.742327776803257
3, 0.10829525666661115
-0.7257355235641259, -5.629440403931227, 5.499023185574948, 7.280787637552365, 1.3608511546155, 0.1731497008352003, 0.3380061524584578, 12.25098712582664, -0.8823503707481243, 0.3736714956729444, -5.009384296840608, -0.3365656000135026, -0.9742146141610079, 7.25020388930687, -6.222791967596772, -3.497554378421287, -0.019988555557039912, -0.6894526033634708, 0.9425777116283754, -7.654159548902537, 0.4005130205017092, 1.076447700699352, 3.281024056648395, -2.0437758850472196, 5.420893917907931, -5.289922086418036, -0.34356021634196837, 2.399634893676177, 0.12218577468924535, 1.0491055101504185, 4.481697073582209, -3.5279857586942867, -0.4747653653397585, -2.351712171581528, 1.6059879290049, 8.435195739103534, -11.576030723968, -1.8186272989555692, -5.641667085556371, 5.411012486890652, -0.05456081783846838, 1.055087831391306, -0.7552083901518665, -5.4511585180545294, 5.480931119736855, 1.2272214295064434, 1.5950137613751336, -0.6489818845775934, -1.1076414282955074, 0.29566744445009335, 1.9861099031848595, -1.5063945846108824, 1.8735692928948073, -0.08414308707854867, 1.5860989514475379, 1.1968288529008362, 0.08826964000520296, -0.8625500292915164, 0.023311169875465165, -0.2579624808201202, 0.4548606007174474, 3.5441144707598338, -0.2268925891468279, 0.7704753674774364, 0.3693829644497686, 0.6417281299061829, 2.677758907723398, -2.8449184249284944, 1.3918701721126308, -0.26534384984429005, -0.08605715293212587, -0.12902742233742073, 0.19779804697596068, 6.341993689283787, 0.4130860186059511, 1.3204072144368602, 0.17430173949445563, -1.5238826190206933, 2.2917106146606496, -0.7133499672017435, -4.058677980335907, 4.362882651417693, 0.6169952939572615, -0.7092175317032211, 0.866572232172989, 1.3221929832655164, 1.2887482060188862, -3.0846155427657456, 0.1734452559046092, 0.6314661787239843, 0.9210416237138084, 1.511613819842889, -4.290083626312248, -0.5169207376881985, 2.020816611369374, -0.7671487068972123, 0.9633435826854231, -0.3553415741361094, 0.5426235441292414, 5.430721088993845, -9.253090876179641, -1.6232833870708947, 1.7538992150009356, -0.412341715521735, -0.5673842392588692, -0.888468758267051, 1.3307621136133583, 3.57887238382024, -7.276004434972494, -1.5978467445389009, -20.142213002266608, 25.559525591768217, -0.8163649530358774, 0.25829398717494195, 1.8429177797957115, 0.9835257965382375, -0.10999573775740466, 1.6678624591479807, 3.417097674105699, -2.723079385573055, 2.9395536461689025, -0.3479601140588187, -6.281785309196798, -7.840208494925929, 8.21187917257315, 0.22709258319190972, -0.6026308693564048, 1.5006067075138376, -0.3593702082734184, 1.1087785202411842, 1.2341844598577365, -1.4233501165533313, 0.5968602462983617, 1.6024639303785735, -2.838138858497339, 2.266347707916437, -2.6723507651515086, 0.551240973194625, -4.640343183869204, 6.50121358792345, 2.0573050245307387, 1.2718251203581317, 1.0621184124370957, -0.16389215912605393, 0.003026863725644236, -0.3615302046581415, 1.1379794199168107, -0.21695123996135107, 11.85656599450371, -0.026688207376140978, -0.1655640099566583, -0.007622267426151392, -0.8149310266884529, 4.471336056393761, -0.6427995431037894, 0.5115484711466998, -2.7945061098846984, 2.0130516419351565, -1.2601000629271721, -0.5148967352072771, -9.947975350057353, 5.489921059877016, 1.0746781527841192, 0.39423728756216936, 0.9130707698644727, 0.4887758579587065, 1.3670663895458022, 0.4647075003931938, 2.1273295328897515, -3.027774589863923, -0.8421272027247753, -0.3152419644070897, 6.565615441937613, -5.625150553950993, 1.4052544881424343, -0.603756551447827, 2.360788999444451, -2.1890297374336347, -0.5421841887845816, -2.705712002388972, 1.371657172458609, -20.311807032908654, 26.199716696389306, 4.731504038652374, 0.38588736690063996, 1.1755012626969028, 0.12409792434082192, -1.4141701910473612, 1.4160738779235225, -2.095084757072004, 2.2943176996412338, -0.652183085650356, -0.40670346077135844, -1.9885448589462213, 0.3035630803103698, -0.12659151579152855, 0.04836559777262845, -1.6446680737337862, -0.6607005655545012, 2.8688095973068526, -1.3904336858540136, 4.7255066004798225, 1.6477737387118947, 0.15829968447709686, 0.4103880633521829, -0.8697581612679144, -0.16651664242673986, -3.19915128005851
0.4721710148215363, -6.479506720521047, 6.15472084902809, 6.016183662120898, 0.6979087727770635, 0.42501612741414346, 5.977987279059883, 11.072443497372893, 6.231937486608369, 4.299190233936773, 10.635258936508944, 11.412246177368466, 0.006919093914368365, 6.442793607185948, -6.157316898371028, -6.140745225437711, -0.8171267690414892, -0.3680034750843574, -5.6470371314319845, -11.34377785884032, -6.258576674498215, -4.640609567569562, -11.344452985898203, -11.531182267132644, 6.982307653359426, -7.217192266109209, 0.2634062132214592, -0.15779516940092128, -0.3704126060466868, -0.02171272241661155, 6.122594208790709, -6.048438356434514, 0.3726140132865403, 0.23791516469576668, -0.7086113506526921, 4.676136023242523, -7.019019938432884, -1.103182931825141, -6.378018952650261, 6.681328619327134, 0.4545161957827332, 0.10251178798548295, -0.06640440806568756, -6.3339537468153795, 5.660846684304856, -0.5145022114275396, -0.09262227686481803, -0.5433868563013342, -1.0335267980740324, 0.4564245162166382, -0.3155432607010726, -0.3008629472626714, -0.4063858655733089, 0.1510872994444883, -1.0038953113918911, 0.22032610748168127, -0.37981401893067473, -0.44968285267062374, 0.32291429276282807, -0.3595434817957908, 0.0027313405875652283, 0.19313854038016487, 0.13789165763291283, -0.29367385312195404, 0.14619878600297728, 0.05097527389497117, -0.35414191076944324, -1.4989867860676207, -0.5178241150513779, -0.44620089890140713, -0.5702652061505834, -0.9625591687043445, -0.8809468642834286, 1.886217537965161, -0.23733372209596748, -0.2945633024364993, -0.7130965386624986, -2.3685878299214065, 1.6793103553179143, -1.7551306681113805, 0.5467259452430975, 1.960508735619946, 0.0007282954816631731, 0.4827131576238191, 1.3399895605919199, 1.3322583782633381, 1.10919942303805, -3.663503339790392, 0.10040205910825158, 0.28090224688334153, 1.0057920731865915, 3.08203968153734, -1.7513625016704342, 1.0475536340596812, 0.5388113014323225, -0.620425927242497, -0.24935821055516508, -0.4174707533118103, -0.02148661092809438, 0.3000447116691831, -0.24930594373331166, -0.023843089300082523, 0.2595352033508756, -0.7201204949239248, -0.13827562566773227, -0.4750385489570057, 0.07771679687574619, 1.245310385197311, -0.8631270450615757, 0.21300084151717105, -6.622250032864719, 6.2849242179690155, 0.04590164772210498, -4.119088137919477, 2.6598297611658404, -0.33549332154409256, 0.05812567414174418, 0.9197766556645123, -0.6126085735887218, -2.87689546513337, 1.089542625868341, -0.5402903932806158, -0.670960938920489, 0.06527864285102099, -0.2534776917652392, 0.5588509966379094, -1.2674115349616142, -0.6312554903085508, 0.26530278964116305, 0.00779318986196381, 0.02632305202334963, -0.34800705270357546, -0.4359736309017385, -0.010411631758066451, -0.7445515401644591, 0.8751074167481099, -0.7762445132969163, -0.17688709759330182, -0.382348071693689, -0.7941013468446252, -1.0511032289282112, -0.8028599752748429, -0.7651408171875693, -0.17165823075301917, -0.8124545187846488, -0.631918115255252, -1.145307712010344, -0.8684868453900123, -3.574216999399568, -3.3751982306916197, -0.6660756784261833, -3.499691049620871, -3.6764048202086155, 2.255092278360454, -1.3977950115774713, -0.03420581467306885, -2.380991412896672, 2.1682907337663075, -0.26436620572185826, -0.11228167868037395, 3.8977858098248808, 3.6372016467478216, 0.5569034830863732, 3.822906605220568, 3.965844882111564, -2.2967316722239888, 1.324169973623938, -0.05439347680057349, 2.2900287602833433, -2.2391687376169287, 0.22554059702091847, -0.09404225970604128, 1.9959265472979844, -2.1020289990852907, 0.09148808844521474, -0.5944895036806032, 2.5288385915168736, -2.332186712502337, 0.31183981195312976, -0.04329298501700416, 0.34728199030549045, -1.2819487808626981, 2.304648553720947, 0.9416640254465392, -2.4523573165108306, 2.80452728063659, 0.8593791572689556, 0.8284541781873074, 0.38572062203719915, -2.492004633677236, 2.603532699297216, 0.2791986160257904, 0.4625607123826848, -0.3175304138039787, 0.4340768434993665, -0.04729058045602699, 0.6512213736186846, 0.05072736628445237, 0.5098358083921316, 0.6596232098108759, -0.24552690231746058, 1.2818804242237594, -0.06801183033864824, -0.0057810776554037165, -0.16850899983628734, -0.4466069441516961, 0.3065905095935465, 0.10116341211983199
4, 2.7593787108262875
1.8571736623840995, 2.73628340184565, 2.9071852412178445, 2.9527770221580205, 2.883167793959081, 2.899236318679989, 0.46541399014029067, 0.6147757244388279, 0.5329645738963593, 0.5407343581967208, 0.3548733673205218, 0.21999737004900363, 1.858523013736834, 2.7371157470754213, 2.885143402387167, 2.9677771646300495, 2.885998929432372, 2.9018777823293207, 0.43312813693148067, 0.590697531622993, 0.5166226360839885, 0.5178104833583184, 0.3554432113281226, 0.23174067922439512, 2.6706590191818655, 2.669800577786989, 2.0015631160665985, 2.0362852051273665, 2.877423676961427, 2.8943500350998117, 0.8791275879416002, 0.9537179969251328, 0.6696128361850499, 0.5883992843192049, 0.5516472576123354, 0.7802424863218801, 0.699740684952681, 0.23974197794596208, 2.793963556688796, 2.8018383424959845, 1.8796598948156995, 2.0506805502704624, 3.0997106962053462, 2.801745211120818, 2.7906158565605415, 1.8871713056195094, 3.2049605043321394, 2.02444692424499, 2.870611485307369, 2.865794837755754, 2.883112451617245, 4.287166084517929, 2.7203276589417693, 2.080116863597484, 0.8343631335497413, 0.9091899911934046, 0.4925299271148388, 2.8831827740815, 2.879329095574072, 2.876782703541597, 2.7216859606096446, 4.751769067296197, 2.084325877955901, 0.866723426707025, 0.9439057901977381, 0.47089372787904754, 2.1361078279235435, 1.8468579728395056, 2.2158321733918793, 2.0892824954040967, 0.44958633739295883, 0.6035621955214098, 0.6114125337390329, 0.6720230110968652, 0.6780554662826982, 0.7220777286148407, 0.25328131684450883, 0.2801962067766739, 0.39082169046303034, 0.2544427510387233, 2.137197070194917, 1.8392518667316529, 2.1945667046179493, 2.10989952501898, 0.4162707571509368, 0.5973019747255539, 0.5782477063018386, 0.6602926527037134, 0.6595055264485958, 0.6984775008224641, 0.2580825790321996, 0.2877365371189701, 0.39491276900999234, 0.26469501650659083, 0.5637262155325701, 0.6057526806885737, 0.6737079076301964, 0.764414174019353, 0.47512332874832053, 0.5297148514032821, 0.5768990052098142, 0.24320429751, 0.5609407009837925, 0.6194156166672954, 0.6470367518958523, 0.47662693141349366, 0.7473377676777002, 0.382261934899406, 0.46404767641110367, 0.2376189141218324, 5.156115060608641, 5.139997508831068, 1.756023429937123, 0.6353067343791963, 0.6874716404481517, 0.42116974107513544, 0.4094722124308846, 0.7870240035552278, 1.0155157066312976, 0.3915898823127171, 0.392453769329831, 0.27373654161939576, 0.25763423453584167, 3.648839795974494, 3.6593439004895574, 1.96114085631997, 2.081780466458326, 0.5832582699328391, 0.6322731955253519, 0.5068713623264264, 0.6539903316501504, 0.6474621941193649, 0.5330172497368668, 0.4955908806640571, 0.4939454295360745, 0.39913046503161553, 0.44158487481421765, 0.296190624440123, 3.4967917678598806, 3.5174195222737823, 1.8877525731007734, 2.1478729473625195, 0.6049837993988201, 0.6577973598192812, 0.7030887226696051, 0.5109332517724341, 0.5488405226789713, 0.48804795268897555, 2.758412030078551, 1.6458191520213081, 0.4542154427227704, 0.4270832307788232, 0.3194771628114457, 0.835893284163574, 0.4373596062275511, 0.22779077631329714, 0.3385327018469686, 0.3503095178471927, 0.34240045216082615, 0.3670791923812948, 2.8880625930875925, 1.5310184872834751, 0.42707984439708907, 0.4304197332632969, 0.4078396349503416, 0.8168751575612713, 0.4350262934464156, 0.22836245271533004, 0.33941238462230827, 0.3480611629574663, 0.3411416257663004, 0.36741079283312367, 0.8167281057561002, 0.8471894042040973, 0.5966153296268311, 0.3634325123813746, 0.34833895218687017, 0.3469377762237565, 0.2514308530700142, 0.32014231009005506, 0.3836533594495964, 5.2009177096504215, 5.234572354553116, 1.9136688742955168, 0.6939378036195415, 0.7519949358865479, 0.4251056921997027, 0.46273819051404125, 0.5624556264264744, 0.33377308434758013, 0.333411250881531, 0.24132972898535557, 0.36136985317863807, 0.36494745440987303, 0.34871741318143445, 0.3489756424519355, 0.38447143428144226, 0.2833522237257611, 0.2915984597527554, 1.1994265462880982, 1.2958374860424222, 1.3478828652518986, 0.3950380600839629, 0.356021027969538, 0.3546408098820457, 0.36635903385389973, 0.376119938416757, 0.24962529126062954
17.523692616242943, 16.833425440212636, 17.71111866931466, 17.71170983574411, 17.309266474290155, 17.400070369235564, 17.68040105652441, 17.472383563287927, 17.687401593936432, 17.6428163221095, 16.981913076115337, 17.849574747521217, 17.515237220504833, 16.822505894316, 17.718109870577184, 17.71844353176676, 17.28363850040304, 17.389703456960202, 17.672961632517048, 17.4792552623442, 17.667347069082584, 17.666724068895835, 17.479363157229905, 17.67885825849936, 17.203560385717985, 17.19076628007388, 16.974369357202647, 16.918065387346136, 17.14478244031849, 17.10650350406557, 16.799567108102398, 16.85423101974004, 15.376766354634531, 17.671623888929496, 17.554272646789524, 18.85945453419816, 20.448805086101586, 17.304042603421163, 18.040892187162168, 18.05577006439712, 17.95239958931155, 17.87515444693003, 18.16183614716196, 17.979454313629265, 17.999163610961403, 17.901315284085094, 18.139401807954297, 17.877853405520007, 17.635708538693198, 17.64636318520339, 17.472314869880098, 17.661351419673736, 17.66025044468012, 17.72105129118992, 17.49055029084965, 17.50528074735236, 17.607540821542496, 17.7777959578826, 17.779082255159835, 17.75527072874977, 17.718455160043355, 17.710669938123377, 17.831901145643528, 13.570941133761933, 13.555067400291744, 13.545121704253896, 3.5164882957390002, 3.4291262609193165, 3.620647915414732, 3.502876107385367, 3.988811798123785, 3.4772006282201975, 3.514443086062803, 4.569911933327173, 3.986388009122802, 4.135263195283995, 3.57000699826394, 3.873408413414605, 4.658913429130735, 3.9176406010148574, 3.771857852619934, 3.710116902278408, 3.918271572030787, 3.789990716985129, 4.305454472454642, 3.748760811330409, 3.790238288514087, 5.003802366019426, 4.341569470488428, 4.488194920403508, 3.8526639923690085, 3.744925142131509, 4.5398769486174215, 3.7771926115644847, 3.3389448922937994, 3.2687351869595367, 3.426944592426459, 3.372420687205627, 3.3018085995679667, 3.381895863890235, 3.168904420048988, 3.2987795151354007, 3.6033733596550723, 3.532313296670041, 3.6783543028204577, 3.68404791239789, 3.4196823633072007, 4.9821035010440164, 3.1259856245200375, 3.9787346137668615, 4.881152856373059, 4.7796956468887, 5.346594451562148, 4.203856839151524, 4.067793667736778, 5.179701284976925, 5.271502441886608, 3.90001867744657, 4.497595267429324, 4.360740713805843, 4.209916503588721, 4.485993159633749, 4.251821040442513, 3.8956379331856503, 3.7655594231433343, 3.6626116526527306, 4.2041077767157, 4.233291570551694, 4.100315133972927, 3.8240888260482793, 3.8146669142723084, 4.885020575811624, 4.326222163655687, 4.029208067131238, 3.8853547204690524, 3.644911733199583, 5.0519872563463775, 3.415900832443467, 4.1051168517222925, 3.961345623731893, 4.089955150898899, 4.038599834671328, 4.481416101007209, 4.3419729702212795, 4.064239962289131, 4.434774287306397, 5.966077113230054, 5.099153995977245, 2.4408321053905455, 2.341709499252418, 2.399416661788967, 2.407689458881407, 2.493941522353979, 2.3702345577867407, 2.3964770740713845, 2.4373383858281037, 2.487970216812688, 2.4232558562795, 2.4011087211688107, 2.5100295761787392, 2.4539941909564855, 2.335381462488381, 2.4011252370703122, 2.423637293027735, 2.4881117539944126, 2.370681850480454, 2.3974442751159093, 2.432002794830158, 2.483001140718214, 2.4173284853511694, 2.401840834447493, 2.4998860832172727, 2.4274148976790086, 2.4708784870823917, 2.480684902214765, 2.52561558519836, 2.4428574311140334, 2.443314143420153, 2.5038071851936214, 2.4609085640419743, 2.474650675377476, 2.45573128007653, 2.4118093897324857, 2.447655293613907, 2.405722115522462, 2.4032940932775193, 2.455105331968775, 2.361945318571054, 2.429675605713384, 2.55657620874759, 2.5629987567177737, 2.590894160506535, 2.441872905767588, 2.715943302755393, 2.3434429910770085, 2.3427948143385406, 2.358265814306627, 2.3435699996026833, 2.434003335321374, 2.500600107276362, 2.494136147178155, 2.4257491378136558, 2.602557896645465, 2.456277817517545, 2.4601803044819675, 2.6734524287388863, 2.5805748944091325, 2.7333109838876366
4, 1.0620037811630216
-0.3873849520716519, -0.5198235070996794, -0.6266992640727876, -0.6376198148884931, -0.608091232104408, -0.614179427459156, 0.5292354717403064, 0.4912189332187366, 0.7976287875175476, 0.5305635186024866, 2.7024285844518157, 1.724708048667521, -0.3867824456931054, -0.5202578576373245, -0.6217753371289154, -0.6408165335145256, -0.6087798868791282, -0.614545001674943, 0.49255444027405537, 0.4864677131597935, 0.7855017711661058, 0.5080634358714978, 2.698150045350734, 1.8170381815805603, -0.5202290732345934, -0.5232601293510657, -0.41726581420622083, -0.42791925807346903, -0.5898703145185319, -0.6138445660282569, 1.2175539022785562, 1.3112031213627446, 0.49509360233052646, 1.1930910747779568, 0.5331134724432536, 5.924682793448811, 5.331062606826899, 1.893618980267835, -0.5862929663323405, -0.5882514239815352, -0.30888046451997003, -0.43511710079140126, -0.6416524735057253, -0.587940907783787, -0.5857382725529662, -0.30734219247921907, -0.6730691949992036, -0.42508792494698483, -0.5920128344165048, -0.5918902210758411, -0.540699098637208, -0.9298118725524441, -0.5799004177265372, -0.4553586818411317, 0.7070430030187537, 0.7662542009585573, 0.5384243364736784, -0.5942406650084584, -0.594190880090857, -0.5125158122861245, -0.5823784736341238, -1.035542687037455, -0.4534231466306864, 1.0280624758330759, 1.1248513098714379, 0.5671758660409005, -0.4504489012091226, -0.3030686905781582, -0.4656557924578358, -0.43587074667920644, 0.43346789524821316, 0.861738926249793, 0.6903959735017129, 0.8741977386555437, 0.7916265069428688, 0.5530763092325147, 2.002660924523279, 2.1578270993806288, 3.1112998765424873, 1.8615621993946925, -0.4504275142428807, -0.303672984629698, -0.46115737593629236, -0.4404369726334307, 0.4046538296389963, 0.8557770794524278, 0.6512286507534203, 0.8653668705994574, 0.7752987329014681, 0.5323957018384632, 2.038295749583241, 2.2123155111360004, 3.1407725136417772, 1.912998486628282, 0.7231178194358229, 0.7716358606905122, 0.536498991182307, 1.1267328145112856, 0.484751320772337, 4.021872336071252, 4.394766395896409, 1.9195340292063416, 0.6526538813788194, 0.715760771358081, 0.43592178789300684, 0.8252442337508821, 0.7399511207863754, 2.901807201086324, 3.534838456880474, 1.8701536166730524, -1.0346871893920535, -1.0322904704281766, -0.15586658888446353, 0.600377161694156, 0.6410716705777245, 0.5771583610030794, 0.47269777958828496, 0.6887552136627904, 0.4978530640357404, 3.1166335947183703, 3.1217446487899374, 2.116999050578689, 1.9806358545949188, -0.764965928011823, -0.7678708871921206, -0.40580690504340367, -0.4334652243028472, 0.6744609631181396, 0.7204622350651345, 0.7072950241770285, 0.6978496405341791, 1.1257439501271174, 0.43007594941381144, 3.863118603702463, 3.857732891762961, 3.054145359607596, 3.5243847053512836, 2.0353414899713846, -0.7388333028380525, -0.7443167003391332, -0.38563919953999337, -0.4521136849511751, 0.5697336856566595, 0.6186135699264912, 1.0392435154060882, 0.6562718130417479, 0.5069860713195657, 0.634469844652541, -0.5556986001910292, -0.3332691142679484, 0.50776425318887, 0.6236261902680724, 0.3331029350819732, 0.8322738258181588, 0.8329042516051867, 1.7435797434320164, 2.5807121974974905, 2.5279478892910445, 2.8294515310483934, 2.7572218938208874, -0.5811258131313005, -0.24319115665203322, 0.4777645897875032, 0.6280352964393071, 0.4709314563531378, 0.8179318708519683, 0.8325693505142462, 1.7448081978906793, 2.5831338073529526, 2.5206441989593067, 2.8180904051707056, 2.7601375675731195, 1.0545892412465891, 1.099540614237768, 0.5428700574837422, 0.5430520624658711, 2.544226349366639, 2.542205529764483, 1.8183142377312704, 2.6813899088257624, 2.779707215822538, -1.0436842175406418, -1.051127890177482, -0.36067032111700675, 0.6669709641744852, 0.7229378980652678, 0.6233700495702285, 0.46030320633698335, 0.5571013740283765, 2.5877727557428973, 2.589355159718187, 1.8125132691450874, 2.9546657248425046, 2.800818940901187, 2.742584670875177, 2.7466778012375475, 2.9635318468825007, 2.235245079453112, 1.9767999589533893, 1.4620520635197438, 1.5870827458682608, 1.3188147391564538, 1.3204654944794332, 2.6193281783214273, 2.6151229830565788, 2.675451899382763, 2.6303438630117593, 2.055583879829173
-3.3150928218813562, -2.811431011561337, -3.391469462218327, -3.3916968083205394, -3.188795220846373, -3.1905805396057247, -3.400578652509833, -3.2408027891030646, -3.3832862271563524, -3.3971355952202518, -3.150088679834541, -3.3105619701957174, -3.3206278324852443, -2.834403415181347, -3.3906715314277003, -3.389852239182878, -3.1856850251911806, -3.1934957082691304, -3.3966261262577766, -3.237930922765259, -3.378075422935695, -3.4029099334420088, -3.237949957954973, -3.2747365783388087, -3.0229776016025123, -3.0119973472600825, -2.8066881617622763, -2.731274546492371, -2.990251149264366, -2.9209891772566765, -2.7477933372985865, -2.781991787991531, -1.612718483735072, -3.359272041379597, -3.331841842290447, -3.552741106612795, -3.869867590308729, -3.1908172610997525, -3.5908641222063227, -3.595024652683544, -3.5104833624293215, -3.5489629953207125, -3.645578186598413, -3.5667046677190175, -3.5722512361528693, -3.4901903205871587, -3.618618686035186, -3.54084182921935, -3.3873557159366148, -3.389189537660822, -3.3025501468955962, -3.4001855376817742, -3.365439460072265, -3.4782723599694667, -3.3406125067121173, -3.3355849698298314, -3.3677911109150145, -3.4283031528659853, -3.427226968957, -3.427192307129388, -3.356702281080381, -3.3959432146765347, -3.5051525583916674, -2.5788548868509524, -2.576051868020217, -2.578270815806997, 3.831139827045728, 4.35103018386687, 2.967013609252583, 3.7674089698532174, 3.644188078883063, 4.238283129236108, 3.9021455640918377, 3.5574327751872197, 4.213449658893337, 3.38818784778903, 3.817986465807799, 4.800549688490965, 3.6719827448408475, 4.360152967784234, 4.123877894259769, 4.753524560237894, 3.19980731391009, 4.06986460120064, 3.907959849345097, 4.607607198886068, 4.196571681893739, 3.797595740856065, 4.588788175625525, 3.6533085139709316, 4.111568336370374, 4.701185989502946, 3.5322870668086632, 4.2042768554186, 4.427487094657048, 4.323832392028364, 4.4596708072299265, 4.350650758619592, 4.448465009820586, 4.53961143428419, 4.255716228214897, 4.4443763615455, 3.7450326796990647, 3.6555749488003997, 3.891292399032202, 3.5190671529075255, 4.238275188102476, 5.024926129340831, 3.4534467003736435, 3.9272025783723628, 4.419444258398612, 4.372690772403436, 4.284346952734766, 5.64562762911593, 5.573217763124247, 4.829008136925902, 3.6869442278766673, 7.948692750943612, 3.8524220774220703, 3.9765475274708066, 3.8863034891745327, 3.8398301774838077, 3.942787338326599, 5.184771114499163, 5.02162673394914, 6.42423561352384, 4.351827039321998, 4.624364366553172, 4.4788345320576815, 5.080638412997921, 5.827444688403706, 3.768840967960421, 4.961415855435223, 5.99203236313398, 5.861324534920573, 6.323915662687078, 3.9966863102691113, 9.733385889990542, 3.540082791199716, 3.4240225302350833, 3.5476533735740605, 3.935540902274789, 3.250030728908808, 3.1414516215964516, 3.694397225964974, 3.7825525618988176, 2.8038199226588274, 3.702736896343456, 16.796016264339315, 16.11905068261758, 17.331722875291657, 16.570025056061926, 17.15891856183074, 17.25808483049331, 16.93480752508311, 17.063645453003005, 16.609763338743747, 17.063303992306743, 17.19647298365562, 16.524675560388648, 16.886659695568543, 16.077237393135192, 17.349006450519504, 16.679872129331585, 17.119780961532495, 17.25499657703198, 16.943775914069708, 17.061511270348813, 16.61031368056323, 17.07619688112852, 17.196284513971104, 16.519085821751567, 17.074119446213924, 17.379189101560318, 17.543218143830856, 17.61563883701092, 17.160393148203042, 17.145207224128303, 17.374873718915133, 17.30975932735886, 16.978793183098222, 17.956808612134356, 17.6128097589179, 18.026410936121515, 17.388480261662213, 17.337537520297346, 18.033621091703314, 17.312575383728888, 17.580708485620043, 16.58119101025209, 16.6099900547815, 17.17870339260746, 17.726700035128562, 15.925672810376602, 17.72511472377116, 17.722544790218773, 18.153402575488194, 17.523104072405577, 18.608491970808664, 16.957090804038494, 16.909939523941688, 17.55738843215638, 17.003296846982863, 16.78419529696406, 16.783053382577442, 17.597137839795476, 18.142148518610615, 18.055822460556318
4, 0.272818384067175
-0.8321878558856386, -0.5077091001390901, -1.4078548288863741, -1.3592907020932867, -1.2724649849480325, -1.485108885500516, 4.645397668545805, 4.162605270568684, 4.6062666261613545, 5.398460863076503, -1.4318411434111002, -1.0731043071582627, -0.8231875259362963, -0.5039790863508082, -1.3974425631486649, -1.3686118031748502, -1.2763565998887236, -1.4816175893925887, 4.3400820608949875, 4.209412050273811, 4.44941562206017, 5.1777020106835705, -1.4075760813253315, -1.1281463605891147, -0.7584438859913675, -0.8025456243445019, -0.6374635312203034, -0.647725405659658, -1.0356493466721035, -1.465102690844199, 8.04914643017978, 8.726307456658349, 5.284566129145464, 4.331586553428936, 5.83957146791782, -3.1432439052293693, -2.868373995860361, -1.2358929423248461, -1.2273453446080738, -1.230096195534494, 0.3051903286085461, -1.0829111286819364, -1.3957504056959753, -1.2173385899922404, -1.2092823807437911, 0.38109998725131833, -1.3281850881458366, -1.1642690247791576, -1.1478964732269388, -1.1561153947275873, -0.3030608033280839, -2.3913310865169612, -1.0905968028888897, -1.726400191456842, 8.351120399020795, 9.063181608049758, 4.9358790220787565, -1.2197804223676625, -1.228536705024972, -0.31106101437598943, -1.179149103335267, -2.41819462479993, -1.640282957941057, 8.122282688026644, 8.806021119161066, 4.652817636718394, -0.9801334387130992, 0.5305380514844437, -0.938080472419866, -1.0236453088718933, 3.799637108891499, 7.0005054466723164, 7.648018680024832, 5.069345017992129, 5.09223987032186, 5.875784370020634, -1.174744972225294, -1.0700190222289279, -1.8983314864434715, 0.10729391382232255, -0.9805923107329287, 0.4900118590123192, -0.9346153169824688, -1.0418919134078213, 3.55889200664097, 6.920359910306925, 7.244802192175249, 4.962333003827911, 4.933550296171649, 5.667693306365032, -1.1915516066927954, -1.0792411147575258, -1.9086248143694966, 0.22681743834033635, 5.41220001773687, 5.802628801027947, 4.986941419587556, 6.846977441853422, 4.767460474351293, -2.12115130004743, -2.3571083569416253, -1.2394504776594537, 5.545665433298955, 6.109433435073598, 4.993613089491612, 3.849679749197687, 7.735744996272474, -1.515959472771351, -1.8915861891585257, -1.1950588206969834, -1.3901168310817267, -1.381849073879423, 3.4780902146367123, 4.891683210651522, 5.222720641961946, 5.138714433488902, 5.283171363172616, 5.330807627905935, 5.932916121755781, -1.7823108655324256, -1.7785330308585832, -1.1168774713905563, -0.37028108325871173, -1.6058996352113637, -1.6142094960318731, -0.7343460808557074, -1.1012408122891937, 4.57529588985501, 4.914528409836312, 6.583104694151715, 7.911082720643323, 4.385663847872291, 4.241382691422324, -1.9323964276044896, -1.9494398943421796, -0.9263630433031255, -2.0795027637510977, 1.3882944037524365, -1.5487930633554978, -1.5712828067879467, -0.6295183683952347, -1.0101119329919375, 4.970040775773001, 5.362769285276374, 7.616134569309652, 6.822548444983331, 4.465442053037137, 3.4861739798165514, -0.7910195860302544, -0.5134368409396987, 4.295370348035304, 4.762725320413051, 4.631434206608445, 7.331320533757744, 3.1344509245285215, -0.8708530060117338, -1.2291308853377128, -1.0695427198075245, -1.772167160372507, -0.8847104904795736, -0.8251249446082837, 0.3503241448181122, 4.067436556482277, 4.810167516928041, 5.456760127250308, 7.184435116363451, 3.1075459475289455, -0.8654404012894108, -1.217758654845185, -1.0843275374577508, -1.7584445659759111, -0.897809882419534, 7.773176612309423, 8.025970599183355, 4.882577499142827, 2.9600806176008825, -1.0228234320963634, -1.041555520073667, -0.9549460643846797, -1.7528831694654898, -0.47462899893732324, -1.4023849416930878, -1.4027588449053585, -0.20254111120175192, 5.878315429381438, 6.310731496222844, 4.708106967531401, 6.999673406121382, 4.177479181127485, -1.329007715885955, -1.3370585018375305, -0.8745671857813412, -1.8594699636542609, -1.1136011422906977, -1.5168611468822089, -1.5244673637161907, -1.468029811871636, -1.3240987520711751, 1.0944064670144236, 11.36180125316372, 12.221451434420526, 11.812873896958072, 2.5456687000442897, -1.0630588790549327, -1.0708493625147542, -0.9913045999980734, -0.8697799457619497, -0.25799405619137755
-2.869651629953533, -1.0588280980649953, -2.9437360173445635, -2.9103290039372847, -2.151642838834715, -2.4464582711672143, -3.053698210019163, -2.1706580148344203, -2.9501610361138932, -2.9264209836276143, -2.115339948338802, -2.2131227806455924, -2.8943486426794554, -1.2194478170856178, -2.9021389147363843, -2.8621821438953714, -2.152683522312747, -2.4524721803714558, -3.0084378114183594, -2.094304764615875, -2.9100251589270614, -2.912457496823265, -2.094301444802082, -2.115324382817335, -1.4484781041163552, -1.356811838330115, -0.4237538717079944, -0.1829059300426159, -1.1234073428710998, -1.164255860643002, 0.03620310767376943, 0.13047076088117962, 8.591003228222302, -2.979226901253526, -2.55793953501777, -2.7390941928733663, -3.024878341433766, -1.5840252114503688, -3.6054943075412824, -3.6372133770615647, -2.9793819219131223, -3.6548294858072867, -3.814374097465399, -3.382867472757157, -3.4175868127295717, -2.7937814374478016, -3.696511428666218, -3.275833703340623, -2.7724057536509727, -2.7749491688889254, -2.3832894319960833, -3.0798394067773063, -2.563997003980761, -4.218966290680176, -2.632923712220255, -2.5455614528882093, -2.8081243114873193, -3.2642098838846003, -3.2654355767134513, -3.1699652224101307, -2.891094922002543, -3.43093058966672, -4.428481630233549, -2.2964925050255722, -2.3125115607839715, -2.4243334276664763, 13.59921590783104, 11.83462058765773, 14.185998937163786, 12.911207871309879, 12.940793446374949, 12.598230646032539, 13.123033352000853, 11.3782107556727, 11.305915388277995, 12.318055826780611, 13.091521650921134, 13.306161115358558, 13.866266357460773, 14.224568382866101, 14.54858879568456, 12.746700668448735, 15.300677904421306, 13.944255759081631, 13.819234699092325, 13.513680615593946, 14.151048294939859, 12.290361642718521, 12.147827526717304, 13.275352326392492, 14.064752211433905, 12.820266266252197, 13.34814529155229, 13.692542700157729, 14.875801041795352, 14.580175330708471, 15.812239883934254, 17.378004624789995, 13.679634918825688, 14.229733117859487, 13.298273833912779, 13.665373643749408, 17.272297672319276, 16.960438993690012, 18.107899345950877, 17.113710172012897, 17.5878112704901, 28.68763649399628, 16.085867716992603, 23.427217471545838, 14.233066403665813, 13.577797574780837, 16.308746918570428, 11.407951888982755, 11.033052287728543, 14.959254591704013, 16.317925258055404, 8.203377565285374, 14.238163358367222, 13.741947230559179, 13.310765374640502, 14.16486232587066, 13.751406896829282, 13.021789655569513, 12.65437900895743, 10.546914900472332, 17.444967817790925, 13.024632919735025, 12.634451550285492, 12.684919204090178, 12.350351591694718, 12.961323871262232, 13.348386456116954, 12.114513778188467, 11.76861584848218, 10.517293028317987, 14.389628511845638, 8.32907259422498, 16.04945260423985, 15.541345324543276, 17.300287949514658, 16.690901502248067, 14.954751186633889, 14.474359503401205, 16.647341352155916, 17.466787846792016, 14.063074053930825, 16.594939540371566, -3.2154440693034556, -3.0886285146724792, -4.025201987005484, -3.1733058212563496, -3.283528905521503, -4.011433915342406, -3.3158428717700077, -3.387253770222633, -2.6213928025593614, -3.413121640353618, -3.736762290276099, -2.157567910941247, -3.2070823507637654, -3.0576886845485665, -4.0200627232492305, -3.1691541212432845, -3.2503024178850217, -4.001795972615774, -3.299987608423009, -3.413640859545854, -2.6341369098208207, -3.462219160899424, -3.7203401937816456, -2.197693906406451, -3.265040984445998, -3.3519326856957403, -3.544835973435793, -2.489597769515962, -3.3970480413977437, -3.3838662546241123, -3.374655651958358, -3.344346374498886, -2.9671833951102307, -4.6820617894912635, -4.576310506856265, -4.921665223753281, -4.154797824888475, -4.105324796402663, -4.845516871985433, -4.612027643794314, -4.106701201422703, -2.43812764394259, -2.406023823226996, -3.2578780494679522, -4.274196445060611, -0.5042410600331466, -4.7521436225169005, -4.7613221549312215, -5.364115872891049, -4.473763552305658, -3.6228806946229946, -0.948979025735623, -0.9755863032012099, -3.4788442692630386, 1.6440417316468214, -2.2766098634223972, -2.2495868991647803, -1.4869173205065398, -3.144104329763547, 0.03916076785435321
4, 0.20989574987918336
-0.09947503977336893, 0.08521572475987634, -0.11665863548030539, -0.06501362673546057, -0.39672726742036535, -0.4380115731014497, 0.9421069494576533, 1.281372329595331, 0.5930565885794347, 0.5967222381959923, 1.8196151178399373, 1.4297772503295831, -0.09772763926414724, 0.08754698451701144, -0.11693101335414059, -0.06771940148626174, -0.3971824891812875, -0.4358014717308825, 0.8873316501671544, 1.3152499216646987, 0.5577261960251114, 0.5666125486438147, 1.8153685592109379, 1.49627906149536, -0.03947519198349129, -0.04822059798151775, 0.1260634356926993, 0.17336271720647342, -0.45053490342717056, -0.5218655575900094, 1.5852629514971437, 1.6793757098856132, 2.1776300724337294, 0.6627108507427669, 0.6173001110389257, 4.092181551827746, 3.6737280619929638, 1.7708414559576804, -0.13917365933208933, -0.1380558821106101, 0.39314659612198466, -0.6884325589061798, -0.38909881599233787, -0.1380574952859614, -0.13432873462414996, 0.5465914141577183, -0.36654489477446706, -0.746340804599444, -0.1512504595717523, -0.15258531899312483, 0.10116604092208807, -0.5475500498567787, 0.09269545489698902, -1.6080964008189116, 1.230414103756345, 1.3251564430017333, 0.24447738883980122, -0.1572286863189803, -0.15961339862030985, 0.10937997053917267, -0.04917193592964177, -0.5472100500017348, -1.6018066038407643, 0.8424338493848363, 0.8844196056732284, 0.31384748324599016, -0.09036000152403331, 0.5247587720379655, -0.28972765306902526, -0.38129370211894253, 0.8583232611485279, 1.5441269966139974, 1.3846906380268658, 0.9734942922302686, 0.39541842541297473, 0.7420102510938545, 1.4434888806323376, 1.054148773363787, 1.7208862882606184, -11.668310909136938, -0.090790546686348, 0.5217585538353471, -0.30281078559021074, -0.3992701278631265, 0.8064023885739225, 1.533197784509479, 1.3111185920033617, 0.9376398902225969, 0.3671362017432678, 0.7090337733994725, 1.4666659167607097, 1.053363304091089, 1.7382578318220494, -11.145754137902511, 1.1688661265592841, 1.2305959779858966, 2.120718246898788, 1.0207025985090319, 0.38372742553641537, 2.7524822764089287, 3.0141065986787416, 1.73554951525344, 1.0305030675202882, 1.118714102261607, 1.7263126572792444, 0.44529347307451833, 0.9253057696845347, 1.9567142131190591, 2.4160581523319276, 1.663991395491974, 0.17158879742690272, 0.17574757650763553, 2.3674860471611754, 1.0309849580414303, 1.1118354900543608, 1.4302878328816293, 1.2756506169676696, -1.310764900215246, 0.902433106955239, 1.7295484736271705, 1.7370698056546106, 1.0765231740391992, -11.12019606986926, -0.21448339526266935, -0.21572601202626693, 0.00838594618033339, -0.6335760084520312, 0.9579178592907313, 1.04464921290568, 1.7850650594307558, 1.173480234227178, 0.6043932061926495, 0.295444161900351, 0.7878623706862081, 0.7639584034621918, -1.0842109142825445, 0.68507463061073, -27.527761003228942, -0.27151223413693937, -0.27861103655400543, -0.041491037952695, -0.547227171022806, 0.816055233470739, 0.8696304707494739, 1.3974578766573897, 1.4633575151822802, 0.40576716969083354, -0.08933992225073846, 0.06541956194328827, 0.07371683399580001, 0.7647609650558724, 0.9434112100067523, 1.411813332711333, 0.3277108367766003, -4.032369578845003, 1.2107244746307697, 1.3038517108211038, 1.2735698361557253, -1.0765526239072118, -1.2585871814801908, 0.06820338630564779, 0.28237592843306425, 0.7353176384432951, 0.957178288162247, 1.2698363301756974, 0.27680035985690976, -4.2296605106537095, 1.2136578022837103, 1.3166243115601874, 1.2708902448054975, -1.1243959497092413, -1.256817274541281, 1.5715043954768797, 1.6030466447769796, 0.408084243367384, 0.15702530446312382, 1.4201096199679537, 1.41074609319667, 1.1503252315108858, -2.1897642934658936, -1.4905672189359178, 0.17296626708674734, 0.18162067534384474, 0.3032514454727138, 0.9087969523924353, 0.956944100221405, 0.9215181154248965, 2.3735700874915704, -3.9960125510579516, 1.3139955619671224, 1.3102766922664317, 1.167354326350579, 0.6416806021143943, -1.9704117801255994, 1.4348301131437673, 1.4410843894558318, 1.4553983073424723, 0.914869402486439, -16.20547684335142, 1.3616600577723603, 1.4135258308218035, -1.80552632106431, -23.832096467766426, 1.3872739501232045, 1.3603613203834766, 1.4419911667742216, 1.1644225814772633, -15.381955821895188
-0.15477209480191023, 0.041962979331729794, -0.14182394227246778, -0.13534900686361093, -0.10784977704462269, -0.14738817088109252, -0.12317415876063183, 0.015048493723501826, -0.16409945045934407, -0.1773896143218194, 0.012968870763907667, 0.01667053586406418, -0.15668858346030798, 0.022946739779274042, -0.13509212315256058, -0.12710429635366619, -0.10733037414047597, -0.1478498471392083, -0.11663467699195426, 0.02724822319863311, -0.158279448489982, -0.17543274121767172, 0.027252701364978562, 0.028327642612321863, 0.049536839063996654, 0.06178859108809945, 0.25903169264864195, 0.486735774343133, 0.07012541264692787, 0.011634462387120998, 0.4894967553038861, 0.5015913888753982, 2.7962938511804594, -0.12384817855177611, -0.0998254236797136, 0.09413945555937493, 0.11927489699046782, 0.4275095840222834, -0.18682943306716965, -0.19137085494669348, -0.022134962684297668, -0.3026860791176181, -0.26807419458899306, -0.09622891104783968, -0.10194147789663305, 0.11583104347125157, -0.16760862806771584, -0.1966810019671429, -0.2903206442750359, -0.29064702670707987, -0.3159870178813427, -0.5924846536309125, -0.23266444102389786, -1.4746107712009944, -0.28625421228132564, -0.2374091304442337, -0.44608109480234964, -0.37850709407071387, -0.3783457731420721, -0.42277925408088385, -0.31766666230683044, -0.7359505688427546, -1.5039945326289612, -0.29342882244248736, -0.30980469528415816, -0.4520879838467041, 1.1139727612400017, 0.9518302638527644, 1.0276183626707902, 0.6370119121358039, 1.1657117583255288, 1.0846912854127304, 1.0080785913290102, 0.8890817829752538, 0.7339193508367117, 0.8283602696498004, 0.9444125139045568, 1.1678055605878095, 0.906307073261506, 0.8171810636011065, 1.1850867157124285, 1.0214776308782696, 1.1044048838754665, 0.6740311369727223, 1.2405012954512282, 1.1572855264935886, 1.0803249455309363, 0.96178455129055, 0.7763195558897322, 0.8860927646857356, 1.0015135695894908, 1.124442287135624, 0.8603716124587675, 0.7706166999292944, 1.1484743618143634, 1.1234177822563547, 1.5734292482664765, 1.7271969677745211, 0.7646063358913029, 0.8623604851801729, 0.7944690269940475, 0.763244785804057, 1.3880643605304073, 1.3671509649950648, 1.8564656180291192, 1.2714659011369116, 1.3710865389153337, 3.923879770355807, 1.6007204283230376, 3.346034624240246, 1.8356603839968317, 1.7402479815546423, 2.843526774609201, 0.9746150922023803, 0.9438790152025303, 2.6590597479241835, 2.398384179923669, -0.5005894049736942, 0.994468816574627, 0.8319454258779584, 0.7973065529399925, 0.9713313585883622, 0.47754935439896434, 0.41302453731913547, 0.38994560885922136, -0.03902754385243664, 0.7973397061888001, 0.4184920409412416, 0.3934140364300194, 0.33634412130759933, 0.26653571093382306, 0.032767850484195254, 0.2602794862931243, -2.425883979730558, -2.2449248133465405, -0.40245488309302485, -1.8319320493786573, -17.16153754367621, 0.9932375488776286, 0.9618456531557512, 1.1881489474334341, 0.7204743566689887, 0.9385165860830178, 0.9061110758636245, 0.9391761092565395, 1.1323843908631703, 0.9215258528692379, 0.8009143191071735, 0.95423260794555, 0.9159537210611883, 1.0228923735738746, 0.9414668016753153, 0.9747595389793409, 0.8193301644607643, 0.3449438645152133, 1.0006076323012285, 0.7995809002665863, 0.6816755871754427, 0.7336008979011637, 0.62953559649516, 0.9601980256353008, 0.9143838488237613, 1.025358166192366, 0.9485052133626205, 0.9734023437304943, 0.8192421869883567, 0.33616256942783856, 0.9991054422510763, 0.7975675869368182, 0.6895336515295889, 0.7343102241038608, 0.6412613312120089, 0.6183999633003295, 0.6490220613094116, 0.6118671800986399, -0.49219150387125493, 0.7252606660667384, 0.7263396752479017, 0.885035535582018, 0.6741593342471373, 0.7697515184330059, 1.2585809053745944, 1.2388943586474863, 1.426034762771804, 0.775165944603297, 0.7655794737350922, 1.3719483743182206, 1.296988294933475, 0.28562760591846587, 0.6684906483683767, 0.6703537912010809, 0.8144407749695485, 0.5106914487669856, 0.44343603014350186, -0.6590196048783433, -0.6562793785299386, -1.0421122326404009, -0.026685523246702394, -11.9720919236712, -8.639312878417403, -8.54306030891449, -7.124511156991126, -19.759175226516824, -0.7293759810988883, -0.7348563639980025, -0.8884672691454661, -1.0062114773072353, -12.552409193672947
4, 0.19521706518494586
1.1146027647163583, 0.9171810166846165, 1.188485179977635, 1.1532727738518118, -0.8108597192307562, -0.756368423431207, -0.6387482251358985, 0.5756400593235999, -0.7971970885142972, -0.9455602594678644, 0.005446251430160936, 0.05966670404077838, 1.1127176309839684, 0.9239482682324276, 1.1727614860898234, 1.1525092848097847, -0.8067388130895753, -0.7522743927936111, -0.5944945863166822, 0.5723707684467595, -0.7710670398891418, -0.9113809916563776, 0.002070116318293807, 0.06070925734311381, 1.1242217081189132, 1.1292157263895395, 0.991448195813176, 0.9271745557038686, -1.5379020610933885, -1.4267751508691937, -0.9943923147875247, -1.0778391353100252, 1.3543026991672378, -0.49587247361236136, -0.7002699137012898, 0.012653879152765958, 0.017400414177609205, 0.08868608016120809, 1.2347302275165353, 1.2450337909587352, 0.8326975208239695, -4.069211864398027, -0.7010099000629619, 1.2268168104555033, 1.2336628771118405, 0.908839047281653, -0.5307276169080457, -4.471892034967257, 1.2991040654759758, 1.299816743521185, 0.8239635083841775, -0.01614489348555241, 0.871890186583153, -10.783086795894466, -1.5698867733228437, -1.7202006497670992, -1.245684520037035, 1.329330890196697, 1.3306928721813025, 0.8111234563420203, 0.6968900070575558, -0.02571264290259171, -10.805497590488608, -1.3608268219195854, -1.4821703167192894, -1.256417978867552, 1.3703190567996557, 0.9589767698727668, -0.6377114410626985, -1.3550157789842865, -0.40750590090350175, -0.8876167860082231, -0.9437813776174573, -0.22812636022306934, -0.810579263969597, -1.062055155469599, -0.009144263660227334, 0.024156672032433706, 0.08500010373653083, 0.7252793689244774, 1.3688622892071438, 0.9644744746352443, -0.767456370479466, -1.4785249409051993, -0.3841879289537106, -0.8748306721638093, -0.8870364468816823, -0.22040434780326815, -0.7885533981445387, -1.0354779620643924, -0.00960379356513956, 0.022055830994760956, 0.08329941216109972, 0.6429736059366852, -0.7213485383570297, -0.7748596208449554, 1.1153770879523375, -1.0620811203623555, -0.9555135625508818, 0.006643746941356148, 0.013205481048127254, 0.08222592017155063, -0.7239751477926217, -0.807468205498348, 1.1756493810472706, -0.702032113796476, -1.171206679444327, 0.0025570962750878683, 0.009967204169499632, 0.07780454316470971, 2.614526749306631, 2.623524366766984, 2.3110044494182373, -0.4967649083873891, -0.5242727162442153, -0.24462980410925791, -0.23897580111117736, -0.674831502167551, -0.9149988607789786, 0.0382353920661481, 0.037698858339853744, 0.051599614797177555, 0.7677548053901667, 1.1395387031496933, 1.1431962491861571, 0.6181067061081998, -3.6152548853386826, -0.5768620857286185, -0.6231261566129807, -0.69071338929244, -1.1593795182745776, -0.096075446110082, -1.1890774270282845, 0.06679670861504017, 0.07258789385025634, -0.016560236445001326, 0.20298754261971771, 1.6201050959566938, 0.6711417987801171, 0.6694943809734821, 0.20383836613108694, -2.9679263904986684, -0.5891119270403182, -0.6367059971689869, -1.1517448510222477, -0.6760230781854492, 0.03431172947762655, -0.9283013332726266, 1.3994948204608781, 0.8374672451430668, -0.5382196680954842, -0.683535746048925, 0.34171284946101843, -0.6615482790235198, -0.2937653192573651, -0.024533325894034064, 0.040224435098099025, 0.005828133848694044, 0.21779161116401285, 0.0924680859152867, 1.4566945619208298, 0.5085084737781278, -0.5072928427088516, -0.6920154262803161, -0.36533725272342565, -0.6496059062779898, -0.2729287793888677, -0.025564508329465094, 0.03760907718981019, 0.008140053191042752, 0.21877850294743162, 0.09678863665225718, -0.5330356512768406, -0.5430341294845427, 0.043023639868435555, -0.28443869164347774, -0.029958092448005853, -0.026645890788430424, 0.08068518324572953, 0.3158518342789314, -0.024510401896658637, 2.6372133857505506, 2.6725671914918823, 1.0275937336175907, -0.7365630711969575, -0.7902123840127392, -0.6765855129369907, 0.9226787094488531, -0.638445435884581, 0.013668453950106045, 0.014995775537741353, 0.06978671281539635, 0.11748575333030681, 0.24691723433443147, 0.018947323078551268, 0.020180797234861145, 0.02394054173676221, 0.11134023553288422, 0.7935870733926967, -1.687109858695253, -1.8315734958588028, -1.457562475260821, 1.3195579464455136, -0.03736009104438203, -0.03482115305892321, 0.08818251588465828, -0.08675402265601849, 0.932142313981739
3.2873725101628017, 2.1383599059939016, 2.5653054025791726, 2.541974789748877, 2.3953815775937093, 2.4760938777019454, 3.615455492185915, 3.0016730344275486, 2.0530759030480787, 1.464163292647407, 2.920104652576449, 3.0643654179818407, 3.293189519308905, 2.1753539485056796, 2.55519546976549, 2.5417664678998335, 2.391922504118663, 2.478678208696611, 3.600492041267648, 2.9783162906055467, 2.0318148133325504, 1.4447435823266754, 2.9783274124660855, 3.0110323856335834, 1.8780153676563593, 1.8516665950913442, 2.265263853273867, 2.3481137809249146, 1.605825181526377, 1.6090845836913206, 2.649158966033661, 2.6548758081815227, 5.166009904861873, 1.4950731576337264, 0.24915460917900145, 3.34047249027263, 3.76293367666909, 3.347639610830767, 2.4081429458844568, 2.44051660898324, 3.022110070915552, 0.8350942794918205, -0.020289302202651623, 2.2738501773963415, 2.2892185135980725, 2.688110535931214, -0.09813286826892532, 0.6783478048435424, -1.3424079722829998, -1.3350374759573884, -2.706749509721446, -8.500985180239693, -0.7104358843092156, -25.60004152174748, -1.8201221646764074, -0.878173407668306, -5.742761774731752, -1.2303801024147354, -1.227693507058654, -2.553908696884558, -0.841735662857278, -10.014755888530646, -25.594831330778884, -1.6643963773483945, -2.0375859156857854, -5.497258798063933, -2.0958188896695753, -1.654892824500605, -2.5381247726913894, -2.1228791626061647, -1.6731955244918868, -1.8713530175743651, -1.9195001385490122, -1.036521902309909, -1.4679924016322585, -1.6447019212083431, -1.866158194865095, -1.4342534394525701, -1.6947707005531711, -2.1679306425030083, -2.2518582424592646, -1.7891397666794056, -2.766283388343708, -2.294274006484916, -1.7767814239599142, -2.0150345692004707, -2.090238536368593, -1.0873139123364464, -1.5819608266462961, -1.7314066599059517, -2.0086793596785757, -1.3788654856928872, -1.6081090442079187, -2.0950897152438888, -2.211141725580099, -2.1574825778188527, -1.556173230636531, -2.687795042586267, -2.1143147020891266, -2.2105864956680814, -2.053887483501605, -2.1124817083050322, -2.6066072024970097, -2.5480870015559116, -1.9462886847968643, -2.7226006169508628, -2.5965342182473607, -0.7036714982164464, -1.883780667679525, -0.19035478103001274, 0.1218513152706573, 0.14062721591031116, 1.8465919435754388, -0.9127216843385504, -0.8838059968486089, 1.395684355692537, 1.3240866600739043, -0.12238349593219398, -0.9783589993453788, -1.4331162640180133, -1.4024701112360216, -0.9830265724538552, -1.7693529630524176, -2.1461038615418273, -2.0922836809974577, -1.2730956853334257, -4.236148301985179, -2.0698496673532008, -2.0109151532613927, -1.960471062937468, -2.0783986276703668, -1.914671099118589, -2.8953112594608563, -1.663542863896208, -1.6574235642982602, -0.8893661354533715, -2.4897565507960766, 1.6536158135034282, -2.7168916549091917, -2.6596198233965436, -2.424804212445844, -3.6845229441181617, -2.620878045877259, -2.570821447524255, -3.0195867499731692, -2.803313348207818, -2.4397077195952273, -3.9056080785818024, 0.15273461665754492, 0.1469979807392078, 0.25322869739337917, 0.1508491704598029, 0.1558253199788752, 0.3076966358129048, 0.22204963640909894, 0.16706384130570184, 0.10585939713124998, 0.22402212612751554, 0.25246987583662067, 0.010737118602733409, 0.14614523523323886, 0.13985282418651557, 0.2510265448059684, 0.1445768821602875, 0.14798932091078282, 0.3080787290756149, 0.21974759645833428, 0.17086042510406518, 0.10474164202717476, 0.2309375948417384, 0.24986431989182037, 0.010927292726969393, 0.19882448788879495, 0.2111393082056914, 0.2646216565121859, 0.05600013375608233, 0.26499060001218355, 0.26546358137550036, 0.3303305599782846, 0.2081110856392843, 0.30121449602934786, 0.46295778462199794, 0.4542680940221302, 0.5394229279249864, 0.3743489010004098, 0.36654860980791626, 0.5141803366214113, 0.4842623232761639, 0.4686891500641711, 0.0966624869058092, 0.08871398997416373, 0.3206278820191512, 0.48073092836105646, -0.39005377715604167, 0.672533295027663, 0.6737879448091935, 0.8936526522256836, 0.5088569049895308, 2.3806887856981676, 1.3723220403846221, 1.3631578264957032, 1.7403209916773412, 2.8224427109122496, 0.20159774539337544, 0.20026931916627966, -0.04171345394719307, 0.49857286632854475, 1.8243423313780107
4, 0.1800513729609314
1.157543121979544, -0.36875004116554677, -0.6591298688201299, -0.9740861725681025, 0.15035456905749942, 0.09485686511341257, 3.1249701009900566, -5.263582878131761, 2.4927330039475843, 2.816857719473996, -0.23216317978457351, -0.665344631725556, 1.1632471043388655, -0.3242390347167617, -0.6788928997506858, -0.993280089344888, 0.14581188851509683, 0.09236557514640087, 2.9414611581361805, -5.831150567256742, 2.395017085349539, 2.679717153322719, -0.21810332129719182, -0.6783606028131549, 0.9596117201681361, 0.8885858063611394, -2.0263154921106383, -2.3212493756471937, 0.007406913937011148, -0.2205287623953107, 3.4033634408037767, 3.6393536217161375, -15.007637181304517, 0.8547045946356187, 0.8154365995453274, -0.5906836896314883, -0.5458085378222517, -0.9937583937844862, 0.6762184606176944, 0.708990459222661, -2.7454416344473915, -0.8504718231676515, 0.1389684722125059, 0.6874026047688204, 0.7103420376321238, -3.597301664466831, 0.20812819308346558, -0.933472073352365, 1.0954514678861775, 1.0942302601098899, -0.32567134265872955, 0.1446105800019344, -2.597427057870873, -2.1271656513565973, 5.430387482220459, 5.860054412321076, 3.2309100809250126, 1.0476868901989684, 1.04707624619431, -0.2528428075980762, -1.8241320839345398, 0.06410355280912486, -2.084006927176852, 5.071680762664298, 5.464276245207212, 3.3022006069287113, 0.9864530750422046, -3.4447695211283507, 0.08572817504033635, -0.11364282342121271, 2.7475866393966815, 1.8335129321197297, 1.803431152877381, 0.27296747243301, 2.7570059490827066, 3.3389132217647735, 0.023096629989425507, -0.2703396758931561, -0.6020887971906725, -1.2631157020149464, 0.9650265717778395, -3.459630252392121, 0.04926247844461284, -0.13533455048854567, 2.58654933302483, 1.7768672451789786, 1.6331996191520257, 0.24710308878980794, 2.655703203123563, 3.20417563672947, 0.02280563274103231, -0.25796797609257577, -0.5913305384693024, -0.9162199501850913, 3.1705329527950834, 3.3520908594379106, -12.076434075406935, 3.401619633245229, 2.3797044572030073, -0.37415002537124925, -0.4349224487385631, -0.9191449431809658, 3.1961782695625858, 3.515532531759226, -12.396243038043455, 1.7846485066485784, 3.389586848936762, -0.2391246214742653, -0.34118787351077323, -0.8711921839849444, -0.641908112684835, -0.5291816755849981, -19.445361501124943, 2.916161772132109, 3.072780683164785, -2.4735230181439474, -2.6332275695339016, 2.654254166448462, 2.7227304641472263, -0.2877408249700674, -0.28622283570459806, -0.4821222964025871, -1.3268201710733876, 0.40256900067379836, 0.45113001489601684, -1.7014757632310094, -0.7651689409353568, 2.820716739587519, 3.011454023018266, -0.11949013809170972, 3.096676940643783, -1.000443632178995, 2.6124529159719483, -0.24350169126250298, -0.2601785837335852, 0.2891038565115486, -1.0782020509558299, -2.6286389607019447, 0.4438853801674817, 0.4919552861904229, -1.0468601547193732, -0.6233869886188605, 3.019682474493457, 3.220517161508678, 3.371135575725872, -0.037640520597646, -2.178195607660945, 1.9626139205385098, -0.09630114546171162, -0.9779749100578877, 2.585048017358209, 1.8292374868174395, -7.144544121885242, 2.7206762334809795, 1.210881788367404, 0.11595652610057831, -0.3901214276609263, -0.19545715020072957, -0.562201808019577, -0.16777022368351904, -0.16420064154004296, -0.5972498903226544, 2.4575805068932497, 1.8936896389012965, -1.0330610323930847, 2.6302958560836873, 1.1509198888447116, 0.11988251836751247, -0.37909416431191867, -0.20282267343591254, -0.5594380357124334, -0.1843261362700199, 1.4766958990526704, 1.4691773048267163, -2.5069030252149593, 0.3863719109528307, 0.0931421717170196, 0.07866008168335406, -0.6574868923199931, -0.8811273491226724, 0.3616142075869588, -0.6466912912396742, -0.5560617321713336, -2.77197556518342, 3.5689268055061087, 3.7734891544661586, 1.767579958271616, -14.471316293202936, 1.9385003422634959, -0.10323518248715689, -0.10823693588777558, -0.7128280992569918, -0.47951012535046156, -0.7853348688312802, -0.1292079140609393, -0.13381914229889616, -0.3020438347644888, -0.759315041830636, -0.6335163043450799, 5.994524267468234, 6.4435760341913895, 5.8358013572581715, -2.506161592743515, 0.14317815043798068, 0.1348376068434106, -0.9479241085627512, -0.04266634461984201, -1.0538563460757755
1.6124410886605451, 0.6736522034851572, 0.5534509687472126, 0.5627541095459829, 1.0429220564314035, 0.9708058711668095, 1.0281622043579233, -0.0934870393425019, 0.3297229177029575, 0.383372078313183, -0.07273142530265521, -0.10969761412792002, 1.6022291831410376, 0.6891799506219006, 0.5443359770418543, 0.5482887367764322, 1.0337605968009584, 0.9660087821369681, 1.0243205996714075, -0.11862139756702507, 0.3202044865591829, 0.38498675153162737, -0.11866522722420607, -0.127658186411808, -0.46115615777085933, -0.48057363388080904, -3.140662569922233, -3.8936593132511965, -0.468619261355517, -0.4547716265046781, -3.817468992563654, -3.9636755431917097, -22.533866653192753, -1.822900579810267, -1.349129088328956, -2.0498058915971704, -2.4446886259403167, -5.276107698977641, -0.6450800329680734, -0.626345729967417, -2.366133548351919, -0.3274093060232184, -1.6488454712696992, -0.827263212925287, -0.8095467475374848, -2.531900039331251, -2.1632764870531846, -0.40189837911871296, 0.07653992696204699, 0.07984433832596989, -0.12176815899039288, -1.1390558408050608, 0.09950885347944104, -2.807298485750456, -0.04969926198023983, 0.0641665462826812, -0.8313913078804335, 0.02640904248632845, 0.02863386378969165, -0.18623162090146264, 0.005091351974748383, -1.3805636420167002, -2.8177772410033826, -0.1262057947532937, -0.18119032332912527, -0.8172981544445044, 3.7703547559309847, 2.3385703184846696, 3.8437179522146696, 3.392683973393736, 3.872745814660745, 3.0519335727676404, 3.12728916418397, 2.289454945479668, 2.705027933295923, 2.978771461159533, 3.2251732126679222, 1.5765990735138753, 3.147335104515612, 3.2983815605759275, 4.012867674899162, 2.489630442134329, 4.129425217637297, 3.6610800229374063, 4.11653120682762, 3.2335587244499995, 3.3712957006443447, 2.367268802484702, 2.8564807614403005, 3.1762759566739636, 3.4663941101714877, 1.4543620923453704, 2.961536025928702, 3.180227648835165, 1.808494176278485, 1.7225451270219618, -2.45457908676421, 1.4084000670182804, 2.151379673238988, 2.3484263345821415, 2.110290963510497, 2.151937457028026, 2.1197702922774893, 2.0335206428948864, -2.1142904261373703, 2.5716539473695987, 1.4994294345301353, -15.44524111817849, -0.3300957038611328, -14.844542365436768, -6.007947804210288, -5.525940326437858, -16.94204806392059, 0.26890610691933736, 0.20338037100723785, -13.692520554071631, -13.471841216480767, -1.288807763937306, -1.4111623288075525, 1.536911322545842, 1.506401389710832, -1.3599809935089635, 1.9551896488612999, 2.8799179543973255, 2.802297656691848, 0.9913999879196487, 5.328216816015993, 2.8859732098824518, 2.8069260877028053, 2.598919881158637, 2.3577486029429284, 2.8148540426522883, 3.221363912816766, 2.635904052873003, 2.553646145176451, -0.04595223229361927, 3.412241741839533, -0.5584798445228091, 3.3422068868252444, 3.217316645919194, 1.2416687658132002, 4.647963399350901, 3.470579886510162, 3.3512103152645336, 3.239009954234487, 3.143197887126722, 2.745066384615886, 4.284543742337561, -0.22618084644174016, -0.21546216231134305, -0.2365725553802995, -0.2224894731041955, -0.2318677821676952, -0.4375881662798569, -0.20456209261364902, -0.08475648580868203, -0.08876895460036673, -0.25103925881707845, -0.2864326329425023, 0.10389376949775853, -0.20354049865439938, -0.1924337336216294, -0.226746381938521, -0.20062870493437723, -0.20667907140270247, -0.44225495787424, -0.19175129415058556, -0.09073067670055188, -0.07902137732046573, -0.26924648421493064, -0.2794937634373711, 0.09659431980285797, -0.35906589539773487, -0.398556543223388, -0.5878129993698248, 0.0814950346559768, -0.5178305744963643, -0.5246403917677855, -0.9832236973304387, -0.38557479720658117, -0.8668894033894178, -1.1594722632936774, -1.1496312913058255, -1.5393765305656337, -0.6407464784362936, -0.6185904024451311, -1.4138477777500749, -1.3177536530001714, -0.8123141608549752, -0.17617370346481975, -0.15251297700853675, -0.8618460370393715, -0.9438104962212256, 0.49164723500266283, -0.7771497210778645, -0.7821157936187383, -1.1667764179584488, -0.665230147856274, -1.6683890108403758, -0.7556658738661496, -0.7729534780543713, -1.6664758134496331, -1.4788669035320277, -0.11879832629527971, -0.11212577315233926, 0.31018336164576976, -0.6566999564353274, -0.9207602488864143
4, 0.13820122322504214
1.3584527414248042, -0.6518678272765327, -1.0390769983308326, -0.5458974585223676, 0.056434581284574376, -0.2313926234022629, 0.731329905861276, 0.32316157968166603, -1.0423975708241708, -0.4614193169529728, -0.27415558347001273, -2.7891341720783935, 1.359017322571329, -0.6513842441121185, -1.038405756975836, -0.5448460817227047, 0.06136722917887116, -0.2411393379604085, 0.7027237942830933, 0.5351181954047866, -0.9891517904794772, -0.4599578373386809, -0.22543544893230025, -2.7855842372613018, 0.7048207243067515, 0.7145611736253469, -2.421887625932712, -1.5883995331029888, -0.631867551375072, -0.5150363375333946, -0.03387758558435589, -0.040075546351808766, 1.8077733957345958, -3.093726397485356, -0.14751048777713685, -1.528637057652888, -1.3530184627758728, -4.817227976661187, 0.6441306714720517, 0.6510275593073949, -2.148423292505516, -0.07934600559200818, -0.8846883034209517, 0.6841159061598109, 0.6804873050645497, -1.8168898632231154, -0.21762500300030999, -0.47662869140367514, 0.9425105771831297, 0.9415074226454073, -1.403535094209346, -1.4007561397755397, -1.5664818813400605, 0.4652742238434602, -0.49163277840048053, -0.6082817118168486, -1.4605959063399916, 0.9410612321889785, 0.9481997673323883, -2.2240632871316675, -1.81178013939188, -0.37369503344377664, 0.4654900185599254, -0.6322441137020385, -0.6952906020471264, -1.4066421074301891, 1.2126559350562673, -0.6870172771412151, -0.12961982194931918, -0.465613818008714, 1.0060407163170753, -0.44374422886216, 0.30851837663479587, 0.08423900210521762, -0.4923420488504836, -0.4582133153054435, 2.794115761661656, -1.0527830752185405, -0.2870215160330865, 1.5583884867469104, 1.2052900956841888, -0.7318348734444188, -0.12555637508374845, -0.44912728065243046, 0.9494991087667569, -0.4579950588753055, 0.2935615625254487, 0.08944134201658063, -0.4711633072544246, -0.4764084067450508, 2.813207510284, -1.0104687824057355, -0.23660335353085885, -0.7025618750203931, 0.5810857844563493, 0.593078652181925, 1.0495653000910605, -1.4368851349488851, -0.8285242670005747, -0.7896024835497327, -0.976427989039548, -4.268767099729211, 0.5127880656812789, 0.5370839059658618, 1.8418963484529296, -1.7872355864232201, -0.2875781824603773, -0.2846115906799737, -0.7055306126308779, -4.03102470143413, -1.6365556176055966, -1.6282060288343605, 1.7234202403725292, 0.9264132380292559, 0.9002836535067616, 0.1252875662470038, 0.6369809695330566, -0.3990835807590448, -1.4231085495807099, 1.6780043990955213, 1.6736527295189003, -2.63837121750461, -8.734683700606462, 0.03317880239393524, 0.04052669732687739, -2.27001569821679, -0.6845810864933607, 0.8678533308445882, 0.8188223950943432, -0.3227118880159199, -0.09434868725112788, -2.896255953192679, -1.0570329435667307, 0.9864870986183957, 1.0068142314262345, -0.4736660997686902, -2.843823702027147, 3.554742409346214, 0.25344650905765886, 0.29170840127709335, -1.3200284919025782, -0.26567665939625656, 0.3824339802195914, 0.3948732252290216, -1.2838836284678663, 0.09246863489849909, 0.38174638479794815, -1.1103554123953876, -0.6067836249286036, -1.004819090036654, 0.4705986875588275, -0.6268041939284057, 1.9112056204525172, 0.3661175635474443, 1.2658686375368344, 2.3299295052099787, -0.6260310151582538, -0.5956736528736949, -0.8553383036297413, -0.28192840750041936, -0.6524849557621731, -1.2215321555851966, 0.465204107547929, -0.603484302780999, 1.0340374532960972, 0.3918879848981766, 1.3139326338290291, 2.329681129254576, -0.599235566027934, -0.6152125589502896, -0.8828916808720307, -0.2860921304533033, 0.31255836055150243, 0.32352927683926114, 0.46538740869073186, -1.4721479479495103, 1.5101363122034304, 1.491561676134717, -2.9019508796426465, -2.861529349918024, -0.21389739676182495, -1.6497015251511065, -1.6825525432214445, -2.352157205844907, 0.1865658121344778, 0.14877163985893638, -0.6857134635046972, 3.6868114291865446, 0.4818729838533068, 1.5031713889322684, 1.5241835527483272, -2.76927031979771, -0.9155802951388549, -2.1314624916091764, 1.94628788557517, 1.9467526111239062, -1.1375871553137167, -2.632309373416215, -4.144163461324241, -0.748770114858718, -0.822373299214954, -0.6720967381073752, 8.108339770473325, 2.087162100690197, 2.0958489756855965, -1.9251497619893287, -1.303368318774492, -9.10498125542827
2.9012205946440766, 0.9794107385258225, 0.8554834123918057, 0.8664280905760556, 1.1957058854893572, 1.1685366426106367, 2.0185630703466515, -0.6594554934645309, 0.3207955152356248, 0.378010124787944, -0.6032222759691768, -0.7032184444111987, 2.908694710954881, 0.8214419523714979, 0.9745540140560542, 0.9658738598397647, 1.2437499946979997, 1.15350725550021, 2.1319085551523513, -0.4595741408249907, 0.45308851693838886, 0.4630961500562814, -0.45966020225047877, -0.4796571555062715, -1.0761567934548169, -0.9232489438280381, -3.6956374515015082, -4.757158269777522, -1.8222876631091485, -2.285638626870948, -1.779601158718769, -1.2821089995561514, 4.394845116522935, -4.123623720247606, -3.5698017120922634, -5.054041434275593, -5.889282009413989, -5.538046480117927, -0.9640150450399464, -1.0512001028282236, -3.9568070845924064, -1.093563082649195, -1.9937072472665989, -1.3502534617669164, -1.4199785304698964, -4.392626025280741, -3.064162965138249, -1.0786819892414026, -0.12433459406000669, -0.16972700039789257, -1.0407344983125075, -0.43171698362597355, -0.3351308846068533, 0.8579967979993648, -0.24916069106676453, -0.3761504019898377, -0.7337919890612574, -0.1394055277840121, -0.12250829835280184, -0.623055734722462, -0.6966665549984932, -0.7221894236021692, 0.8403368233171128, -0.4612476740424959, -0.4563958089672843, -0.8237567612233576, 1.4541214788042467, 0.2530349608137891, -0.07691935104833779, -0.021422407585527697, 2.456819284259754, 0.901323602317274, 0.8694788684517125, 0.8852661724354399, 1.2500888786249151, 0.6165686216654109, 0.9908459768302367, 0.529272066265599, 0.24142080764866816, 0.0958517316474066, 1.4773421844137702, 0.17405592652827137, -0.08287354122517324, -0.27886075291841833, 2.5723334959373223, 0.8834625253163928, 0.8181831454015442, 1.051206771586233, 1.5646361358234815, 0.529703956222215, 0.9136558620374314, 0.4091856245967461, 0.13243790695991658, -0.13280984712087388, -0.45926680751535914, -0.44799326983489335, 0.5564882961064431, -1.2494993009381143, -1.1017176270665643, -0.9105640603663928, -0.9198003606199289, -1.1004119849034626, 0.48482997529898164, 0.5179102409235594, 1.2811878545514617, -0.015792426878944332, -0.031814797137554765, 10.768360957315888, 2.5634021320999993, 9.58457386458088, 1.4101316256608323, 0.9242222480195087, 4.222232451446085, -0.08773316274882174, -0.15558561435975093, 2.3388316871774997, 4.722771895757937, -4.191886116484135, 0.1820374065033342, -0.3978009400637409, -0.4892418088332609, 0.12329680147328928, -1.711615290186119, -1.2082418123105794, -1.4114627650227547, -3.6440200013308965, -2.7402970969275713, -0.6646645883822339, -0.8746179038323968, -1.294720782164863, -2.864969235431053, -1.8699581661779023, -2.2770424529767324, 0.2919779017303061, -0.03754080179636596, -4.5141518551593975, -2.2151493964439615, 3.025084542948038, -0.7182961958025805, -0.6482528966401894, -0.4902479546532831, -2.6336516638511345, -0.7316036093415759, -0.6889919352680076, -1.4131175105106137, -0.5111339902856749, -2.888987918657351, -2.302403231126307, -0.3862067715699283, -0.25829616493515867, 7.343789925384418, -0.33557304363812185, -0.45063610205844556, 2.8866158444727823, 2.403185895532012, 7.320384097464218, 3.0378820272209754, 3.076920546389413, 3.7912798411653696, 3.853504599619901, -0.3030921062090929, -0.15567501561720823, 7.504816389889422, -0.2581209420704691, -0.33961816090387, 2.820313122519915, 2.5262965563427793, 7.325441722907361, 3.08647145300296, 3.0294878297651313, 3.802855648165819, 3.792971173982204, -2.879468398286419, -3.4522980536086934, -8.166051802983132, -2.271369802540441, -1.9075326626008442, -1.9587035893293374, -10.26091054887298, -2.9754783694646862, -4.22238632887145, -11.50833648009447, -11.751656279458185, -19.157632534347005, -1.0526255306497956, -0.9091385438680216, -16.646347947668385, -15.27964731598512, -3.310689385680489, -1.8901084841499483, -1.8123443752017194, -10.444227738751184, -6.16381245459275, -4.424404681358203, 0.6237686002446726, 0.5998399821062386, -2.824614433626416, -1.3276416231880208, -3.098650512519602, 0.6627435378826035, 1.8881762728431757, -4.494159873494753, 2.0035221180141733, 0.5566287909706853, 0.6156809228161519, -0.6713093068418974, -0.6717775949944632, -1.6785361990336063
4, 0.13642903287219904
0.7652541396798072, -0.38003278277818675, -1.3048281330140776, 0.2526719123814911, 0.23513013360046733, -0.47498607211630894, 0.7760411313470456, 0.20981810469988119, -0.6897291197748396, 0.3888095915931138, 1.146423752515066, 3.1495165689567757, 0.7675912579922504, -0.39569454048219066, -1.2873650176633682, 0.2649507598146723, 0.250793127766847, -0.49448085431151284, 0.727030696156083, 0.23986458877713382, -0.5564245684906847, 0.3216540562212731, 1.1366186874250683, 3.1950063532329196, 0.4043457777471263, 0.4119681675382933, -2.358218525922257, -0.010285053359797349, 0.05110515259838255, -0.6268480765589315, 0.612101913379753, 0.7419591611914679, 0.32021412617833256, -3.0964747779758763, 0.45845665032217287, 3.1631786679849196, 2.779123116610692, 4.958151102249215, 0.301551868846898, 0.29150015960194403, -1.896163758928194, 0.03922470840990138, -0.878695178193603, 0.3867991533866128, 0.37307635339836365, -0.17804989812594896, -0.03440950883838906, -0.5051423096476632, 0.4889079436322852, 0.4718211464393199, -0.7008516127600886, -1.6341154852456008, 0.022479524760248143, 0.24507382796853225, 0.8790494950302125, 0.8114042401516159, 0.004792200576718501, 0.49155133838679, 0.5070494114904122, -1.611753947495733, -1.91742134787039, 0.1444949505698843, 0.29232444507371674, -0.08683293784336592, 0.18453511193913652, 0.11671455886287616, 0.6732873008656581, -0.5916340826835409, 0.0011966464836409808, -0.5050399253347474, 0.7729036989690208, 0.13657580381494477, 0.7374127198981495, 0.2240572452454158, -0.16734376507835977, 0.43111317688683876, -0.6651208975825412, 1.8960239051060628, 0.5228787751925884, 2.1084079531147273, 0.6751193515206633, -0.5909063585463423, 0.010485926408959506, -0.49993467566096444, 0.7321375076375641, 0.1191873401432339, 0.6783087966559145, 0.2788674350261739, -0.0063888039254972094, 0.3474807848279128, -0.6583554799822434, 1.8969817572293324, 0.48373184720411827, -3.1065833361423754, 0.79876187867608, 0.8429871784450884, 0.4838443469296009, -1.3156184008002794, 0.1800785835411044, 1.9870937075786632, 2.2024711867276174, 4.516546189187909, 0.6701187366115642, 0.7822876972228321, -0.029089983491802866, -1.2041222155735543, 0.6340606873462982, 1.2496317208303112, 1.7206333373883231, 4.272323577872321, -0.9732960365876699, -1.0169589982299678, -0.23291739926844654, 0.740350905822865, 0.6459710182852836, 0.23004863529887834, 0.7435058811873535, 1.2115730182289004, 0.14804092886615774, -0.08836785514656303, -0.08370969258832409, 3.113379038919294, -20.697789262974222, -0.2264803182814563, -0.2523799406956402, -2.268837194159188, -0.6513847212692917, 0.8084578991093861, 0.5539586765534132, 1.6378478151694214, 0.7078771808906177, -4.432009715365632, 0.05373033865136877, -1.0085606393551712, -1.0860376707068204, 2.1819078233270486, -1.278599108670362, 6.9351260863646536, 0.3083138781223936, 0.3321395095219134, -0.15295822760121694, -0.05787868225783742, 0.46628047013976165, 0.5850018758376182, -0.8345928765785949, -0.0813264843969799, 0.3058594641948717, -0.1538668507098468, -0.3906863257392333, -0.058169252388442186, 0.5530666528367503, -0.23801712685651014, 0.19886519913871614, 1.0548995571011464, 2.973021631299505, -0.6049154625467055, 0.9872734820144579, 0.9092479788671587, -3.2585239621944027, -1.4138966088851663, -0.39465714708782534, 0.034844526438395675, 0.4875080183953159, -0.21850328911432865, 0.5158638012805531, 1.1429660835494695, 3.188680337315389, -0.6019131866627928, 0.9873559604774931, 0.9040230309111191, -3.302331049581061, -1.443000368547618, 0.550472040961205, 0.6639131926972953, 0.39036393746149317, -1.9393610672605541, -0.2684051162523778, -0.27498383585513414, 2.5670250100980714, -4.794847964795852, 1.2347387990012675, -0.9811410834100378, -1.0498348959199812, -0.2822907966938323, 0.36190791197988254, 0.4896134854520356, -0.3043223939658646, 0.23916658613703978, 3.096226394876108, -0.2249079917319882, -0.23344820675226044, 2.656361612936391, 0.3732951006445365, -4.826659059478633, -0.4505613197803194, -0.4588005602786344, 2.477788988796453, 1.0107983580743054, -9.507994829059331, -0.02485443809598034, 0.3336356913187031, 2.7418429878106707, 17.952271023289278, -0.25325753848973376, -0.22835914442125727, 0.9922337198641697, 3.310224042975731, -21.80981718437143
0.23171270702808425, 0.32877656708833036, -0.07775965192084534, 0.02231483319654528, 0.07006439867764275, -0.016049781259565587, 0.11813767475539001, -0.09458250546723511, -0.29380555914266177, 0.14294572530248026, -0.08819296806307972, -0.09954753416712032, 0.22795486344688654, 0.3045487158346153, -0.06020174810217022, 0.030383433920129453, 0.09510503998606186, -0.058450710636737666, 0.13242987490484212, -0.07451890864988663, -0.26566725735055985, 0.13981999166587433, -0.07452742759943798, -0.07680639727822734, -0.12123770581842605, -0.10460541800405222, -2.053455583659501, 0.7381622857300822, -0.142383216342562, -0.6286867059449284, -0.4373522329816695, -0.627936582899389, -2.5754221765338636, -2.449352277911704, 0.6590813990713293, 0.992273924347301, 1.2056528767502743, 0.9775696764347186, -1.31421921950314, -1.3233102302251811, -2.787831596000705, -1.1735827305537694, -1.6945212321928087, 0.32844712907706075, 0.321548720561236, 0.7784402915723466, 0.19439386374754908, 0.19970647865245528, 0.18501562829804474, 0.16134461691930616, 0.3892039369161961, -0.034220668549667356, 0.020487807811099483, 0.08361189858526254, 0.027506498156834067, 0.009007812544925222, -0.03966630858432314, -0.6405813540900008, -0.6039806965867115, -0.6687912090673204, -0.5788516067578582, -0.5944863824345233, -0.01867670665099868, -0.442370522959488, -0.42074328695781865, -0.4999303829584352, 1.8222702530867874, 1.1408005781506216, 1.952598904236253, 1.0200353342124002, 1.7623834239377447, 1.5554791678255042, 1.4558533687358184, 1.0077658969616132, 0.8331393296288279, 1.225177326389477, 1.3817124906879197, 0.9454766683076925, 1.2941459383435383, 1.097966564552573, 1.8908624111331496, 1.1257182327116528, 2.224562513567132, 0.8379674676416751, 1.842082186914771, 1.6146822965933152, 1.4882900787674198, 1.1731713858693127, 1.277177124307058, 1.1249734379735068, 1.3253673973086508, 0.7896975338496198, 0.9886598772362679, 0.8259196592229664, 1.4112027825260993, 1.3837285370435395, 1.1295885967870665, 3.7163603196619808, 0.4540201353181511, 0.6943675225705626, 0.6147470975749036, 0.45183053235840404, 1.7174851088974077, 1.7352349769616136, 1.9356345103022508, 1.9015188948084136, 0.48010566258123394, -0.8017722990234178, 1.247972206362437, -1.1053534786647023, 0.8699207696956154, 0.9202578047629998, -0.710445703612288, 0.40566010336514413, 0.29295767920270477, 0.4500007575107382, -1.1840679608419442, -6.6841237665495195, 0.7022848001528968, 1.323855908521944, 1.2264785277208148, 0.694275415928169, 1.3429767309932916, 0.039496068692886376, -0.2502346741412056, -3.3077509108212175, 2.9082824069191715, 0.6184265770921439, 0.35092351701753616, -0.6239457969263121, -1.0414452090287116, 1.153029867776871, 0.9712417454155525, 2.093895965313201, 1.6493211971966026, -6.28063359743204, 2.6979655185663836, 9.632820844087902, 1.7780810852676203, 1.8425396220056964, 1.7681202646804188, 2.013387955669393, 1.6423630309701525, 1.7100471670153783, 1.8852416300238304, 1.958522997946409, 1.8679535110105108, 1.9720095338082846, 0.5416027085702944, 0.45401382303159826, -4.031232893545698, 0.5077192340271246, 0.5861333786463794, -1.567926282202983, -1.589904732510167, -3.958947730117272, -1.60225137338123, -1.5970497116054219, -2.1415238855987524, -1.742755217606719, 0.6302139463616856, 0.5195551922681511, -4.080870614340437, 0.597518054499953, 0.6584938122747112, -1.5513605500542738, -1.5495079576924864, -3.9543029676954315, -1.5588310560001675, -1.65354198107597, -2.0910137314452557, -1.8193351477972584, 2.1910064300772487, 2.4972001434582767, 5.417485342654019, 1.827507621541484, 1.252675157645684, 1.2222308979325485, 6.44439418248692, 2.2288164568399695, 1.8619767594602885, 7.5342049356264695, 7.735001492428326, 12.348011902853923, 0.5728233728757087, 0.5701674300509394, 10.778586602171451, 9.905012337922802, 1.0539097243412427, 1.274271642432515, 1.3378901781926484, 6.436891175820371, 3.116903520383501, 3.5731837808721116, -2.062175013159627, -2.090707994829171, -0.9852986860140429, 0.11267002075545174, -12.77563426644081, -3.763343724603682, -0.7975216082206105, -12.155139837012484, 3.904603769336889, -1.008651891384682, -0.9340108135712494, 0.7054501235774958, -1.818660767284615, -5.32897749434948
4, 0.11867708925972355
-5.819466789263956, 4.484323379436525, 2.5797679154190583, 7.9882774060858655, 2.006513085835545, -0.31109184058577044, 1.7588967264285817, 3.1152177950708744, -3.1864365188682213, 0.583850909631337, -2.7582191071876454, -4.812695676164531, -5.806156415739225, 4.409747215114427, 2.6522250663196316, 8.057812669330668, 2.052616142801848, -0.3195970132264313, 1.581839234723691, 1.9962838805741143, -2.9958663646883608, 0.4914443139939549, -2.4758240571974133, -4.8804854999154825, -1.7281542742596312, -1.790338989695217, 7.269834823783726, 12.460403188231782, 1.1723069635857313, 4.5346134671186515, 4.3884257074357915, 5.214732212454327, -5.074917956124317, -11.787458560382051, 3.7769352921055734, -7.37500633600739, -7.018743195799604, -7.8240933377585, -1.660556879182369, -1.756761573459907, 5.734585686431823, 4.051042809561414, -1.3687343166160157, -1.4038159264380299, -1.4452433894765386, 8.76469014330243, 5.821548403098787, -1.0073654050433853, -3.52716911642728, -3.58897739221127, 10.110964611717995, -1.8168324785517156, 11.29088900159603, -0.7382765625538318, 2.3688235180227464, 2.4618822518215935, -2.609433717977036, -3.490009529417267, -3.475757018652249, 2.294424706533001, 8.320948125121692, 12.540063123595987, -1.1052626258633884, -0.4114260624524198, -0.058017044092510676, -1.1780057187725324, -4.973753284898365, 6.303150744402871, 3.6247323110271754, -0.889295346767533, 0.7765453919228704, -2.179464172505614, 0.8829580594179489, 4.696069250618135, -0.4353524561987678, 1.1526377245987423, 3.174781345538575, -0.30154613229758526, -3.2632774873596433, -0.2736670925298402, -4.908925010269764, 5.930366799252005, 3.6450369080500895, -0.9636954554317136, 0.72705555111241, -2.377624045746016, 0.7235431588109853, 4.894789349376848, -0.22455195516135648, 1.0662801972573006, 3.2017505496243968, -0.08765558428050076, -3.3040738254730484, -5.71266096124173, 2.4325307119497763, 2.7708743708057733, -2.2510944459633526, -4.745194335739701, -0.324287199818148, -4.5411216687861335, -5.516121237713813, -7.055137741069499, 2.4258639061041896, 2.819026660023547, -2.8565772094811295, -5.697151655042193, 2.111806347260315, -2.7417698974861926, -4.281696060692869, -6.679705838033911, 13.708589406362137, 13.403135742042025, -4.101510408779994, 2.1323165754787685, 2.0189400969262854, -3.0120384527639574, -2.031605842493356, 9.932300850246424, 10.046148238670506, 1.2712454159511601, 1.3283163208398898, -2.1235766591449767, -31.129891830513248, 1.0658795847080016, 0.8777272775139674, 9.961398562710375, -0.6021647050817396, 1.765910280720324, 1.522743651621225, -1.5835350300674056, 1.8038656287234922, -9.054138469414697, -0.28822992464859976, -1.5688854776616057, -1.7145949859272502, 8.417548350213613, -10.62772377340081, 4.356422660211787, 2.712455569205053, 2.5424696003114247, 9.654821241921066, 5.101016379444521, 0.7679783004215831, 0.9504948864642562, -4.56013548272112, -3.501687971881916, 4.012393189986707, -2.2829273902075524, 5.684599301243681, 9.636383183147123, 1.5291376121158025, -2.2819822322804666, -3.532470005647974, 9.504462706961029, 1.81083836861925, 2.7567766094289703, -1.1328980389366976, -1.9979569881188557, -4.45329500104768, -1.7369475302577493, 6.171865451631884, 12.178160542944319, 1.3771936800231588, -2.2094326365580184, -0.12847961977495556, 9.665545864322453, 2.075392773426557, 2.766605850484344, -1.0191557535957223, -2.146676075674853, -4.458087411514691, -1.8125134834880918, 8.54875267828064, 9.41774220166378, 4.483636271650488, -4.386727759559567, 1.2028359720398465, 1.0777075448421294, -3.2640018257123073, -11.0434091398914, 5.516589871845326, 13.821578708369815, 13.787515435646593, 19.718436143154072, 0.720385677289425, 0.8761448624435294, -2.542880264180772, -6.8929708663592, 6.910297950182246, 1.0800348847189178, 1.1734598615272032, -3.437209768774428, -1.6335967311628379, -9.047695108484424, 1.3451339620359186, 1.3000294102030316, 0.1093971538894458, -6.813957578485509, -6.072984371264486, 2.088339512885914, 2.7730950732985975, 25.482750733511793, 12.73229712849904, 2.009194645875376, 2.0434130331022926, -3.8737173348952667, -0.5814711076172092, -20.833817434104937
-6.728020389596246, -1.40605798166905, -1.5185241444091633, -1.3091115205797892, -2.108458343666098, -2.517092989398502, -4.830192211700367, 2.582925390558167, -0.2801066846336571, 0.7980570615843071, 2.411268783557847, 2.71629604727497, -6.713063224062814, -1.7385211451959297, -1.2220185201439222, -1.010211948069157, -2.0067395996560276, -2.616132531351076, -4.582978085324651, 3.1217106477702923, 0.05074361214917911, 0.9188110261732659, 3.121977781381994, 3.2015410319623117, 2.956095103789462, 3.320048686506248, 6.096467662985531, 9.504949578080987, 6.693648741014766, 2.101470671223805, 5.603534739615309, 6.2732008772314325, -3.3251351566032428, 11.050562826512891, 11.844145370312326, 18.624426677015705, 22.577257137784432, 22.44920542344059, 2.628831724091809, 2.2870205839165174, 7.903066648205529, 0.8637292846304979, 8.07213144919456, 5.868168665184889, 5.56786704201371, 13.317723487163013, 7.507923925470726, 6.428584073880703, 2.0818963995699877, 1.9959484946110917, 2.392227123364579, 4.439587785485925, 3.7654099031363857, -1.1980947221704996, 3.6002822251343414, 3.786837447661333, 5.284515005587938, 0.3737923141863729, 0.4678932046480953, 3.8190937283334705, -0.39965323981799217, -0.5407196879253061, -1.208748255227265, -0.4711745540401537, -0.4143485865550269, 0.038758413979871544, 0.6866305585512804, 1.5893095657019674, 1.6017557873479644, -0.29835790911127535, -0.2532087217701847, 1.2002020951139922, 1.1982859707373021, 2.345189362542947, 0.9731482330803728, 0.6447826632331563, 0.6945475381997068, 3.7761248506502896, 1.13965286369435, 0.6022911152092852, 0.596914974391584, 1.3288431088138226, 2.013098529264157, -0.9989248116372428, -0.39669042768576485, 1.118063445028285, 0.9789136386347939, 3.11921823577794, 1.8102118263769473, 0.356498831509008, 0.2451007359845371, 3.1067249085916333, 0.9148233989404626, -0.11002291971949114, -2.820698750052371, -2.772607223993059, -5.388734486546424, -0.9481228187245458, -4.157080006328271, -3.7152362743932743, -3.6451395059325424, -4.152874563514483, 0.6329410995641, 0.813529088670484, -1.4506345019171032, 2.392335647346847, -5.6450088881617155, -7.074199577863809, -0.5824201079590443, -6.691170684611408, 1.3722596762249515, 1.061654246431908, -5.225215769288523, 3.3982905592543924, 2.831821304723315, -3.8194309614835444, -2.6797737256722156, -16.261443364200105, 6.012192910153779, 7.190410652843236, 6.666921869325922, 6.179190260604774, 9.963922238106342, -3.242399934730937, -3.8170844796464336, -12.424880997504209, 1.4981416256233797, -0.39406105813616354, -0.976616771114673, -4.335604816951934, -7.222914793160948, 9.077264157292472, -1.7472178326594756, 1.6013578970832503, 0.7508897678428136, -17.450962413998916, 10.203412360663316, 5.810992301361927, 2.3486755095070904, 2.573210092749887, 7.480937713211812, -1.0914106993882127, 1.516781216989419, 1.7313247708049886, 2.520117905594136, 3.844633531264734, 10.08459926368854, 1.1326430928226887, -1.1168404334352333, -1.0129626909361502, 2.819583334003829, -1.0780062381821616, -1.1703572320404914, 0.44724862698930706, 0.20547463102302782, 2.8596749523392937, 1.2547667860416292, 0.6149949530933466, 0.9436578552255136, 1.43875469212928, -1.1544325611609403, -1.0279781771101277, 2.93035971853686, -1.1182145653074573, -1.1876782284996719, 0.524264087068196, 0.3898789118663482, 2.875387751265345, 1.2119475542276505, 0.6103059773218716, 1.0254535295658869, 1.2005541102584636, -0.40494090750858114, -0.6925552681631744, -3.0495178458313865, 3.8817406086534136, -1.453349100249706, -1.4161842315926922, -5.418635884901814, -0.5714111835783443, -4.7139527458533195, -8.434971756339765, -8.55656858282582, -13.038738458921154, -2.669277474149985, -2.5972810182389683, -11.531835303286682, -10.627499767983418, -5.475211178519206, -1.3571678799243352, -1.3765588450271862, -4.952682479254188, -6.801878213673428, 2.324650291264314, -2.587760990873039, -2.6686921487763424, -8.212097904097186, -1.6080503762897782, -10.069651446703196, -3.3471846711409174, -0.42476633124915103, -17.914308130173424, 2.945306450614254, -0.3737777305425796, -0.12271532384387589, 3.5332233045113517, -4.613152196223268, -2.7837275674354336
4, 0.10980616284889382
-0.1442951407803709, -6.041345610784856, 5.607773029878542, 5.711159577190518, 0.7902104035979464, 0.40955408083331685, -0.263100844877968, 11.447034844440484, -1.1606610718242505, -0.45505052664509626, -4.794666492629755, 0.5007147779369355, -0.43302297794307626, 6.6251702731776385, -5.593815348721317, -4.615718256546275, -0.5524439171182796, -0.6242578427213705, 0.7397873684936738, -8.629158688561947, 0.6836229693481713, 0.40697308603202803, 4.194332484533784, -1.3503410105928721, 5.084481172145278, -4.952294559238339, 0.07952439136572531, 0.7170413210910999, -0.19973395494604154, 0.21049300588947673, 6.340631230528298, -6.04770263611153, -0.14875055351184602, -0.7483989132116398, 0.3089334888079211, 10.904433264448913, -11.026357952844887, -0.6097436910246813, -5.387733932810729, 5.303727128670401, 0.10017552118238544, 0.3402226405432335, -0.24272805131071826, -5.3059980053567255, 5.292398811472971, 0.3945524323620224, 0.4408194918960839, -0.1436625980865218, -0.8625605003811783, 0.556119951147349, 0.6014134087288852, -0.48529578692085856, 0.5935073840300916, 0.01738306649029263, 0.7826141136545031, -0.6797304200957452, -0.4566029648442422, -0.7052486083643869, 0.34347454858453585, -0.054702216079315434, 0.3144479580804858, 0.9545103067145191, -0.030050261033281598, -0.30066780634780155, 0.20638520569295118, -0.3543043476638733, 3.026421323084477, -3.7626857911311027, 0.6568955812634122, 0.10289441065847581, -0.43648059141443646, -1.0003803297358012, -0.957512532289504, 5.619422881056416, -0.28967761406046755, 0.2837983806495156, -0.19280469538402217, -1.725201843516855, 3.2918365900893876, -0.5567529171302361, -3.497000354606642, 4.356873607294858, -0.11023099808622368, -0.40256661821034123, 0.7998751152946642, 1.3748026121292816, 0.9168941162001877, -4.769122158419862, 0.1636321332495952, -0.25771448127592195, 0.6415961098234246, 1.5141961559221553, -3.8977677148058842, 0.590222992254614, 2.4066015311719218, -1.962367327973353, 0.6384251988490152, -0.30504735994954063, -0.1587675471145382, 6.995609575204123, -8.82153201474407, -0.5217379653766674, 2.011908938642427, -1.5114833771803273, -0.36917248993565727, -0.46448864871642437, 0.14943928383058067, 4.58003412505244, -6.941284788819144, -0.5611494486481566, -21.27521226659336, 23.159992472461195, -0.14380941993731142, -0.9535446827393397, 1.6071527318641725, 0.5418133793777663, -0.31386615603791995, 0.3284845624768312, 0.5539418087237084, -3.0960715662935696, 3.1650509838260854, -0.22781884727393234, -1.3547429851299075, -7.683499031857665, 7.784272866386501, 0.27237819659109724, -0.13966945225002045, 1.498185222510825, -1.151270961037126, 0.40482490648339986, 0.1223540749920293, -0.37053030311340235, -0.18507964182214726, 2.189627132592002, -2.6083587473910645, 0.07269436267251968, -0.6799203035343061, 0.16821578245431332, -5.260323674785833, 5.603592716969044, 0.5068566431931483, 0.3895129834361875, 0.8350198330600023, -0.5665528883300235, -0.18313474096053325, -0.4221420528900965, 0.36596242463127643, -0.31351959117361583, 10.788808341894761, -1.415888030899278, -0.7129243680066477, -0.3023982743902229, -0.8690281431425417, 3.191691100975215, -1.3243733173413677, 0.21883954225357538, -2.8322523089474254, 2.568420866680633, -0.5309617513401095, -0.31482571381626007, -10.469956411372666, 4.437527544310758, 1.1087760879223272, 0.3444437458259696, 1.1008882549208014, -1.7864467093423377, 1.1687482282216692, 0.1591636671210457, 2.606164272767549, -2.939294882284659, -0.10691994763330066, -0.05312859509440219, 10.578004113889666, -9.429502749504517, 0.5762826212637359, -0.2201716819116128, 2.5456975167905567, -2.4709802797630562, -0.17230708261978103, -0.690659512079171, 0.07196014644452474, -21.454193065685132, 23.735941085391833, 1.7839363098100485, -0.703670752744092, 1.1132571983441735, -0.04024927225189104, -1.1458147580040086, 0.11421320910705866, -2.4223751690860897, 2.4754441157553444, -0.21085483202504363, -0.2629597362323733, -0.42419418454927543, 0.2614398098018366, -0.18118179463032216, -0.1416175701014354, -0.44639641555791226, -0.16132609767996386, 2.9446303777115976, -2.7320430796532875, 1.0679102310542345, 0.4615970178347731, -0.06959682338961926, 0.2414129655996583, -0.13783527473363463, -0.289579054444012, -0.7886782563203621
0.34164923724360974, -5.950523650014906, 5.693620373553231, 5.587955914057187, 0.7114412437360684, 0.4697465441007204, 5.441729791540295, 10.328948376986734, 5.766428121594847, 4.089662379138946, 9.919943955133451, 10.645121934705578, -0.1488148817944108, 6.098412450117597, -5.631444868873227, -5.607836753338623, -0.7574522538343742, -0.41309582293136576, -5.236047709521486, -10.33286540325509, -5.6888953024862055, -4.144608542643281, -10.333213876709257, -10.501607538862702, 6.6266965299217615, -6.653348627861328, -0.029154870252530135, -0.1586446813008726, -0.13279292826498068, -0.03227930324497691, 5.908105309930912, -6.006069070457615, 0.13479922716056264, -0.08288179094498165, -0.36476643430731875, 4.648092641261725, -6.022907435548183, -0.570660836499292, -5.909434550999151, 5.956529951061129, -0.011634366874850319, 0.01819411258433757, -0.10486728342755777, -5.622892065382511, 5.288821047208468, -0.322969724207325, -0.15872941270356325, -0.21987299729217172, -0.8405219383532988, 0.5793687332391654, -0.15112502475433817, -0.11408083760360689, -0.1499014188189708, 0.049648791761655056, -0.7383000795109249, 0.4479551577116622, -0.13998335108952575, -0.45307401621895377, 0.3976825288836643, -0.13024087292564648, -0.00515688398929366, 0.045294050517656614, 0.04949545173640372, -0.271335693962725, 0.27424235976377087, 0.01669701891966725, -0.656649677835329, -2.854545425443981, -0.5214466629413175, -0.4483810146548304, -0.9936472168269997, -1.848658818865475, -1.6555138009859494, 3.6527579764312637, -0.3812296322792788, -0.34397254978440595, -1.3072325171402066, -5.368831818666923, 2.0063067315382637, -1.6149336527897276, 0.6621455614677364, 2.911121530027252, 0.29673256205258597, 0.4453624495958951, 1.1546412986362984, 1.9076937150236961, 1.6135892761938841, -4.084325547135169, 0.3360179129128305, 0.30689407504613486, 1.2971831764578416, 4.900108718689563, -2.024331537097019, 1.4107829118695543, 1.0225889808882176, -0.9750170336495816, -0.03507571929207991, -0.08604387563939246, 0.05676284766353273, 0.5726884060796891, -0.3664835422423869, 0.05227227496729514, 0.7890423839616959, -0.914133583500704, 0.0697463109641376, -0.16119831360643222, 0.11834368301902265, 2.23132812823704, -1.6125180740275067, 0.4966227922146036, -6.708420553028101, 7.356385218617473, 0.07086910426005745, -4.517913924574849, 4.11530613132752, -0.09417371016309958, 0.15873686441903362, 0.3544806897766255, -0.1961521412307532, -3.080422131253045, 2.5311454401440345, -0.13447472976211433, -0.2822184080718612, 0.3434775513539667, -0.27452068977747396, 0.2738487429243802, -0.2700532249629611, -0.28985113402051993, 0.2439673892924356, 0.06166848626707924, 0.10554884220172185, -0.1896501970647659, -0.05105528238592218, 0.4939514488678795, -0.7027526036180078, 0.3853694291512164, -0.2790672074115084, -0.047269701059639166, 0.08876906141624205, -0.4090472574721011, -0.32142105403021304, -0.13726447079260315, -0.3619829907037507, 0.11840157231566403, -0.19978276195159417, -0.2026898199407324, -0.4539347947458936, -0.1795192932678061, -4.040682063924549, -3.811535674048966, -0.7366419139916893, -3.9595053008791026, -4.161078341445267, 2.540654116180649, -1.5479429724021299, -0.011643698583267194, -2.6770479751770457, 2.4923864932420523, -0.27465747008705715, -0.005110672789181128, 4.16311157979975, 3.8811372512607814, 0.6333530424174623, 4.086540150005533, 4.240643820386264, -2.5414824332837855, 1.502251435204077, -0.05361067596938071, 2.6340690196354117, -2.4972520782298218, 0.2552100353961836, -0.05412229222738062, 2.2663616009768015, -2.2947480430699443, 0.0516664656445517, -0.17427595810849306, 2.768376865159135, -2.6977574571992107, 0.12150867641564103, -0.01241190145649781, 0.12172982542739179, -1.8117914170665173, 2.1376911997900554, 0.4081210639105323, -2.8252990504803517, 2.9902517912493223, 0.3950387304708955, 0.4059694763704208, 0.1569541977984361, -2.7737070048625205, 2.852154000529166, 0.10861441867944827, 0.17959363815857304, -0.09089291203633987, 0.3217654607798847, -0.18688746588488211, 0.23690014633242149, 0.01912709343060276, 0.1560831602899049, 0.5309631597139289, -0.25832183260771374, 0.4141832243660454, -0.035721125354507666, 0.03441922449345071, -0.06790698342723184, -0.14346363154377095, 0.10895152878789045, 0.03152652911224908
5, 1.9003805344064744
1.8666249625587352, 2.7362973928893273, 2.919199265492561, 2.9669212195436363, 2.8896930121353037, 2.8900392740455545, 0.3059734016018854, 0.45947321657602186, 0.3465459127133031, 0.3675865089751993, 0.24227058197561116, 0.1508771079218736, 1.8674983948862365, 2.7371719188014527, 2.896992714983711, 2.981965063508471, 2.8925565158967266, 2.892616421954704, 0.29783032251021224, 0.4423709148708693, 0.3420623684417692, 0.3596001043523895, 0.24199323112134105, 0.15913726126641065, 2.67152856993238, 2.6723919465415227, 2.0123578838734355, 2.0481305262539515, 2.881065490071984, 2.8812939219807445, 0.5891808964823072, 0.6078385401031057, 0.5108780404107192, 0.380309116370254, 0.38750217305583895, 0.5302771214650047, 0.4777885300974695, 0.1649575031893414, 2.804185468733992, 2.812208829891865, 1.8770919310939596, 2.0518116195613167, 3.0890143217312414, 2.8129497893485813, 2.8018605992884384, 1.8846511466579543, 3.2126658874606013, 1.9785841709799123, 2.8773971852159814, 2.873163471808965, 2.880644958469765, 4.2853973349148475, 2.7381894183613014, 1.9748566783882475, 0.5755693526097737, 0.5960174975931368, 0.3494860782135327, 2.8942450937353907, 2.8908720024383623, 2.8764655154872427, 2.741276673004044, 4.761813738228962, 2.0800074977187304, 0.5794477795460269, 0.5985272302559129, 0.316735518970114, 2.1481249812122116, 1.8410025889828787, 2.2209167264437677, 2.073795113536969, 0.3133090387792962, 0.3538584218766618, 0.3660934440779573, 0.4578629968816248, 0.4650154826352982, 0.51474448764633, 0.1731565935816603, 0.19154058798637122, 0.26595047588620746, 0.17829305343759494, 2.1491236848776163, 1.8347282421109719, 2.199327597455737, 2.0930937980834803, 0.30413906157500986, 0.3542476794371642, 0.3504924458991265, 0.45811999452787083, 0.4603897317759387, 0.507880756881333, 0.17845588814060684, 0.1970728046908886, 0.26973349828101145, 0.1824129535148972, 0.384015577252924, 0.39386761481437144, 0.5128188911725176, 0.49503116937606395, 0.33403680424783, 0.36023363659566515, 0.393897820728422, 0.16715565268926857, 0.3810573446778716, 0.40147126031692826, 0.4917155552660359, 0.31391611988646084, 0.5076059543593345, 0.2602141145826973, 0.316836943878288, 0.16333967541522396, 5.163966542129463, 5.148079303613074, 1.7321013904125477, 0.4739630194952282, 0.4866570289699841, 0.2536451070837807, 0.251457354331514, 0.572662598817561, 0.7862260439861479, 0.26844775837393237, 0.2668123535770054, 0.18820461767893404, 0.17885300459129774, 3.6561254040654156, 3.666794627965874, 1.9688602848638446, 2.04413286507152, 0.4244280078149055, 0.43758977080429434, 0.3087448997823403, 0.3936129557273899, 0.44686665555708044, 0.39551396882633616, 0.3417503764832605, 0.33674094604273214, 0.2738783300842631, 0.3022286435965714, 0.20522107342802473, 3.509260738999089, 3.530303253643134, 1.8958661606469986, 2.150122769432586, 0.43759726824321166, 0.45122808592802394, 0.4082772701959997, 0.30833207928139744, 0.38362241675919095, 0.3423382039122139, 2.763425271921919, 1.6533787987381605, 0.29878164996072626, 0.24910408364020575, 0.20136323847177764, 0.5516024910257725, 0.2943829393524975, 0.15561081822166362, 0.23055000363035003, 0.2401857634400107, 0.2321723048745558, 0.2586584373559273, 2.8930466624481412, 1.5269489036757216, 0.2946831136877321, 0.2522313540084921, 0.2502512808069342, 0.549467975632461, 0.2965666343366537, 0.15755962306853938, 0.23182840975168545, 0.24017351639156578, 0.23226624911828342, 0.25206296672308803, 0.5444992912829856, 0.5360003019767984, 0.41669035296635515, 0.23857560754818238, 0.23894627994502524, 0.23664643298061291, 0.17635044651664838, 0.2182262271388205, 0.2663658887319402, 5.20883979890572, 5.24274109857291, 1.9224950635303102, 0.49713789089595034, 0.5108784342609065, 0.24819916085721522, 0.29760537401940795, 0.40699544912882596, 0.22878989472977604, 0.22702055009220165, 0.16601980263228341, 0.2449345672367183, 0.2532966694379915, 0.24006141904168665, 0.23797961613073798, 0.26296033378968886, 0.19431006515012617, 0.20200152000560492, 0.7969974284335918, 0.8166331090521669, 0.8827054605388641, 0.26150930603573125, 0.24376470866793692, 0.24166590408085678, 0.25037539033464823, 0.25863173079499846, 0.17131120086171708
17.85200886070405, 17.08210008900984, 18.07210689986104, 18.065097137658825, 17.624183287241863, 17.709059635151263, 17.998820396583387, 17.65834797042681, 17.978913914242156, 17.9001033757954, 17.161313276853505, 18.032218347242978, 17.847394682451874, 17.0843195881578, 18.07808697239241, 18.070715196791564, 17.601507573197225, 17.701695739324034, 17.98984164352868, 17.66289867557755, 17.957780810706897, 17.924131287627006, 17.661724323980756, 17.857592646235492, 17.496280901924337, 17.478349197418677, 17.214726444478575, 17.154240568526834, 17.43756354557491, 17.3697972013254, 16.97588119794846, 17.03220254767817, 15.353203784934916, 17.9302053936355, 17.730251014226365, 19.05521361065274, 20.6672074845183, 17.48005254301874, 18.44153953898314, 18.45718017552104, 18.320443699201935, 18.136852397151756, 18.590475825173723, 18.340634241246143, 18.361061647901835, 18.21173127397175, 18.602154919262585, 18.03410881302295, 17.83978251170789, 17.85000739689777, 17.636162001774156, 17.506880035025034, 17.892600417266028, 16.9170008526814, 17.590796163781125, 17.638328633230106, 17.552191948015036, 18.110977060936797, 18.111330591502323, 18.082323244095427, 18.05393797668874, 17.88578592117964, 13.165895293512918, 13.15253847569573, 13.134672460809735, 13.096862312527362, 2.439821487140161, 2.3627981672235263, 2.4862450269342142, 2.4128302200939524, 2.972264584159161, 2.4171437218860303, 2.4417192467290034, 3.6298913488697813, 2.990724544607912, 3.124737218249765, 2.605600334712277, 2.486461632944528, 3.290906459937064, 2.5010278820695953, 2.5031742319110437, 2.4325223740441695, 2.5607716093565815, 2.483442833740314, 3.0610503699989993, 2.485668576464983, 2.513110108416357, 3.764367900191494, 3.0916786850753235, 3.2185331490186875, 2.578548485216154, 2.4577141910526272, 3.267936781523192, 2.463775275755292, 2.0466452709803336, 2.0313369793964213, 2.126527944069005, 2.20435970435109, 2.0102659436075396, 2.044337055018694, 1.928926834030419, 1.9993148257785065, 2.32217449406622, 2.306582420041652, 2.4074317002391177, 2.4433507589951398, 2.1370690002558934, 3.1828729357567713, 1.9758165047062188, 2.588743868843105, 3.5712952858382607, 3.5673212465543123, 4.091545974192652, 2.928081270202688, 2.895833467321985, 3.9747332135212217, 3.985350175172805, 2.7812111699095885, 3.1744674753586524, 2.9891339731935824, 2.9446917835437927, 3.1538184440574772, 2.8869175725354697, 2.6105950498102333, 2.5792431772468505, 2.4391960647683018, 2.9778708189239946, 2.95183705471804, 2.917724331607314, 2.592511127523778, 2.5991259358116614, 3.663673160047523, 3.1113953519992146, 2.7864064072247468, 2.7281112405536643, 2.397041726787093, 3.830261894100077, 2.296001048432024, 2.712323242988485, 2.6771970405662566, 2.6986055520112875, 2.690643719786842, 3.1104643270850607, 3.0776637695351536, 3.399174219732971, 3.4072357003231653, 5.197532820625693, 4.167470407664556, 1.7473975517241749, 1.671809107191153, 1.7289701756564044, 1.7277184520881401, 1.7911108736554653, 1.6996883526015385, 1.715410841394509, 1.7559246012329632, 1.736254867803987, 1.6900699062553546, 1.6744027343511287, 1.7502862562143902, 1.6995308585575137, 1.6133590163706335, 1.702104680233233, 1.6825922135932783, 1.7287009201272376, 1.668673443355422, 1.70643722247086, 1.7223569918694086, 1.7516842067915939, 1.705406504520479, 1.7044372161080938, 1.7547034697269972, 1.6913977570213872, 1.7146894570924223, 1.7301295404864645, 1.7470978955762375, 1.7084693909415074, 1.7000303203668252, 1.7511653318410254, 1.7203117931780694, 1.726657515696702, 1.7099322127627823, 1.672801962566922, 1.6995567010775583, 1.6827219162763343, 1.6705494113962334, 1.7121358691082804, 1.6485593090923143, 1.6903997786708012, 1.8047362027328233, 1.7972505444772382, 1.8378607271233431, 1.7040885332309637, 1.9312327349745921, 1.6377830169042056, 1.6249892494806584, 1.6471582820369048, 1.6225030325352758, 1.6952711070686781, 1.7271813515917869, 1.7173358519902595, 1.672146561907794, 1.7977431418322505, 1.7109986312099292, 1.8404558771523494, 1.8885085404216984, 1.8111277090821865, 1.9185813202728836
5, 0.8672443097178405
-0.2712403189963377, -0.3571031510865267, -0.4368221621029921, -0.4447319822525303, -0.42411441302267205, -0.4246315662174908, 0.38079972973317827, 0.38160645548366684, 0.6138975795054756, 0.3805358370162311, 2.6936115996071264, 1.7315637047401145, -0.27114145669322814, -0.3573438792797036, -0.43341466899120523, -0.44700740657763827, -0.42467587194432516, -0.4249586153936227, 0.36976194875350016, 0.38043708882325794, 0.6132406396116936, 0.3717998953879328, 2.687611317664241, 1.827100527042034, -0.3609717555803583, -0.36194679020727855, -0.28948375957427575, -0.29674280838162526, -0.4101939677226702, -0.42502261249071166, 0.939129554897733, 0.9683743694942983, 0.387385825217636, 0.9644328734248261, 0.39443827111244795, 5.885605283720573, 5.3090540804905375, 1.907814045928304, -0.40893395060524323, -0.410239159432984, -0.20621636527926807, -0.30225375713752944, -0.4413863119899657, -0.41033514706851454, -0.40871461980341534, -0.2014673746891061, -0.46880767105990434, -0.2855675118294898, -0.4134457845201402, -0.41291866722519655, -0.37033077100999856, -0.6449277627075365, -0.40327092167320183, -0.2978083811107179, 0.4959338430119296, 0.5130159369675411, 0.4178862702533839, -0.41467660928657635, -0.414287907687003, -0.3469252564133109, -0.40675197375690064, -0.7227218603628554, -0.31442936184371767, 0.7562383115315627, 0.7847022824542271, 0.43115458358959996, -0.3152760296607747, -0.20455338974449033, -0.32427717620612145, -0.2986277388730687, 0.3169549636971651, 0.5854532402270399, 0.44938377931840934, 0.6856714316077281, 0.6009739355706328, 0.3916320163551675, 2.0175806348162957, 2.1626179544176782, 3.111921119971864, 1.9201391185526564, -0.3152859733123892, -0.2035676372901842, -0.32122495878801555, -0.30167731144068416, 0.30923960062922373, 0.587153317075778, 0.429153246960752, 0.6894972063100016, 0.5985749711563849, 0.38618967387734726, 2.078451597043967, 2.222655673340091, 3.1535591162267687, 1.9353479004939718, 0.5555925411174715, 0.5692799324215525, 0.42701589095797743, 0.8564851224816016, 0.36551975404158477, 3.999170206740997, 4.377412875964093, 1.9321886358673463, 0.4868719755202026, 0.5089908213520905, 0.33053400368726676, 0.6601303078613022, 0.5294811762002313, 2.88982298493228, 3.521334203025567, 1.8821488794153363, -0.7157740895711068, -0.7138803732805413, -0.0869736529369411, 0.4690220225717012, 0.4751291371284994, 0.396486668449838, 0.3207158548163676, 0.5238165868955272, 0.3608885235595005, 3.150863532296641, 3.129323763485571, 2.1299168525665135, 2.0272263579429795, -0.5319925144257576, -0.5339480813677925, -0.2819221463060776, -0.2925570657913559, 0.5406530413277835, 0.5541011660374544, 0.4987609400485048, 0.44973321712810904, 0.9430397241540883, 0.32942186360436804, 3.920217925799665, 3.8637889020211227, 3.0826219662540586, 3.548044876614325, 2.0708370445993527, -0.5157331150714869, -0.5195628850267457, -0.267853940811726, -0.31408679429505815, 0.42129770303721603, 0.4355525674271201, 0.7054198460929847, 0.44356275137390777, 0.37402275050897243, 0.5073397729173614, -0.3847066456681375, -0.23118057751705517, 0.36078046792444274, 0.423992585811879, 0.2222674717254891, 0.5898873949966057, 0.6920610033538427, 1.752913352838796, 2.577539293055877, 2.520701502294662, 2.8343243162475615, 2.8569189619435194, -0.40246980936591764, -0.16256908234495102, 0.3561698788000022, 0.42838851089936525, 0.31441427358865953, 0.5908052768893837, 0.6990900759519714, 1.773449986738092, 2.588344241213823, 2.523184507959521, 2.835835859273952, 2.7805100992450833, 0.7964874459854349, 0.7870203767058603, 0.39838527690769476, 0.41274226078637705, 2.559716649300497, 2.5404270069310946, 1.8259163571153132, 2.7034459615148885, 2.8292548847241643, -0.7219999072420157, -0.7268696355186764, -0.24755070908071836, 0.4894802113323062, 0.5049375106176632, 0.42454884352196987, 0.310001850372914, 0.4380134844710765, 2.6087392786470174, 2.5929419489928827, 1.818940303601924, 2.9547749110861243, 2.859413900783148, 2.7811135399151854, 2.756273977823767, 2.973460576564047, 2.2490321888124694, 2.0113804732155645, 1.0792964417154518, 1.1101777947132332, 0.9264293852714294, 1.175576239435465, 2.631573763396176, 2.6143000123127584, 2.6701845813655942, 2.623478750357263, 2.089258284320868
-2.286259882819718, -1.901128908297139, -2.3318374567875817, -2.3318217040791205, -2.20274260748182, -2.1867532195140194, -2.335365216627712, -2.194943091127413, -2.3154398674292187, -2.3268045601181475, -2.133558712569102, -2.2411044823271475, -2.2872845346109187, -1.9084135380209288, -2.3322822109365955, -2.3313830267143345, -2.1979179411715775, -2.1861634217903925, -2.3339227780875076, -2.194272878102435, -2.312834109602393, -2.3316573272267407, -2.194125959059227, -2.2182765355183585, -2.0442203195100617, -2.03962888546706, -1.8704442353125628, -1.7843791058275658, -2.0252302994885953, -1.9641608664575114, -1.8188002898947155, -1.8488268865679438, -0.9345030237407909, -2.282687805621258, -2.265982877174912, -2.4052537887221255, -2.6269178994565254, -2.151822532395926, -2.476916202243009, -2.4793057838317303, -2.4077284414852596, -2.4290161937972283, -2.5176069913827113, -2.453485691324783, -2.4569198276014084, -2.380634781382362, -2.49678726795582, -2.413558239385789, -2.320069818747462, -2.322203160541023, -2.2616564553357805, -2.265811804235192, -2.3028154152418225, -2.2305676127333727, -2.2674909614361223, -2.2700642182655018, -2.258226848583115, -2.3532538210824856, -2.353488073246949, -2.3543931124220294, -2.2981876113883892, -2.3032505944017685, -1.744045925184706, -1.6792418883778382, -1.677851078714673, -1.6731461133648926, 2.866378191995452, 3.3806495699370798, 2.011207591917361, 2.7425788260316386, 2.7876342600638644, 3.298522487621448, 2.92771562954444, 2.8380957105915225, 3.433797318078428, 2.5093310001566445, 2.9522691809796133, 3.4280621603076153, 2.504303792323115, 2.9809879503531813, 2.9434750020263643, 3.5007889554846865, 2.065946228938701, 2.8206256924341333, 2.8571985367663815, 3.4039678118176933, 2.9945860592977986, 2.875146298322316, 3.542446689396426, 2.5819022670309137, 2.9110753831954326, 3.4260391866025337, 2.4688269283804702, 2.9358490153092585, 3.0323931061454847, 3.003994639200153, 3.071351802285054, 3.1433594216469785, 3.03434317351019, 3.074056498318942, 2.9027694094642587, 3.0178162873862666, 2.5032677118926268, 2.479006585811273, 2.6896104572252204, 2.3656962214012776, 2.885037118744359, 3.3263628811943096, 2.321504817145444, 2.640390811093438, 3.401935631077022, 3.434143850958446, 3.3591783362539265, 4.542814462041239, 4.570390641677595, 3.905061928983327, 2.7622701790908626, 6.884421838634727, 2.806486058303008, 2.8768498283661006, 2.8606308527257314, 2.7863031531157803, 2.827263699115733, 3.902649271485308, 3.8484491390465094, 5.034433737993978, 3.226764670455511, 3.445007853300236, 3.408257488934807, 3.853011462518022, 4.551391002012839, 2.815434622530023, 3.8566546475370855, 4.79199561488218, 4.751108911413661, 4.830039526601634, 3.063854724774549, 8.406565524894267, 2.321156935497157, 2.2900324573482456, 2.33939699666098, 2.6745603274191208, 2.1173407363449734, 2.091419925100853, 3.1082336805140915, 2.8738830427993056, 2.07854523038606, 2.861719000271396, 17.11688695350948, 16.383674581834363, 17.914851076440875, 16.927054667785498, 17.54145861884021, 17.767374538805612, 17.331299647207423, 17.638062208573455, 16.546438706980688, 17.02760154080741, 17.177893831406465, 16.45872544244716, 16.660034114792087, 15.823982717449795, 17.656700628007158, 16.496694171269066, 16.94385792972571, 17.434670637931973, 17.26321821215782, 17.316408644740008, 16.725993423376103, 17.222644263818292, 17.491055858438333, 16.527958422389453, 16.995214904898425, 17.2271491376751, 17.452275432679535, 17.384890178267568, 17.158415141334014, 17.056703892447175, 17.310655645039414, 17.28697001628208, 16.90840827056645, 17.878757475387495, 17.470732541948376, 17.9044295544969, 17.384566504204866, 17.230132788230595, 17.98799688076928, 17.27971662578351, 17.493705441220747, 16.540644585815812, 16.47799962718622, 17.111787047002192, 17.69353117073272, 15.789720686370389, 17.82457992494776, 17.682999751691607, 18.261060619204187, 17.431440250917802, 18.679733311946872, 16.732577078100476, 16.64160284018971, 17.38735962048851, 16.73331277927764, 16.673918231218057, 17.92080899956804, 17.64030595940483, 18.2325378252809, 18.061631836025466
5, 0.22008504038738835
-0.8984621094463745, -0.2653138817863823, -1.2374125617041083, -1.1456458684883284, -1.26591979116499, -1.491883986871689, 4.161575907084668, 4.492972548694522, 4.146124548293336, 5.093746579172261, -1.5194796109829987, -1.1734175554673307, -0.8955007703817336, -0.2615828791686802, -1.228019285709572, -1.1552425403581412, -1.27108723896217, -1.4888857573693328, 4.05761801967986, 4.633573589750816, 4.080669907906062, 4.984966039017496, -1.5055285028354901, -1.2354743022859562, -0.7388777951684483, -0.7589135240675537, -0.26178478636564995, -0.2557223601405095, -0.9903648919042041, -1.4727961204764866, 7.474458897576433, 7.702343976154645, 6.59749046713452, 3.97008637680335, 5.955625646432148, -3.365011217889644, -3.0488426406941547, -1.3766004117208515, -1.2032131452661592, -1.206083166876979, 0.8440021652124448, -1.180101750418001, -1.3369946086201492, -1.1921887297670368, -1.1830619243609068, 1.0135522374261772, -1.2579776712600574, -1.1891932476761284, -1.162982291879642, -1.1631261794865735, 0.05478162345672619, -2.3620679578486383, -0.7054268079044719, -1.9444555540071264, 7.778243078897256, 8.049084816534666, 4.93148237619232, -1.245119399315989, -1.2486660597334878, -0.0080649175677421, -0.9032228222228684, -2.3329533210236697, -2.0969610945204824, 7.3895158049538106, 7.623483455605275, 4.410765070971736, -1.0115591223582594, 1.1407140796854423, -0.902808086369293, -1.0082020641039642, 3.393965614545491, 6.1482074207393484, 6.850816350274968, 4.727824111396108, 4.5715948513925415, 5.426252494256056, -1.293463071337543, -1.0583878589829527, -1.9526500606621133, 2.0029696486979702, -1.0108114812661408, 1.121500321037697, -0.90740905321922, -1.0313970879270802, 3.3124908548416117, 6.154717704332154, 6.572993894435628, 4.712846148263145, 4.520944903742884, 5.355449067854118, -1.3326791319448443, -1.0671098523944034, -1.974550905324607, 2.1562298734393686, 5.053468630367215, 5.17482093576054, 6.012344415519236, 6.18046079191156, 4.718812167131445, -2.270090956025677, -2.504583536402892, -1.3738237356721617, 5.170959791280464, 5.444324795747927, 6.04334636650312, 3.5554853937465394, 7.386777399031888, -1.6215778541575738, -2.009459175287685, -1.3217133188816654, -0.9102058894331652, -0.9004464008416009, 6.096052707646156, 4.559999748128254, 4.658016952272114, 4.928772319891622, 5.127229149531535, 5.096263315482422, 5.616147382881288, -1.8544235569902239, -1.8298023193343562, -1.117588147202522, 1.525285667247658, -1.5321146505787229, -1.541826478573864, -0.488554504850118, -1.0956448008222925, 4.269403892985276, 4.381301633512014, 6.230047445442047, 6.979871664985915, 4.371856990118627, 4.16430356564987, -1.80354494813805, -1.7656289092600976, -0.4044956592606556, -1.9386695235774152, 5.755776065134034, -1.5061219772776446, -1.5331252165509734, -0.4442829702967507, -1.0399510843284128, 4.585714148095879, 4.723414340226316, 6.467863987570487, 6.4057828119955325, 4.480146676059963, 3.2765974912910023, -0.5691412180278033, -0.31892542721672035, 3.817642413336922, 4.101504021381368, 4.98772969715366, 6.607918737582195, 3.4461537786616407, -0.9558366288861229, -1.215582254049757, -1.0869121937462543, -1.4049133002685281, -0.47414923103385176, -0.5935369399079384, 0.6672453762896864, 3.7817923325772504, 4.161325443828686, 5.216379210336107, 6.598173907821431, 3.4820375086005155, -0.966332821530675, -1.2119668974591256, -1.0951617179500694, -1.3999560135248343, -0.43543534992735805, 7.312227680390917, 7.172776182513316, 4.911803051685747, 2.7662720889416867, -1.0851717008744939, -1.0882820189289222, -0.9900054495829378, -1.2471605224777402, 0.058091978273075946, -0.9184553307534022, -0.9091673801965964, 0.2573485737349671, 5.428235456921572, 5.560013156394529, 4.059154907183205, 7.91586892670436, 4.4832839733507255, -1.360697600929213, -1.3564677841616615, -0.8898878844084502, -1.74982619154712, -0.571079558452423, -1.584171706106662, -1.5658450943187492, -1.4602561288388645, -1.3082961574744922, 3.91009507706472, 10.401244793200558, 10.636011680820324, 10.707077797535744, 5.62090014758797, -1.1090680044063794, -1.1087887142978181, -0.9212565623506326, -0.8442214108035558, 2.4564624932416357
-2.5058307564065117, -0.6859461342197769, -2.3055888911837776, -2.2742117015457994, -1.7614202371524394, -1.9745638948439932, -2.483723006803592, -1.3687260695701957, -2.2700129619407132, -2.2754124501739903, -1.3405578163457483, -1.3896002321513177, -2.51014968443201, -0.7785513002502523, -2.2768052765763183, -2.2373724021211028, -1.7436987906023653, -1.965831529812158, -2.4550768830859595, -1.3089936529656492, -2.2430172712691094, -2.2724061324559535, -1.3088803240007956, -1.3187361662775245, -0.6935090726029718, -0.6306922980772671, 0.8030931416962803, 1.109266316745393, -0.3845968224712035, -0.41956916912933073, 1.3274141279077092, 1.4619734141980445, 13.053575481964444, -1.9508921377298283, -1.6722407924200517, -1.6132432606503273, -1.799959560550629, 0.012096047741854046, -2.68279361282552, -2.7083721539465104, -1.680100813323508, -2.8094826807447224, -2.768932164240492, -2.4527451943040357, -2.482011808229572, -1.5171009686343437, -2.6747435781734943, -2.4136093900327915, -2.1582945261057236, -2.167540895002518, -1.8145483101143531, -2.2732453321212986, -1.893028193174641, -3.4224992952927895, -1.9444027846027048, -1.8708538184113497, -2.0140353169253453, -2.6058644941432756, -2.6138797344407125, -2.4662161233351263, -2.211822748892745, -2.7916670913099564, -2.947919577431722, -1.6994823070736669, -1.7228555136046775, -1.818674916395997, 10.300199429414981, 8.913766208326347, 10.392019935774606, 9.712624917577859, 9.82528933055163, 9.53862997452894, 9.991624268379706, 8.838215998469222, 8.5954469275686, 9.422104606980477, 10.39291441092476, 9.50353787689608, 9.922261817880875, 9.959502217510417, 10.558722580162044, 9.156581834784937, 10.681119884976331, 9.996096324429498, 10.070664874424654, 9.78646534377384, 10.291458751511856, 9.139500582358831, 8.833680385592233, 9.702544686192681, 10.248999499246224, 9.367382383037414, 9.798476954685622, 9.806904816547426, 11.014453710621796, 10.955387714719995, 12.505307249831425, 14.229807378186882, 9.89792473621508, 10.210426348729053, 9.628396423673324, 9.842044141175558, 13.168950287282788, 13.10425779968995, 14.640960888582189, 13.198939301095505, 13.593048175849702, 25.00247255783155, 12.570538984256057, 21.03517375579831, 12.2683867746176, 11.813685550612764, 16.247584008285834, 8.750315185322085, 8.63335765615938, 14.64114800364557, 15.521601791345294, 6.982200876313021, 11.373552645427484, 10.247228790628684, 10.09176152936529, 11.26240178422255, 10.236895891907043, 9.767160121334976, 9.690624887296176, 8.130674262671652, 14.078990061309053, 9.748761520329722, 9.652644697259566, 9.62044719076093, 9.631652107307726, 10.024040482234923, 10.554730433504096, 10.029759923143786, 9.876610011721787, 8.24244948486166, 12.102959752214913, 11.483604108066793, 11.735673132595325, 11.585012834672046, 13.13832701875432, 12.577708510985916, 10.779678594889354, 10.652213893137809, 15.72530040262875, 14.881473921844709, 11.553399678554692, 14.1679113960434, -2.603230228760043, -2.4956064935399014, -3.4426863685207145, -2.5759397265605646, -2.6658492386153876, -3.29682292940687, -2.4683337238916265, -2.8961629933116577, -2.0376575309501375, -2.6517528422017924, -2.9359713713533457, -1.5952874098978824, -2.535625978160946, -2.413074952253778, -3.3954932539692506, -2.512230975424546, -2.577673973729977, -3.2134178393128217, -2.43766643126572, -2.844714452990465, -2.071020903850837, -2.695510617573523, -2.9733431325603004, -1.6088606175553357, -2.3900801202463238, -2.45279411238355, -2.5910989536651856, -1.139236555882937, -2.5910877477999605, -2.5662904002494806, -2.545379439496272, -2.482658589476583, -2.178488038372707, -3.855817604063102, -3.768152114375085, -4.089580330803297, -3.296876505414977, -3.251800534856211, -4.031138712565805, -3.833592183659908, -3.0654125995341164, -1.7903459955474434, -1.7820373002307714, -2.47270106189438, -3.284573097110557, 0.07976134877773977, -3.3846028941669895, -3.3626526393840357, -3.8393805915762953, -3.2674983448111945, 1.3824526597938696, 2.5305073823632247, 2.4397869617359427, -0.3297632274763122, 8.257368876081564, -1.0784056069817467, -1.1504863591265246, -0.2126590533373106, -1.773605646846847, 4.77204295922379
5, 0.20216098170389507
-0.45774732825898684, 0.01517668127492095, -0.48541685875072943, -0.38350964821084604, -0.7506759937276696, -0.8493814257425052, 1.994311989151745, 2.711230469298339, 1.6606386510716902, 1.997826875514894, 1.372479023810791, 1.100001858501666, -0.4562395851386383, 0.015887739785477646, -0.4813411921628797, -0.38813079526940397, -0.7525876477580449, -0.8471630183417806, 1.9443720225466337, 2.8181552080734096, 1.632663480924496, 1.9512783328128904, 1.3679044521540933, 1.1512446962043552, -0.334602700001507, -0.3423664296780759, 0.1313402829196514, 0.20225474282379946, -0.6880361944140279, -0.8895488451506015, 3.5704988055421567, 3.6746194206395653, 4.558515221330688, 1.6944550697852803, 2.4098773420574706, 3.074648144216015, 2.7699488377860755, 1.3897096471105521, -0.5636592005755818, -0.5655644601449983, 0.766950297299524, -0.8901828858193299, -0.7479014251636109, -0.5602089299778585, -0.5551809030491692, 1.0188312951192506, -0.715328309130668, -0.8734600755635972, -0.5835655585257837, -0.5842048839591129, 0.16061147058325193, -1.2441622989683991, -0.005165181239982996, -1.6695375196279054, 3.318327527131026, 3.4262107644071857, 1.6406758104638477, -0.6208677689716282, -0.6229887235257764, 0.11785062489509422, -0.2598939943140306, -1.2281038157723874, -1.8732456699371998, 2.782653947697567, 2.879287278145533, 1.542431582118358, -0.48156212066953197, 1.013011182993123, -0.532402206292235, -0.6127263053366937, 1.6955709039221885, 3.0967792302485684, 3.219624620166158, 2.287026511355886, 1.5790191946359298, 2.1956530462843666, 1.0812915535930947, 0.7720491194383463, 1.1507786065417624, -10.945149105235009, -0.4804098194169015, 1.0074224462783627, -0.5424972514242485, -0.632323378781305, 1.6551783807638316, 3.1024799278358093, 3.087359112919773, 2.275083523007554, 1.5682139873341083, 2.1604751128701762, 1.117949686163217, 0.7766150373619966, 1.1719397826342515, -10.488255992422712, 2.491127291048802, 2.5445450831472436, 4.205850364930358, 2.614313746020856, 1.7297213850868356, 2.070141923353967, 2.2727739775205316, 1.3534919372808436, 2.394191995190657, 2.5178045618653884, 3.8805995431336355, 1.3886788972750153, 2.987706044419835, 1.474048683686932, 1.821917533395848, 1.29649648026981, -0.10889682886968949, -0.10772013660905995, 5.010474584144675, 2.23067809701111, 2.282759289655186, 2.794760162985726, 2.763685729985248, 0.17945915361703535, 2.423105446896766, 1.2312610745814603, 1.2211195569699584, 0.7850594023516377, -10.956244404932509, -0.7152959001573735, -0.7225201124631118, -0.06903208631873567, -0.7718507454551151, 2.082914219170275, 2.144733429669529, 3.4627780291393444, 3.0386421551388816, 1.8383054597288657, 1.4672124481914919, 0.3388378205072719, 0.2699375673001833, -1.0655099396355812, 0.12390977239358775, -25.566943191940343, -0.7598819716450805, -0.7777112788603152, -0.12226699276548318, -0.7397463700091663, 2.0107719681620906, 2.074940696569186, 2.989342109450414, 3.2244461548027745, 1.83484943311619, 0.8292732133039106, -0.12342867281768839, 0.009370255040045404, 1.7411209458594121, 1.9635323397133566, 2.993420112508604, 2.2143308584487156, -2.7849251456004698, 0.9439173085552655, 0.9643288197313931, 0.9629333901924028, -1.5484638274380416, -1.3160202641697858, -0.1255343011980483, 0.52851365310844, 1.7264661190232866, 1.9944604547583342, 2.729389141836788, 2.1988803693209698, -2.9371617792928104, 0.9614250531519054, 0.9882767091433027, 0.9662291380348081, -1.577181390401849, -1.3681579142773905, 3.5761137153107594, 3.506100571943081, 1.9867331992369945, 0.9168316510338365, 1.1292103760876688, 1.1045104361650835, 0.8798775656893183, -2.6342473296271742, -1.3665310896609575, -0.11010554590488365, -0.10370848755973988, 0.49948841690010476, 2.3270094114219178, 2.3842799473627223, 1.9340032556791351, 4.978444055084493, -2.424619022867968, 0.9441271120131786, 0.9311122559954725, 0.9346290933480521, 0.115011325840047, -2.154112091127077, 1.0174973013161137, 0.9999655242743538, 1.0696242956740125, 0.542259528712333, -15.068921316169538, 4.121104611312542, 4.211407172559995, 1.5887431861738388, -20.415234592521188, 1.0869398082271438, 1.0623555247874499, 1.2039957208436858, 0.973536733777838, -14.966369342220025
-0.6301506919502095, -0.10347370507959221, -0.5259352503499412, -0.5134985820419028, -0.43385317919223637, -0.49855734093444426, -0.5691085410018996, -0.19848407632837792, -0.5269866844964937, -0.5306859974631596, -0.19706421558356849, -0.19942575580627359, -0.6309937451186296, -0.13187641662497698, -0.5158764092443813, -0.5005809524341971, -0.4290055891950075, -0.49686701552961027, -0.5596397836380684, -0.1781688937558081, -0.5179140240601584, -0.5292910705273051, -0.17814661515431127, -0.17827373635090743, -0.03319371523934956, -0.013093287966752557, 0.5071351999549655, 0.8099082781553739, 0.04025964187134474, -0.02178807332865016, 0.8304322914926608, 0.8690540369412537, 5.583586925439582, -0.3450226055276798, -0.2721446905760059, -0.08164340124179056, -0.07545843267729428, 0.6176329737521861, -0.5760647011856038, -0.5846891612412995, -0.18789610486836963, -0.7025200399175289, -0.5958649711253634, -0.43738358516505604, -0.44752389351719224, -0.007936667858717166, -0.4827278229703943, -0.5179796892729591, -0.5699468502235682, -0.5723990393614469, -0.516702998529227, -0.7096713308007235, -0.47489318261557234, -1.4155079800525459, -0.5109322332546555, -0.4716574053781882, -0.5817426412993183, -0.7363500095008516, -0.7379423577409997, -0.7272502354286597, -0.6166202350739283, -0.9598399526493621, -1.2267904846899995, -0.49459388027458445, -0.50788833353677, -0.5942741794989, 2.4230222517752265, 2.0997372701145247, 2.343541050235224, 1.900556701098956, 2.3993044165346746, 2.3054059316602027, 2.294535077636084, 2.043509572567156, 1.822881623623249, 2.05079552038683, 2.3211596697801293, 2.32333620459121, 2.1446150473190446, 2.0530562668523453, 2.481374554771481, 2.1563386132239772, 2.407581118537599, 1.949314990179943, 2.4576897558754887, 2.3619168900195575, 2.3617579731930056, 2.12181836073283, 1.8748128074123869, 2.1102512112994716, 2.2823256502421305, 2.294131448105969, 2.111893985331126, 2.012669199122402, 2.575104983430708, 2.562051536570347, 3.300865363181494, 3.6777718129433814, 2.05779370650751, 2.175632708413439, 2.0462319611101516, 2.045622636814106, 3.12673233906306, 3.114305809299967, 3.8978773863970906, 3.037832675682471, 3.198835447643984, 7.631085632611802, 3.2804733664269983, 6.535531568195417, 3.680002621014668, 3.5226634537814197, 5.603477896101827, 2.138620475060797, 2.1161100357102853, 5.095618447927758, 4.964342586785025, 0.4612426844288399, 2.6323554338655453, 2.1910810735617727, 2.1523757412159434, 2.590376045214826, 1.8781629331758871, 1.6969038647023513, 1.6769173163703583, 1.0878883131413886, 2.744564844251525, 1.685624989087566, 1.6609863858266332, 1.6091657642433828, 1.5815864957947632, 1.3696238601675175, 1.7080078723218683, -0.9263513418279433, -0.7604171416228209, 0.793824263858658, -0.03898834891766214, -14.417367973217003, 2.516329752446818, 2.485032061874777, 2.9705055121434256, 2.4195706462160076, 2.3105310098574696, 2.282034196365633, 3.2886272120882256, 3.2527498019867513, 2.5214453802727985, 2.811164991943611, 0.676651357332474, 0.6471409635750481, 0.6407729659738444, 0.6689333826985004, 0.6936991584261153, 0.4428877991130271, 0.06748058712746638, 0.6873368815993948, 0.5688860339653198, 0.3662352585940924, 0.3835423731241702, 0.4670255149191276, 0.6584890915787809, 0.6247560879064639, 0.6190030332778639, 0.6518183550758576, 0.6698757120579878, 0.4209467223875629, 0.023640462488857237, 0.6700120365981566, 0.5619023864739854, 0.3701217305189776, 0.37033260084649294, 0.49018850339136827, 0.3497943726425515, 0.3737430154358458, 0.3262310304198263, -0.57032589885113, 0.41927054753541154, 0.4238594910973345, 0.6071180793691279, 0.3973022903772604, 0.5235780858289172, 0.7931008216544351, 0.7841389069506024, 0.9356801826606731, 0.3670139873752243, 0.3619764876841614, 0.8933011397081285, 0.8426550126527353, -0.1093829071068687, 0.4771523446056118, 0.476486325445785, 0.5445601407058148, 0.09753502031210023, 0.5561938644739324, -1.1804955901625969, -1.1688504238976953, -1.6552245679517303, -0.4821175234635587, -12.394803136728646, -8.393421008435023, -8.238610519334017, -7.537333136316569, -18.59558225551073, -0.8502477994838078, -0.9285229128449586, -0.8678399089504931, -1.2820392302956882, -12.262153991259012
5, 0.17739863207733625
1.0794729767248215, 0.7618210035395372, 1.109300969676202, 1.0204373890273892, -0.9188637635836497, -0.6395914969015782, -0.841163236705947, 0.422896600840513, -0.9895989181993685, -1.2165440313880254, 0.09014245491886841, 0.14934109023856476, 1.0784114574674206, 0.7690058551959932, 1.0936718608996703, 1.018268174937578, -0.9148261367017486, -0.6364648772408567, -0.8190703566085495, 0.4236143569802679, -0.9722876302039892, -1.189063398008234, 0.08843227845951934, 0.15391072036901554, 1.0197647628447757, 1.0214286356585296, 0.921857146189905, 0.8270950588608869, -1.6895256543615755, -1.309549715458379, -1.3629192484916768, -1.4074978770736248, 1.2553761596948636, -0.6752205597913243, -1.0010888350055902, 0.21230903682997063, 0.19170291548064808, 0.20597308936061925, 1.1511638278971335, 1.1619540649910685, 0.7070439058392956, -4.158922731268582, -0.5938292153653941, 1.1216197023333234, 1.1295073622700895, 0.7975827680003635, -0.663005860804712, -3.854853164148883, 1.2387667631544723, 1.2385072874703478, 0.6577279314672799, 0.04530670173303009, 0.7819126260299448, -9.300981950735595, -2.013609869192749, -2.088706963096219, -1.576385582433708, 1.2130758214012891, 1.2139222968000056, 0.5738243375888021, 0.45271521622158106, -0.2919393781272688, -10.886850908187457, -1.7152705344690606, -1.773472914821103, -1.4999246973914064, 1.318825533453307, 0.8489812589068805, -0.7292770006565299, -1.1608584341436712, -0.584222611153667, -1.0943881646606954, -1.1815252821109554, -0.4272234207914783, -1.0224355295436833, -1.369969443336275, 0.05433805608721088, 0.07927986729930002, 0.19907741669625084, 0.5418680938510338, 1.316690786611596, 0.8531154073648596, -0.8579001765543934, -1.2659987355002615, -0.5706176196752551, -1.0947939878723207, -1.1278761735565728, -0.4289209047965549, -1.01273826121327, -1.3556398891621462, 0.05574317996884294, 0.07660998247003882, 0.19768805285541427, 0.43236270034328905, -0.9927625347216815, -1.017587242668395, 0.9889822437643754, -1.3523799989660354, -1.237800773251652, 0.13977172927114204, 0.15565940683088922, 0.19524558053135047, -0.9964211178922388, -1.0592540289767671, 1.0686802401772828, -0.875794715451879, -1.546382384698628, 0.09584653971197958, 0.12383703055696088, 0.18569582713819505, 2.2716333600492784, 2.2830802103220695, 2.3151615074706986, -0.7388390848252576, -0.7530001685596388, -0.40695258558593655, -0.40441222985099706, -0.9524270161159472, -1.3257489455076816, 0.13110931022741015, 0.1299274283853551, 0.12009337835886637, 0.6132005705605159, 1.0609918217831458, 1.0663080445358215, 0.5844653216179176, -3.124880113317242, -0.8129591534758392, -0.8381382149394109, -0.9362998123095098, -1.4051821567074336, -0.2928116893828539, -1.475517546336974, 0.1366946344546084, 0.1393741848061111, -0.0742379500270496, 0.3193475192818667, 1.1393521647270037, 0.46761968325742453, 0.4661026414921123, 0.06331645555439862, -3.067206198367568, -0.8262189530864539, -0.8544896336054305, -1.3586666311686202, -0.9152623871901092, -0.12386112674041566, -1.074951772103271, 1.2300446429962208, 0.748435007992139, -0.7151093931427104, -0.8188555589809464, 0.19213187156398204, -0.9450632707054313, -0.4954818145093983, 0.018933169432542262, 0.10683924204053996, 0.06590564004130393, 0.27099698702448316, 0.07827196154740752, 1.278017255006338, 0.34290739684058175, -0.7051636992745232, -0.833716882532578, -0.5589614715963177, -0.9447602474676966, -0.48427939266455305, 0.01825187283035954, 0.10411269416297879, 0.06636318129707912, 0.27141715097691527, 0.08144189378837706, -0.8749551781431738, -0.8601173612814279, -0.12718843006202143, -0.4168910681301636, 0.019783918159724766, 0.022893574641387547, 0.15445615894632655, 0.3666595039704752, -0.0956890957410565, 2.2913949588330964, 2.3246485708408473, 0.8937732266157529, -1.0100429074629083, -1.0361014165654245, -0.8104866146981811, 0.693526969755235, -0.9065630989051825, 0.07659224892411887, 0.07806571635359966, 0.13885478691082745, 0.2026685442521073, 0.25733628851010654, 0.09439995729561672, 0.09461335184282942, 0.09772712703334895, 0.19939040450897716, 0.4240880507979453, -2.179400419533479, -2.2452868459298307, -1.9436325942005985, 0.8598922204737225, 0.008752262018887761, 0.011394075232934984, 0.1559771578013569, -0.0512270303067685, 0.6443849170293287
3.772005973694519, 2.217729301370322, 2.736693898759534, 2.7435779141803596, 2.5564631706835277, 2.7460254349682613, 4.028193723549553, 3.0042932882943547, 2.0587998374080105, 1.5736588632178883, 2.927160106993815, 3.062087738364234, 3.7743334503543027, 2.2547612683192773, 2.725390422532041, 2.7405265011398607, 2.548235600877297, 2.7450159202251263, 4.013519186545267, 2.975572813083287, 2.035900521067936, 1.5555547628754727, 2.9753565362836527, 3.0050858805047804, 1.7269693230444134, 1.6973768499309134, 1.8376162932463964, 1.881460926255989, 1.3321436550326617, 1.4318966206129098, 2.2303823353822527, 2.2116547560799558, 3.00585524549915, 1.1283029600036554, -0.031195052900025392, 3.3453406028973514, 3.7863388195329217, 3.06965418518637, 2.416584682638787, 2.4537088141120176, 2.830643355932615, 0.609740499439884, -0.23390831781115573, 2.30334395119719, 2.324342340944392, 2.6158642614348993, -1.112469685574363, 0.7427901596441331, -1.35543928077702, -1.347119728357327, -3.0182670860241556, -8.21022422738443, -0.6271989630100628, -24.7201348555271, -1.6981092813244962, -0.7903615173992474, -5.568270321524033, -1.5409309956021513, -1.5354987755368714, -3.0840337122589125, -1.1602711296995036, -11.482575704391618, -21.195983971867616, -1.939790091374979, -2.3407961367330934, -6.097111296895476, -2.5503295509553263, -2.0825122640710405, -2.94373054651334, -2.5784083956138457, -2.058891872610668, -2.30940066381971, -2.396354363564206, -1.433728148095393, -1.8287406544051832, -2.082920004895222, -2.435995853628406, -1.8528300202204064, -2.0487514781854124, -2.493024566493887, -2.6185233822981666, -2.1414961972514917, -3.0422401658755898, -2.6516850412854067, -2.1067224587388678, -2.3724208377535514, -2.482654088269431, -1.4753588578156613, -1.8898379472473898, -2.1109675790624034, -2.4034639887697953, -1.8216510808786215, -2.013068165806375, -2.4590854905800765, -2.7381836331201064, -2.7213170315466577, -2.4414036409984634, -3.741648866882131, -2.5305516233133787, -2.6137220713616105, -2.4585733818332205, -2.5165365765984307, -3.3170542329740798, -3.2952807539431395, -3.0255715535906855, -3.4709176427512465, -3.375879541700157, -3.1632773958343487, -2.667106996987478, -2.425863691891919, -0.9757937777560188, -0.9110066687187919, -0.12680261466371923, -1.4254068643103104, -1.4023305906299295, -0.30250394649207346, -0.378543451286791, -0.573490124371178, -1.7747035207056037, -1.9766356881939227, -1.948979174782244, -1.7662264138344368, -2.3282282398963394, -2.628927732518029, -2.608940119613739, -1.7408034104251413, -5.22457641831058, -2.5663237685209235, -2.539228862248107, -2.4521274556871275, -2.6571632291563296, -2.5617671627502756, -3.6225185150819796, -2.280981020837794, -2.2958258139968293, -1.415525543502376, -3.4377264133160246, 0.5426215371561179, -3.2445985014940972, -3.220793165916009, -3.200438719384894, -4.323420943622773, -3.064155905828299, -3.0499525149096876, -4.618761579446232, -3.9446047707002863, -3.380961978353064, -5.162487102967117, 0.29502016589070046, 0.28359219117009943, 0.48729026925600527, 0.2922399313613719, 0.3017305590707287, 0.5144472844426914, 0.33697230019886637, 0.3672285677141411, 0.21625195237312594, 0.37726951619182203, 0.42005957743500144, 0.08598068674060375, 0.28822860323347915, 0.2752045047288795, 0.4832382129254461, 0.2858521461063356, 0.2927863110243293, 0.5018410700634363, 0.338294705086278, 0.3609551385753225, 0.22294947695265396, 0.3825597211832691, 0.4276279166517131, 0.07946021695677168, 0.2910323045299145, 0.30442678815874996, 0.36230290103470436, -0.05211514053353734, 0.39867886322928986, 0.3936385651272239, 0.4492437770580981, 0.30923570434660375, 0.4035873205800725, 0.7049665138665033, 0.6930369036007665, 0.79907180620815, 0.5746587802669699, 0.567298675619329, 0.7717850594012426, 0.729014333420846, 0.647308160330409, 0.1709796983703119, 0.17053379561303283, 0.44509238956945274, 0.6780578567243061, -0.550989493036041, 0.8800314061515058, 0.8745183407845739, 1.1598195907788982, 0.684246465035718, 2.1633951368373445, 1.0362377156492333, 1.0263024160885428, 1.7623853916560048, 1.8993217366250361, 0.17546776618838397, 0.192461659405633, -0.2000281760328261, 0.5657367454984333, 1.2866586397344535
5, 0.16955803730014635
0.7761323647097497, -0.42617949189265925, -1.0585043559914113, -1.3430580757414046, -0.14633770541637764, -0.2615453431199881, 3.9307989426611014, -3.400421482327503, 3.3400249984697785, 3.95609398569546, -0.4501654224567132, -0.8830822600323395, 0.7786177645365459, -0.39133073059078327, -1.0698495963634127, -1.3608700673773975, -0.1525035217513247, -0.2635033903646659, 3.837987773680887, -3.8341949561092736, 3.280624048838125, 3.8558670723690467, -0.44717720321841437, -0.9046456710790904, 0.6378572288628219, 0.5844204536495694, -2.049474714668513, -2.351596769323522, -0.12680176778547328, -0.5330261541487251, 5.1689070305117815, 5.334993838138179, -11.349588945529492, 1.8975242616666248, 2.4533284931421133, -1.1217194688726697, -0.9936495045852565, -1.2680877876266277, 0.23741930130038916, 0.2619353954594633, -2.3294673824125733, -0.8580670234676899, -0.1307638042020996, 0.25178053322823296, 0.2707737369528179, -3.0988599125913745, -0.07777832733128354, -0.8182017381459707, 0.6310549572758984, 0.6345879784709164, -0.25130255863022066, -0.4921890141347194, -2.753576459181797, -1.6809819336299308, 7.109580059427038, 7.3364401637956025, 4.51548378867903, 0.5528708975219477, 0.5539120732882318, -0.20229574635623965, -2.061217237410318, -0.5819228788071241, -1.8840476569148086, 6.537670333872449, 6.734778301569567, 4.281079685393152, 0.5658848885344161, -2.898232844607205, -0.10237848670384021, -0.2487495129409346, 3.3847853361054803, 3.3375858679855055, 3.5031374943316345, 1.447029678656858, 3.6450471068384926, 4.498921283806859, -0.15040726104529037, -0.4265092152499486, -0.9306589985276825, -1.543807627320006, 0.5498455823167565, -2.9130515312290024, -0.13238005417681825, -0.266828123925501, 3.306997036035562, 3.3315364472604605, 3.3198574371684324, 1.4702541410974237, 3.599284808316547, 4.4263982258913535, -0.1553637010597244, -0.41424355421653697, -0.917756608123718, -1.0397361440162118, 4.326354146187386, 4.416078758749735, -8.915402556718862, 4.730375382066191, 3.583441277707927, -0.7279075642475409, -0.8010653472592343, -1.1865512601739903, 4.36096420319113, 4.614450225673006, -9.255185498947567, 2.609451841563498, 5.093739668639487, -0.48663230499244214, -0.6339385541637649, -1.1269366221756547, -0.9286594782330918, -0.8369197423769196, -16.395389543999286, 3.93137818512436, 4.0017826982272755, -0.4969743543635555, -0.6030550092443788, 3.5603190146237367, 4.068781768232561, -0.5460526121582047, -0.5448238870057173, -0.6796758581790789, -1.5991058055501088, -0.10226504426555226, -0.06625606569666384, -1.8409813586501935, -0.6968867844309791, 3.7775333149099146, 3.880185273636179, 1.9383315853927154, 4.565142124297319, 0.2638048206278602, 3.6783097942967955, -0.5155188767255218, -0.5235315751920772, 0.3217897842919392, -1.461441554835925, -3.0972371663202316, -0.03552786028038306, -0.003200234164938705, -1.1578033820997018, -0.6636943310982104, 3.998536429500257, 4.10640396205026, 4.625857037321492, 1.9976503409752653, -0.791845086075155, 2.6719046953531596, -0.29957124853558126, -1.1081486957762006, 3.332102392616459, 2.702077448552295, -4.289903320947067, 3.9614779639441453, 1.6457497358146462, 0.009159360509086736, -0.5473150203793535, -0.3511751645009832, -0.9169348029279936, -0.24187447385665028, -0.36471990233747553, -0.345012264144941, 3.2917956477786663, 2.7843690721427206, 0.7892025429309081, 3.9453439533699943, 1.6104273972128247, 0.013243685104915897, -0.5365558978320274, -0.3480294939503549, -0.9147637768599969, -0.2578650751140897, 3.3895396680126058, 3.350373056922382, -0.9817371891346875, 1.143354327098977, -0.026094694849895565, -0.03849216486390739, -0.8378173377998485, -1.2964551773670479, 0.4342618832758468, -0.9360965955419184, -0.8659802144140393, -2.6696634479804864, 4.711633895351966, 4.797038189314383, 2.6393901868625553, -9.34553293421151, 2.6383312909014234, -0.27827261679561, -0.28709233599759826, -0.8440719495811577, -0.8228288879199106, -0.9525707486924677, -0.35212153370851745, -0.3537558614815854, -0.5169873057456534, -1.013029018275064, -0.5756702716159219, 8.194345289744868, 8.420506655457489, 7.541667662582368, -2.764934737049856, 0.02758030991069886, 0.017279718250165728, -0.9832340649241578, -0.13706900390798823, -1.2325120487488643
1.537709835557934, 0.7584133056309239, 0.3557606461825569, 0.37672525864716777, 0.9720193925911261, 0.8712354802927295, 0.9064827815233258, -0.1953578944485399, 0.07561993549292857, 0.13812475664165239, -0.17127908279912513, -0.21403336980322252, 1.53199956625139, 0.7870526365376965, 0.33947366275691093, 0.35590574469127756, 0.9717504342791989, 0.8715000203075993, 0.8952991948278148, -0.2295173792012336, 0.05886806833478529, 0.1314258668596059, -0.229546637616596, -0.23998030430339742, -0.5296764192099168, -0.5577794554017191, -3.331579914797009, -4.102408707471552, -0.4832141293741969, -0.5028111492123609, -3.920789608777622, -4.058327592024725, -22.247005777138515, -2.4760425861369018, -1.8735890435967546, -2.610013867342633, -3.1256770586096576, -5.932992557681691, -1.1519543154625216, -1.1259413355060226, -2.9680986086370065, -0.8457330440324483, -2.3766791985773716, -1.3065342000183888, -1.2831163578400446, -3.0917369425398755, -3.1008591456779975, -0.7893734241596617, -0.2541764995647246, -0.2552037591952179, -0.5033468622273537, -1.6447623974677548, -0.11722393377471022, -3.9037900044664506, -0.3041724797404745, -0.1587722521481596, -1.2288107487066906, -0.4303321826114662, -0.43120175564091895, -0.6670999113452895, -0.36519503465872777, -2.3207538855445096, -3.3735255102397574, -0.4521211843313881, -0.5287908010343543, -1.336192236461418, 5.568192536236013, 3.8090763264696563, 5.533964048251059, 5.00272720512586, 5.656013120168815, 4.691336062932678, 4.840804046303311, 3.7468766719868576, 4.1211567542859, 4.588667243472031, 5.14493010840478, 3.0253404502656407, 4.580565942957637, 4.7039057600308976, 5.701206153206173, 3.9025125458634182, 5.679425308285256, 5.151473544009418, 5.789899723921, 4.789889034465565, 5.004270937688408, 3.8040892909799, 4.2045066413094165, 4.709208147286131, 5.09249471770086, 2.949074557136043, 4.475403950875767, 4.648339961385423, 3.5782047660047778, 3.535516064003872, -0.19997759668313914, 4.2143685886367654, 3.6452448565621363, 3.8725694494869467, 3.575664867015416, 3.6273228407229197, 4.358201276723713, 4.3162305798628084, 0.6197145297025666, 4.869745639297455, 3.8639154325861425, -10.339718607005041, 1.8998321747426972, -10.38397111700021, -4.2266711983805205, -3.7713663941833295, -14.709811179458924, 1.5208966377670174, 1.4651021362337027, -11.686435362736917, -11.432336661312403, -0.5642857080225594, 0.15925253712670107, 2.9927942899557856, 2.9703851045940337, 0.19283434302971128, 3.391339488521064, 4.414297902932575, 4.385068830937444, 2.2252261145428935, 8.090597750568067, 4.420234088094733, 4.38599677749811, 4.11464584035799, 3.973602807649571, 4.386368322004916, 5.08068881617413, 4.012359936113228, 3.976807623324295, 1.1774252744219538, 5.3496059898057995, -0.30506031524785154, 5.185608455470033, 5.109565846591849, 3.464424919848129, 6.759415851656281, 5.133721762997296, 5.068137609849686, 6.684698151415043, 6.010340906547936, 4.8477961924833535, 7.236772757979423, -0.45797799140916245, -0.43710298844491996, -0.5827925275159007, -0.4523877645825994, -0.469969183002783, -0.8198971542487451, -0.4336732145401452, -0.3335954238700641, -0.23030519289110316, -0.5131694213575732, -0.5798868614593388, 0.046063844985796014, -0.43783467328211717, -0.4146026821579403, -0.5732026227403613, -0.4331487583807731, -0.44560226096779415, -0.8025381602952176, -0.42934048059231017, -0.3273524582631845, -0.23206410421346613, -0.5273138113899491, -0.5879284564687876, 0.054337426261563904, -0.5854647010487694, -0.6341460613976346, -0.8935452746670512, 0.142794521449981, -0.8164839576720381, -0.8151595990940346, -1.3525380885468876, -0.627120013892878, -1.1509675973658375, -1.7502537691077538, -1.737605551104056, -2.242027382750144, -1.0683544798545925, -1.0468352230037004, -2.089900410192747, -1.9550194918579977, -1.287914281249688, -0.3120509206071305, -0.3028319950842546, -1.234563784446246, -1.4675642707570293, 0.7890432912510106, -1.3872232079012106, -1.3817632696708406, -1.9975794593337977, -1.1518755152411289, -2.773723631678177, -1.1355492566698608, -1.1497094984829415, -2.7057085856854357, -2.0117531482462008, -0.20061136976334212, -0.22027696241554995, 0.4801638511167352, -1.0092363232521913, -1.3693971461553702
5, 0.135743191027983
1.2235597431363754, -0.5918259185951958, -0.8771234504156649, -0.5878022676221152, 0.05363694109078749, -0.14930830022369754, 0.519900907469179, 0.302551387002935, -0.8783814917520496, -0.4191931542790669, -0.43661449357148635, -3.184779027757563, 1.2240610990678995, -0.6051575006560745, -0.8677470783048363, -0.578665651170105, 0.05904938713971127, -0.15846482107207974, 0.5067940987981396, 0.5167112663909113, -0.8179281843157896, -0.42096018700581794, -0.40297525081942104, -3.178372622511448, 0.6175148963394269, 0.6361070221832861, -2.1077834662403325, -1.5872489813412618, -0.5710360276850858, -0.3637200723235146, -0.11066300421887601, -0.06527429012057824, 1.7427704407680038, -2.530294702648604, -0.08617392797667088, -2.03329351582145, -1.74312243807855, -5.422914945865044, 0.5946366278088776, 0.5905004769762913, -1.874671545560682, -0.019410915540779897, -0.7530891181941012, 0.6244360627130666, 0.6108911983227213, -1.7815658057317092, -0.1802708502012645, -0.39163881095130904, 0.8589032015532615, 0.8557460076765911, -1.2820911846382745, -1.1687837336970661, -1.5832901844684715, 0.4781473567824343, -0.47049184429813967, -0.5314466773781998, -1.2534229125948, 0.857990219730433, 0.8638113679169184, -1.983169254125881, -1.5419126343995697, -0.3457664863639253, 0.569661230187304, -0.5197155147910195, -0.486546767818124, -1.1313200759691036, 1.091698221205819, -0.5908359489972032, -0.1047060826784544, -0.3859673934575183, 0.7589865744925595, -0.3857576789778612, 0.21235127813751034, 0.02991942685676884, -0.4199204790498499, -0.4348147874685586, 2.8949532092642993, -1.274584076417368, -0.4451750711777302, 1.5011859282238278, 1.091402668041964, -0.6526181615306444, -0.09854283886914872, -0.37050786157506194, 0.7427829202316542, -0.3986137183931973, 0.19929684662650302, 0.0640701493624773, -0.37972171076681205, -0.45307995677551044, 2.9714001298228414, -1.2129745929999647, -0.3545029418576171, -0.46206661201617505, 0.3939076845979791, 0.4067984396904664, 1.0102100691696625, -1.1797785557706233, -0.7103825913562581, -1.1046238776664097, -1.2861060828287947, -4.822961565068565, 0.3490130587950486, 0.37379014975085323, 1.7798280728990452, -1.475156625008158, -0.27589069627472057, -0.48023508432036327, -0.9477698154549515, -4.555715507428956, -1.4848063549778463, -1.5180257622384652, 1.8182877244353746, 0.7819216609942827, 0.7213288479792511, 0.12140598925769705, 0.4805005923547921, -0.30722015738910247, -1.2795591746783654, 1.7315408411343183, 1.672630712408497, -2.9925142676933167, -7.3376784424973005, 0.06733503472256364, 0.059247974916165735, -1.9648639980560905, -0.578898469925589, 0.7255940517488372, 0.6569964115278214, -0.45240308600446916, -0.09970042095705214, -2.420822286660505, -0.9103868558140794, 1.150778011578661, 1.0479752020511202, -0.5420210475642321, -2.8989404094838127, 3.1938356038734814, 0.22964640506863548, 0.253858450922079, -1.2787246419948528, -0.20181932190688784, 0.27844797365660634, 0.29803666611389396, -0.977495173021005, 0.11757662541197339, 0.3957535149670826, -0.9123183572606914, -0.570410977161342, -1.0051451566100609, 0.34269693333380674, -0.49748840685161005, 1.6451438436711048, 0.2733580417336309, 1.069131336174289, 2.413860846891949, -0.7898639391921568, -0.7536466846000583, -0.6692967570133501, -0.0825818536754703, -0.5928285798431154, -1.2284230484986982, 0.33502553794044504, -0.4824287376711795, 0.8173278247584883, 0.3211991245678199, 1.1467883309225242, 2.456230095363274, -0.7366780806053531, -0.7521328651853143, -0.640613376907893, -0.2074566956069211, 0.18583771155959028, 0.23105974800248355, 0.47985548377561466, -1.107507524222226, 1.5598423711764406, 1.5092088372197883, -3.2352289470411146, -2.5832170955352876, -0.22128768057024825, -1.4967367484590768, -1.5682664426626813, -2.313896309021107, 0.11784928428739558, 0.11260923712400425, -0.5376294770027136, 3.182684937921413, 0.45984000186491125, 1.5493197800794554, 1.5422418857038906, -3.1045349568720986, -1.0069711953893774, -1.8194730000940684, 2.0546319039219765, 1.9894795677312809, -1.4112927164316185, -2.84578368111831, -3.341102774247204, -0.6351166165436819, -0.5814843703508702, -0.46149088180486164, 6.706239974316117, 2.141346228971481, 2.135276843421544, -2.1186095684883, -1.6224766245935143, -7.418639004674634
2.641625532647761, 0.8522431697916893, 0.8022937662011331, 0.8016971308069181, 1.1198129015741054, 1.0804062016156968, 1.8433349351833157, -0.6112921330568376, 0.3336804168059546, 0.3469252775356549, -0.559790553311399, -0.6510715562223522, 2.6493336930118736, 0.7193407637364686, 0.9014432078083943, 0.8848635853208607, 1.1542991166824788, 1.077330968664155, 1.9383672383986594, -0.4443683778191662, 0.44160451925647365, 0.4235146559549079, -0.4444149395997947, -0.4628284522689164, -0.9942499700821682, -0.8654943980842698, -3.217840397306741, -4.597508567055532, -1.6734837689642088, -2.065039064823459, -1.6180778434420355, -1.1321815396545973, 4.606407296824247, -3.5805011774393907, -3.388539527618183, -4.929830666221736, -5.766357790902834, -5.362563458394824, -0.7773459844699249, -0.8487302470846374, -3.4125285272761197, -0.8734431011131011, -1.6974464850456723, -1.3493684138885316, -1.4063212926929274, -4.2909085586011955, -2.9359892841425905, -1.0234175400120291, -0.10052482636298098, -0.13420529620124239, -0.9182935481013157, -0.3722056326294202, -0.28349269150165357, 0.8538644728046019, -0.2068506698799224, -0.31662436962807344, -0.6489534111388919, -0.02274530825578181, -0.017079842314899833, -0.4300075883314548, -0.5587871495345202, -0.5139199702017091, 0.752010268109959, -0.334857390412851, -0.3334366477002777, -0.6260890025654591, 0.9972232238560886, 0.10423526446350849, -0.11573201759139147, -0.11213174693844558, 1.8640542060393444, 0.5910676274925104, 0.5665536716021876, 0.6362075878906502, 1.0362718480953153, 0.3711782559901592, 0.6775684481149733, 0.31927507048764386, 0.02592440385366919, -0.022335865543934786, 0.9942792896857415, 0.06763452680447134, -0.12537334735622255, -0.23134524636114476, 1.8857385731173872, 0.5685767469416689, 0.534188570884577, 0.7741133329497445, 1.2292231975507921, 0.34356805955327646, 0.6079127657154263, 0.2738011580804898, 0.03547166050163724, -0.1235827971635528, -0.5159232720684264, -0.5031896325598577, 0.41689476039247764, -1.4124150436357474, -0.9253386258345492, -0.7991137297398062, -0.7969837196977271, -0.9198861095632543, 0.31275274279300463, 0.32976425993954595, 0.9184981018461224, -0.06941682567993483, 0.017399058506194633, 9.02332003012192, 1.9683217090764924, 8.080296188312536, 1.248636439459134, 0.8300437472325564, 4.033726244942481, -0.1267895865697516, -0.16058931298002882, 2.2220578310759977, 4.484383575718881, -3.410594499833674, 0.2949223067200837, -0.37905298277521854, -0.4476062367942388, 0.2492037853243133, -1.3473151789890754, -1.0690903869700727, -1.1782021139634336, -2.8552015287149173, -2.339244863066844, -0.6428901277017937, -0.7590589468120996, -1.0832178688391767, -2.344793258384779, -1.6282811510577433, -1.932485135619402, 0.15117495787687726, -0.04951483134637719, -3.291356831276264, -1.876805639427565, 2.162495590660886, -0.6033557894671036, -0.5779317942043408, -0.31328071693783305, -2.05997121625971, -0.6524794245687842, -0.6471784264602789, -1.3858440656741724, -0.5157455767890773, -2.8844430921626123, -2.1150377046445006, -0.48647027474067117, -0.34885052564771174, 7.6187568361595135, -0.4336012050349872, -0.5571849113681457, 2.944692866580397, 2.4741169696886858, 7.584940441802479, 3.027840123890748, 3.033070891313496, 3.7934710471010806, 3.812679360876262, -0.44012465767319575, -0.28121044468482126, 7.6513331626584264, -0.393108654595961, -0.48112566375730065, 2.8371100920962222, 2.5287616904871806, 7.461938548711978, 3.0970928783197946, 3.0483354252011416, 3.852002221673226, 3.8232406620505435, -3.0062755553178295, -3.602746195784749, -8.354836657648313, -2.2806961361303, -2.034235648211412, -2.102896110265029, -10.499479560959017, -3.133235199886585, -4.318538041082701, -11.758487160095383, -12.04238531548069, -19.439136328264667, -1.1742660886791554, -1.0906755696372843, -17.001237299917374, -15.62729749308276, -3.419244048891139, -1.9947595440254604, -1.9829029871091866, -10.681075276644162, -6.343661539432196, -4.493455017277383, 0.6643678173118854, 0.6027154165864, -2.835367661195897, -1.3808744525669197, -2.076672976662711, 0.9003303455805751, 1.7943791474343818, -3.560349079972493, 1.6495384552512053, 0.6031048468101159, 0.6503031684553692, -0.6527433819274133, -0.610372645339961, -1.1770729658060899
5, 0.13421348271889333
0.6937622646900826, -0.35352018272404384, -1.2219097616676313, 0.21046275261303285, 0.2351949985330395, -0.43262360458677057, 0.6925990590023928, 0.18582696128619886, -0.558904265931014, 0.4357747088421442, 1.060718930991021, 2.6506000265846086, 0.6949108579026819, -0.37191453500888005, -1.202864347674174, 0.22478925495203897, 0.2470766526827279, -0.44875690135757534, 0.6722867632331704, 0.22302647852830956, -0.442854816053873, 0.39394730973856645, 1.0513129895292503, 2.6950354782422488, 0.35829243707975855, 0.37256677730146187, -2.1952759215617395, -0.04005054185186058, 0.0837111560972512, -0.5458371458427101, 0.6176450332157575, 0.7099967329242842, 0.3275349305782466, -2.780703205094495, 0.5476541314096315, 2.8218555721379768, 2.4904837098674797, 4.118641886437637, 0.270175175277125, 0.2577127322186527, -1.7524145075645747, 0.08215971118424169, -0.8109183896672466, 0.3501526725218985, 0.33380401885204564, -0.19474290822358667, -0.008435730043981243, -0.4562224857854426, 0.44143911520379686, 0.4284919478334188, -0.6330624873864777, -1.513858474181287, -0.024558103853687136, 0.26295674511237727, 0.8889485954553195, 0.8330440600399726, 0.16501658963866317, 0.4471658423037236, 0.4598313289991361, -1.490301701236843, -1.7746640831932738, 0.15930139044899294, 0.3733344094336197, 0.13310108197499007, 0.3525140238344189, 0.24093910058838494, 0.6063840410794947, -0.5435561853485005, 0.01980218668843045, -0.4632748107356086, 0.6856665835883015, 0.15981891540499374, 0.6813270369772981, 0.19969948422264824, -0.03981777311789027, 0.46269126084528744, -0.3050580663300217, 1.704599538319685, 0.4414976272261336, 2.4571592621472713, 0.6104548583541956, -0.5430811865209288, 0.028026460235129343, -0.45769035042870354, 0.6739233837962402, 0.15558077010772292, 0.6420779140081312, 0.25350683225654513, 0.09624463209624105, 0.4128882642344679, -0.30398317088220134, 1.710132708169518, 0.413613442394749, -2.9522287182353484, 0.741223647421492, 0.758627435782844, 0.4254823929103392, -1.1019436015714041, 0.28641651681578584, 1.7923564878468938, 1.9849830342831043, 3.766631632112394, 0.6399353002525895, 0.7143751203219778, 0.054236193522148236, -1.0399636216010535, 0.6953039309376999, 1.1516053769651386, 1.5574550573147434, 3.564416622783952, -0.9073703230140193, -0.958856512586855, -0.15234173984033508, 0.7429285964233332, 0.638355167229262, 0.2179972921287526, 0.669553829005223, 1.422797707259298, 0.22761919507364764, 0.10597463682267942, 0.11378081229216819, 2.6732417855525323, -21.40050798236916, -0.21484554761898608, -0.24181160114598307, -2.1110195426407325, -0.5927107984562173, 0.7966570793044393, 0.549603364955236, 1.3493878752212007, 0.6811957626620719, -4.344594570892102, 0.17060161042729718, -0.8327086563514554, -0.8904837862496089, 2.1819424679532484, -1.6292773573038868, 7.71537939586241, 0.29159441155387655, 0.30828515627238917, -0.1444994823046253, -0.014643791484343038, 0.48290332320447854, 0.5620341613664225, -0.5854730088276986, 0.02059119196102998, 0.34782554963196377, -0.031078045287144116, -0.3715432978189396, -0.07267123615928868, 0.5088014243809141, -0.14554268446929838, 0.25800804606016825, 1.0402844835980642, 3.2095478859520576, -0.30640211940579515, 0.8725978688447567, 0.804974878466662, -3.273187456061669, -1.3784923252388033, -0.3704064432495248, 0.02944264041067262, 0.4726789790449756, -0.12755021827706933, 0.4888753319165678, 1.126848182878592, 3.4138389744397273, -0.3083593309445333, 0.8726994010103274, 0.8013999441684323, -3.3251296221222533, -1.3999972751701535, 0.5031338065441197, 0.570093500258892, 0.4395948138284078, -1.6369945560378587, -0.08368407776467082, -0.08800327112804338, 2.1060058248096656, -5.028130058037339, 1.2791114957946057, -0.9146940809605325, -0.9895637924928153, -0.287943258031729, 0.4208786072001223, 0.5129497329769942, -0.19611526171987967, 0.3638005839846015, 3.3545838627129427, -0.03490087915125998, -0.04310545460309175, 2.1981675760083506, 0.2139477813260805, -4.996706857984806, -0.20379379876769277, -0.20387375519875706, 2.2578390141784888, 0.6120040838927205, -9.606474090093016, 0.2202976209870915, 0.50657142805337, 2.832498122854333, 18.488430156750702, 0.02281554141724067, 0.038163261828382714, 0.7108255687044127, 3.0885276238079693, -22.183839433110457
0.2675449738035921, 0.33498084181978666, -0.08589129679742634, 0.004698134200937858, 0.09314882200990704, 0.00036851268172154996, 0.12533644698158522, -0.1322640578199047, -0.2961432791958433, 0.09498653210153744, -0.12402070560665268, -0.13860178391491973, 0.2668336112985066, 0.32108189242218055, -0.07511763323745434, 0.007442987564800024, 0.11516662835971143, -0.03312486428020972, 0.13315872134733286, -0.12099086603623464, -0.2766424001889841, 0.0910933663866559, -0.12099305179180457, -0.1241474817440519, -0.1578476444112038, -0.14834053540672917, -2.0520624857981677, 0.3747087168047875, -0.17464424758706984, -0.6465641285142066, -0.5527546587555121, -0.7077290097359195, -2.518358977256943, -2.4869055089191265, 0.3519823873439959, 0.5196132195415774, 0.6319063760594219, 0.4054324831764506, -1.3434571344573598, -1.3463278672694996, -2.808995913958555, -1.17538828441979, -1.7543823976230335, 0.11986860607011725, 0.11794015381510671, 0.3718700162918352, -0.1440666928275074, 0.07227014672862159, 0.1251011070224297, 0.1058717588789324, 0.295416644908985, -0.07676599298175593, -0.00022910971791942098, 0.03885153901788688, 0.004078491966194953, -0.0113774920143123, -0.08006573961809119, -0.6227990523418413, -0.5939802814706849, -0.6246082292071654, -0.5753713238990069, -0.6257432322040881, -0.0373520849589508, -0.41946286479075423, -0.404844567283142, -0.49490885607347024, 2.0688260534533494, 1.323600170950848, 2.152607781444111, 1.3268430777695084, 2.0427365515532094, 1.7650251053347146, 1.695741499385178, 1.2461025311240785, 1.0822770703902507, 1.4816404985374818, 1.7073675661770644, 1.0470603348283771, 1.4699109947110285, 1.3020146851318675, 2.0787987969865265, 1.2835393919545333, 2.284265045598931, 1.178502539543571, 2.06891369578816, 1.7682451287571668, 1.6921756023501107, 1.3995037145880111, 1.4883769434036143, 1.3875339148762809, 1.5754443596864478, 0.9412719616713047, 1.267454590714665, 1.1200695009111892, 1.5829076153307187, 1.5834318185111445, 1.2777465742925036, 3.740682757768923, 0.7777974782670871, 0.9766544719088545, 0.8989468338985991, 0.7721462298508749, 2.017107834999592, 2.04634837789438, 2.1443216441945037, 2.217398246710065, 1.0257968531958674, 0.20606911381372162, 1.5482686058674076, -0.1719346085453667, 0.8971459482122895, 0.9337879106900541, -0.578401840768669, 0.5035763736778232, 0.4060132694062565, 0.3728249476589766, -0.8530077283980461, -6.6509898076445, 0.8866304652407817, 1.433212227758519, 1.3520506453306906, 0.8752192410146754, 1.4638778318635042, 0.3950113191274589, 0.16265339209972343, -2.7383392294795774, 3.394919926821669, 0.9098087607846285, 0.6952253256201246, -0.20431146281122994, -0.5778158485385564, 1.44892469817947, 1.3486416894052544, 2.4965962502604078, 2.1098704919218023, -5.326554614211063, 3.152268130386575, 9.860544537594839, 2.012319864214206, 2.064494866011943, 1.9888236836226116, 2.362348859250446, 1.8662576661532764, 1.9230962155290703, 2.7174921096994535, 2.5272321385387815, 2.188686237658724, 2.618295557981195, 0.5156590285705208, 0.4382890683275458, -3.354983287977448, 0.4874672319144046, 0.5562120873938541, -1.342187459096262, -1.3150714878428105, -3.287833573009816, -1.2586442895744259, -1.2876031355373627, -1.7346935270743167, -1.2986212652509288, 0.5646001215820463, 0.46988359596793844, -3.3544106544130927, 0.5383478564676559, 0.5904730534093394, -1.3088414770467824, -1.2893615431676644, -3.2296408432183243, -1.2541665188438134, -1.3509287125098193, -1.7359770117660087, -1.3760670900892997, 1.8616436687133466, 2.1279984778181222, 4.457502603424252, 1.773879339198929, 0.9936112993682594, 0.9944884294457773, 5.176681978507898, 1.907200977014514, 1.374834464379707, 5.994183230388224, 6.165174128372924, 9.795759559493668, 0.3913123664423177, 0.40670518318983073, 8.596780633294514, 7.908735822840534, 0.6069740542157527, 1.095304232605818, 1.1538795513576554, 5.171523448831, 2.307065799363725, 3.304869901298266, -2.107853365226497, -2.0960278768993255, -1.489890134052151, -0.09925880459863679, -13.25289898713551, -3.6301969006719252, -0.537717200888162, -12.85639451988473, 4.212774460157553, -0.859988197607845, -0.8471114570633133, 0.8398165921759813, -1.9304560338604864, -5.511244781663381
5, 0.12007647756316153
-4.361698235506011, 3.1292074244053336, 2.7057129590028914, 4.766908140789567, 1.096874038688007, 0.1532335056812259, 0.5820572915239429, 1.2721681745156, -1.4206227096460018, 0.6671546127926609, -1.5905352445101857, -3.474064171951516, -4.357583626186799, 3.1058566691752767, 2.7281909352561082, 4.790178747033616, 1.1182646723336578, 0.15065613061472274, 0.5362609492736718, 0.5958835182099194, -1.2903365599811625, 0.6202743916595195, -1.4062702152620012, -3.515980749331827, -1.5019759923619695, -1.5345145204463746, 6.656392678150795, 7.938799390836962, 1.200732355767378, 3.2464210431661105, 2.213630657317547, 2.4794017752444564, -3.7830874986954806, -5.982741754161944, 2.301291147083995, -4.375527469634502, -4.172898667450763, -5.690752699209902, -1.3847803547261748, -1.4297083101854948, 5.174017933758791, 2.2488375971934382, -0.05763288272717026, -1.294609353684066, -1.2996452135803296, 5.99828651054682, 3.5790535527837952, -0.22592040597763227, -2.6670257690990185, -2.6972471214842235, 7.0201428618883295, 0.3822498398418248, 7.242414974623976, -0.8887895254991571, 1.538701783879116, 1.545297807689968, -0.4359486657707441, -2.672018791277577, -2.662593041282186, 2.8953908622855438, 6.659393718921132, 7.42332074268488, -1.329311097183257, 0.4043185203891189, 0.6893749577837248, 0.20256067287550938, -3.7641379232767718, 4.291945593068556, 2.21446961754626, -0.11742095085226087, -0.020167527783660388, -1.403105755844508, 0.21551685150943764, 2.3375967881029918, 0.1423241719755629, 0.8713170858889779, 2.34053432504221, -0.46796442536480226, -2.02425862586305, 0.23080088066362953, -3.729783111171806, 4.122346317286341, 2.2134558249290177, -0.17658227363794338, -0.0253077115596823, -1.4589275094610936, 0.180244721895941, 2.461017004681772, 0.2937968416312398, 0.8387054561577583, 2.4118322061810122, -0.30600713970683563, -2.0355780578670597, -3.301388738426156, 0.9939386880982917, 1.0885674952583955, -2.214958582206844, -2.2749108946937078, 0.4145750442939178, -2.661207739543459, -3.262886886063533, -5.122054258796657, 1.0332052200078718, 1.1608622270065092, -2.2559198437364376, -2.6206879216018324, 1.4556588445088225, -1.5649355319042435, -2.522668483591546, -4.845198302029034, 9.258359506267428, 9.145168417099447, -3.0479458778337944, 1.0215860953898015, 0.9157539715374724, -2.115182831706754, -1.4942220074379053, 6.865591154029111, 5.7135079475957085, 1.0082783312618928, 1.0306014905448755, -1.832775417657082, -19.379150288678833, 0.7561433923662207, 0.6656966778271353, 8.342996342512626, 0.176949380035647, 0.7955955880632332, 0.595898499565254, -1.4685521050330794, 0.9805191162748685, -5.335384716760056, 0.4503341899076186, -0.5005446372536851, -0.6974844708537163, 4.648293619411393, -6.682184878568101, 3.2209902631499645, 1.3599979694483666, 1.248517074994104, 6.3059631581423075, 3.054540410311017, 0.2609566884350786, 0.3570926020394659, -2.123103919634048, -1.913449649576847, 2.1385547329510888, -0.6064619639406489, 3.8295679865005705, 6.0052180467704535, 0.5818546253053172, -1.162004948185277, -2.523837961080179, 5.248602432982993, 1.729987914381304, 1.9843009342260218, -0.8901175867578289, -1.2532227434881942, -2.7650549634220773, -0.9170975037904546, 4.114477613889766, 7.457863485644588, 0.5291577143430778, -1.1258443519431633, -0.5642112825539919, 5.360011089612595, 1.9351787546843806, 2.0264871455936913, -0.7643077922256968, -1.3474776610181234, -2.728837729239273, -1.0483185059343114, 3.9807702267035023, 4.129848440396938, 2.404087866887487, -2.0738388107696735, 1.0102818452294462, 0.8780412130111535, -2.48688097163809, -6.8685313152507455, 3.2031880416376057, 9.334450149637478, 9.411923502260477, 12.34676477885579, 0.43799692639143467, 0.5628628688960653, -1.2604689149157695, -4.865418402689763, 5.158257541342268, 0.8721548966078567, 0.9308958974377922, -2.646321745542868, -1.2110731360699474, -5.603698310223216, 1.1972939375044156, 1.1196531988342089, -0.2518628505561976, -4.509991870408077, -4.302308967374334, 1.690733949891714, 2.0759186087048898, 15.106963052356297, 8.81683454292328, 1.5630457820141557, 1.5675614693998334, -2.7470873920989383, -0.4065012669183675, -13.744703955380466
-6.130079389257446, -1.6686488208288335, -1.3912666815419896, -1.3251020448571196, -2.0226970588815885, -2.2974044847761848, -4.354356068644624, 2.2139102839328046, -0.1272189834447887, 0.2531795971266824, 2.062884665431795, 2.33020173150192, -6.12491600645152, -1.75369728766629, -1.3132513445408862, -1.2275366766162987, -1.99923721149768, -2.34540282088565, -4.302040500702601, 2.367231445547333, -0.04136414286118167, 0.2593472793758255, 2.3672868149517794, 2.4312378489307895, 2.676733356289828, 2.7808609420705976, 7.322534639889352, 7.959210896426547, 5.640777365237654, 2.72293344990743, 5.050600569565834, 5.402418920015279, -3.0087775134251156, 11.94687641932406, 9.054076904149111, 13.889079788982194, 16.671899754797415, 16.47233489808247, 3.2333799851243454, 3.1100155532031937, 9.616732357341533, 1.8448706885591935, 7.822525583308282, 4.21881819483222, 4.108049267803161, 10.348274684623428, 6.048770145395204, 4.665137354977692, 1.3349194375668985, 1.32463287938206, 1.8639174810284145, 3.235977335509465, 2.783041248845319, -1.382217057934504, 2.5939334000927223, 2.8133027110851074, 3.991287378196072, 0.6870287209355243, 0.7285160964916172, 3.5048694101462616, 0.2596344170857927, -0.009705335656774608, -1.2364013115205676, 0.026121345293979317, 0.045944325297573876, 0.4765373170759421, -0.3661025341745527, 0.5578225130523863, 0.6626394748196667, -0.28161186646312475, -1.2265192164244139, 0.09635409203007993, 0.14713066382558734, 1.4162284587248877, 0.1837297483593242, 0.03348567742774254, -0.17006743696587207, 1.6032173800741643, 0.6038613228934206, 0.1392678565663823, -0.4338041219330509, 0.4293339519887835, 0.7753416040810063, -0.5509488674347671, -1.2953248471877579, 0.03754799463783086, 0.02737110299186223, 1.7625327385288498, 0.6540108969439075, -0.07833473081969343, -0.3707940660800242, 1.3854586165136635, 0.5496721790091748, -0.1302005325575363, -2.3194243140826267, -2.288612581491908, -4.397947229668699, -1.6905417034372965, -2.6587721556238564, -2.4889772770581766, -2.418191368350876, -2.643333084139509, -0.194032786794436, -0.11270459740789411, -2.0879592600513504, 1.0631041233945657, -3.7205582320139743, -7.407648741682944, -1.4985344145727872, -6.741311505316055, -0.11416939378332736, -0.06503477055968422, -4.958729832697473, 1.897900762848587, 1.6778065460581193, -4.074074018548675, -2.893490411558492, -10.95596999914347, 3.9436366783991263, 4.620514601585606, 4.406852069326487, 4.063822720686064, 6.977514605635571, -1.9923257752851864, -2.2689022572316344, -7.284828357622537, 1.4278842155393745, -0.11489200585498521, -0.3865319251769582, -2.6359316922965417, -4.186299058077355, 7.660655129726465, -0.6355044693229582, 1.5017130245565238, 1.0709003938493806, -9.988452619475428, 8.664163549026904, 4.9378221007557626, 1.3703884454887711, 1.4465416630887307, 4.29278295653746, -0.10631804498474545, 0.9037394917752871, 0.9867542843479052, 2.082637037529808, 2.474114091460259, 7.5633218820690375, 1.2859444744800046, -0.7565986410919991, -0.6722760627347726, 2.844003112405725, -0.7271039693447892, -0.8014365163350498, 0.5991355639642368, 0.5374869189440376, 2.7807014619215913, 1.1817145614437037, 0.7073008794989262, 1.1020743405594067, 1.3699841128403158, -0.7887210421644878, -0.6870122116530817, 2.8734671534567613, -0.7615992500057017, -0.8173703413325977, 0.6230975371580217, 0.6061894848014546, 2.741087358956038, 1.1622367461037988, 0.7235232816942663, 1.145019543344414, 1.2791228495428626, -0.6031412629445376, -0.877168684045149, -3.042079846020953, 2.6815579988927047, -1.3051007684583211, -1.2945350244016338, -5.100825885455014, -0.7465541297272656, -3.7287835225052146, -7.4159947206076104, -7.545889538346944, -11.556311089160067, -2.0637998030060403, -2.021624615672275, -10.24888277419587, -9.448302972855146, -4.244233182797787, -1.0913631484098079, -1.1358482867810482, -4.67142996854659, -5.564984151173781, 1.701602144408617, -1.8636195718152524, -1.907549139635283, -6.214411749499807, -1.3532475781688802, -8.261249757921268, -2.3815097822354363, -0.12592200843496298, -13.5287277997767, 2.449409197517803, -0.05135135215811506, 0.05216264409496525, 2.714074924017077, -3.3419499757132, -2.4908061433218225
5, 0.10711429792087764
0.005648816987621975, -6.565036088381978, 6.050090821654565, 5.798508840912385, 0.7820221538382455, 0.39782512073509413, -0.3432589896062562, 11.144849782496465, -0.7718345831025353, -0.4752388619824264, -3.9733333567315414, 0.5107560936341805, -0.28066549770725674, 6.890496770518188, -6.056572592339129, -5.335351603119556, -0.6947447158034266, -0.5371206096192689, 0.564089605103547, -8.693834987944447, 0.5915996161953048, 0.4747224367874195, 3.6111563961302684, -1.0366044467825264, 5.523895424692901, -5.349327936956503, -0.029572248560496315, 0.26022160548166723, -0.15999182347095936, 0.08188947293061218, 5.478690292705094, -5.338300947877405, -0.031159005131181416, -0.3129352413298756, 0.17846897382941723, 9.403559329779826, -9.127364858494925, -0.3654834673914287, -5.73923252897538, 5.735767492768571, 0.006461612814671262, 0.17203599643162457, -0.13311172064613291, -5.653395638067662, 5.691831419010418, 0.12148725334755364, 0.2229455555052948, -0.07565061148440015, -0.8248667951540046, 0.7087109170991877, 0.2842013431499229, -0.30059514974732265, 0.1883913734142083, 0.0150465846730423, 0.5728171998248551, -0.5408975971146404, -0.20134960894294684, -0.5723400553591476, 0.3903899574724057, -0.03628487222387475, 0.11055822367525424, 0.4532684535215709, -0.01432374631267677, 0.38772349305159487, -0.3856558168593604, -0.15253645574122618, 3.389036173767649, -3.971863406866884, 0.5563733002784406, 0.15004527995511918, -0.5352068661905259, -0.6915645684950775, -0.8178798208061198, 4.948342467735934, 0.07485809403520502, 0.19174476469756355, -0.2101931950784314, -1.4508414863003896, 2.8362261956064887, -0.6379108445911369, -3.600652742774795, 4.213257916111763, -0.2799798455915681, -0.3163343090256698, 0.7166808981327504, 1.130165430509349, 0.703644255582837, -4.631390180977538, -0.10047246383562736, -0.19666687810176708, 0.48293777032682333, 1.2606683216217696, -3.179237470156022, 0.956121339476496, 1.9649300919084414, -1.766820549312368, 0.6226816028570007, -0.11610463700799115, -0.0608739878145533, 6.029646497804869, -7.303752246677887, -0.3050352864362428, 1.722968556016609, -1.4729610876767247, -0.3208155768880915, -0.19606232751803535, 0.09699816580837282, 3.9438532179568178, -5.747892028696388, -0.3447658001348822, -23.242940271073557, 24.279507345284646, -0.011667647324556213, -0.8705656726624642, 1.1781618816983543, 0.5324360046262767, -0.2564755718768449, 0.10478769391235979, 0.12664157956742617, -2.6460204444502495, 2.680313623763873, -0.16721331421205676, -0.5002205528146121, -8.310037574255746, 8.364528739615597, 0.06581263594823986, -0.07552767558288864, 1.193298241805067, -1.004889269329594, 0.3938750764464869, 0.05902818220072377, -0.15433819034102073, -0.08717182965770434, 1.774428926694262, -1.9922593962194504, -0.14572752100976838, -0.33000968584730045, 0.07683421071125733, -5.7255621566277854, 5.838979501774429, 0.1673540187671446, 0.19370377280348797, 0.9387094283992009, -0.7895553478321373, -0.00641220050685306, -0.2631895339284861, 0.19270264495500808, -0.1330500442374911, 11.321799576133863, -1.9913814070991476, -0.7902300461229299, -0.16129664253947176, -0.7149157164573314, 2.460235248285106, -0.8930389127992234, 0.1396456235528505, -2.361397475313484, 2.2274451871188115, -0.3197713977885028, -0.34333892991766785, -11.41903613931945, 3.859331640198155, 1.0066628753946014, 0.330115839075446, 0.8372848563724782, -1.8661971240092834, 0.8070488104404739, 0.07761155019646875, 2.2160875227415073, -2.4419965539079156, -0.03193642940877766, 0.13144977417646808, 9.006791126356736, -8.275591724647, 0.39147067452432927, -0.08241633530811296, 2.1277857181478854, -2.0952816507328094, -0.09515323029879602, -0.3405141716955072, -0.06557109631127282, -23.43839645810344, 24.88224790488606, 0.9696035192507563, -0.3957420667707992, 0.6159696733677215, 0.046931991542578336, -0.9458484385883155, 0.02655485429150297, -2.0478857824112784, 2.067982691239406, -0.12033706667959862, -0.19518426244166406, -0.16075355858336074, 0.1749846396246953, -0.12609383637920638, -0.13476983971915577, -0.22912739670780258, -0.05976382284243287, 3.256856652202392, -3.041502080026648, 0.3403867655077142, 0.20968834551377888, -0.043795322372064356, 0.12660355335454282, -0.030283128307211065, -0.21003295140658193, -0.33730572636796563
0.29168712670768454, -5.985904917167909, 5.805877178747349, 5.693518923608613, 0.7153861805950149, 0.40795398722379117, 5.504452149955646, 10.428857554167596, 5.8764179362805775, 4.163811335636289, 10.01445941668189, 10.744232890602628, -0.16522033940187433, 6.167964378863051, -5.732833356951426, -5.696560659055452, -0.7564797005138222, -0.35863958098843657, -5.3271006224734405, -10.375320243612089, -5.778508347697103, -4.163772147036437, -10.374916449892115, -10.540654377296706, 6.706184743759386, -6.686071539610322, -0.07098035940429591, -0.14555542016060555, -0.07997702542333836, -0.03246812878797975, 5.77566093395459, -5.888898641532191, 0.094897438262236, -0.1272544305613803, -0.2995489862498598, 4.7611413339769175, -5.944317178463771, -0.48982809612540956, -6.07865414478052, 6.096111383552738, -0.07782389141162162, 0.0069843463194516455, -0.09627187314056845, -5.718505790357479, 5.46075678496274, -0.27449513090055416, -0.14956187284502934, -0.1543949256952236, -0.8184046811950471, 0.6173002089023774, -0.12374129854530452, -0.07116637239064329, -0.10035197191673778, 0.035026307955468426, -0.6949234794562027, 0.5014045981448971, -0.0877406216889575, -0.3915166965230759, 0.3475169183832034, -0.09505885410505151, -0.007241939544641411, 0.02805787054203891, 0.03288591331629464, -0.22890697955192837, 0.22538524702611806, 0.007170976756590871, -0.5253648314444002, -2.242944413221998, -0.43747946499578555, -0.578603927533987, -0.9907094804032893, -1.4401783247140798, -1.3324785370516423, 3.3495136077863146, -0.16246652876853843, -0.3562244019828238, -1.154086568294601, -3.835534257178197, 1.6494725835931694, -1.3368483510276776, 0.4674684453937876, 2.2186353419331777, 0.29634969101625075, 0.5627930987281434, 1.0069292735027553, 1.4166756858361487, 1.2417714609171888, -3.537254438063789, 0.12199897584105246, 0.30783508180263247, 1.0412177857286784, 3.6640065631338574, -1.7009670698051602, 1.228930932012878, 0.6857647507434698, -0.6774209070139968, -0.018348233022521043, -0.06282167891943846, 0.03533969567157815, 0.3803446580160364, -0.2544723544855132, 0.032130608647093925, 0.5766904199202989, -0.6259019328014098, 0.11055938131714135, -0.08195706730561021, 0.09662227879638331, 1.7523808824298432, -1.11733545616984, 0.5258200218603915, -5.821507793929172, 6.6366215712901555, 0.06642596706796353, -3.577758874384957, 3.425567597932083, -0.04743799498174918, 0.18639529885283873, 0.28118277945326325, -0.09903919341866858, -2.4074284379915585, 2.1323318927569366, -0.042888532908649454, -0.18513852600341105, 0.16046222484810066, -0.09269048279884236, 0.19788797116095322, -0.14323578258622427, -0.4354761149987603, 0.4101202335838367, 0.05072279175589056, 0.08874916991290825, -0.1672462694939885, -0.015594146553568444, 0.19431631012248687, -0.3477933633397447, 0.2721668707879653, -0.2057201396094996, -0.021542297401287113, 0.1415545851348638, -0.3116085226416392, -0.15330110197605448, -0.05975238156592183, -0.2969014172480652, 0.1563218516741516, -0.12075965361131927, -0.12257835827017415, -0.38261444817639956, -0.10512044708119764, -3.2099493632381364, -3.0195333177364856, -0.5684322392710781, -3.152838561267414, -3.3161443309111664, 2.0410918122065063, -1.1728232870444042, -0.0024674638862277887, -2.0677914007960068, 1.9207427382934195, -0.18445919358652751, -0.0679921568263824, 3.191091129279009, 2.966838752114566, 0.48093282823513306, 3.1397962217251734, 3.261153812493096, -1.959957052326647, 1.1043392097115556, -0.04059147682871171, 2.0508428519973925, -1.9149607376708706, 0.17841607757198472, 0.036789224157209255, 1.7394598525379912, -1.7645292725835886, 0.02363210178548328, -0.1249784968380458, 2.140227655213273, -2.07604080723856, 0.08054371501902348, -0.010886620714731997, 0.10338235201902939, -1.3918951285651748, 1.6041901231353548, 0.27967742770951387, -2.157176598272995, 2.2850568319632103, 0.2750711074427979, 0.28571738436850325, 0.12191860310120274, -2.1606789667495203, 2.2126499944015974, 0.06062918005677151, 0.13361591717159707, -0.07524890487868588, 0.22473014092568439, -0.1223684138835996, 0.178068671408516, 0.013520319682431855, 0.08520036762897275, 0.5274413238641408, -0.29570852532570335, 0.2776571000193842, -0.024241303754757682, 0.10992743738101213, -0.12807903156974623, -0.10529615369360273, 0.09411002960622021, 0.01475225809816102
6, 1.4760556298341116
1.845796296826389, 2.6989306462300124, 2.888308590561244, 2.9360508911368504, 2.8545125006061998, 2.8421710911470726, 0.23696190379117021, 0.38439572036909564, 0.27036642005772776, 0.32836267465670305, 0.23378687405051385, 0.14601481655349036, 1.8465019968417316, 2.7000660698339436, 2.8662850229995382, 2.9509281254434554, 2.8579442334101275, 2.844638751009065, 0.2386468683156034, 0.3703339688123257, 0.2717186369930753, 0.2910513089981233, 0.2332539278127924, 0.15372390309882283, 2.638592529025127, 2.639723900692611, 1.9904595941908763, 2.02618307452387, 2.845889759950055, 2.7993081140289267, 0.4670559902282082, 0.4642261652404105, 0.4315797556591465, 0.2988975519414293, 0.3245258791714951, 0.5125866157402976, 0.4615430667140176, 0.15963366485725305, 2.7715973719502425, 2.7796507582308347, 1.8491754720328473, 2.0228074684171538, 3.047211825154469, 2.7810171926642084, 2.77020227909854, 1.8562752926605768, 3.1725058340819414, 1.942817430180661, 2.843294388638695, 2.838346367020023, 2.8357226517510257, 4.236692260995873, 2.71000918989602, 1.897656731934767, 0.49331511493609936, 0.4589139779197845, 0.29378019203684225, 2.8620404546125005, 2.8590387507435047, 2.8401579806588044, 2.7129568102189228, 4.709017710440491, 2.0460897341655904, 0.4480943969341776, 0.455674083037077, 0.25287136264123905, 2.1247642599234307, 1.8128312260869726, 2.19298955243006, 2.0422845144828763, 0.2517538616857337, 0.25597365183172666, 0.276028731998028, 0.36577127016210387, 0.3734757166317308, 0.46386422890513995, 0.1668832110141569, 0.18512312341796958, 0.2584194142994587, 0.16847675377619317, 2.1256858801594016, 1.8072325624513734, 2.1717240728604583, 2.0610590845385044, 0.2513227541851583, 0.25892388154636403, 0.26649067019128186, 0.3695996291825319, 0.37568757366982275, 0.4203014760632671, 0.16993298922779584, 0.18981853929602244, 0.2609527046641738, 0.17496128414875298, 0.30872391126907345, 0.30383550451165015, 0.43341111413502076, 0.3855934628426912, 0.281944176164444, 0.34786481623122545, 0.3804216687825926, 0.16175528757987637, 0.30171919658276597, 0.3082757613577154, 0.4137277864925544, 0.2489464588371872, 0.4313286676062915, 0.2508763303923343, 0.30594948722942394, 0.15799541607271475, 5.102285840819423, 5.086996297290753, 1.6958367664705543, 0.3985223793927212, 0.39597589043102743, 0.18638310718741138, 0.191924382298972, 0.47541776333133834, 0.6871948565006096, 0.25826857824445326, 0.258697715635015, 0.1819544989312706, 0.17141971222045074, 3.610565662192983, 3.6212024606418267, 1.9389834377829256, 2.009008460050304, 0.360083455393166, 0.351897719604613, 0.22971494106143175, 0.3032594734943531, 0.3636875184427738, 0.33943253527939016, 0.3284743906498904, 0.32790983698499454, 0.26465040222608205, 0.2936087603057771, 0.19143299651139165, 3.4700152749328774, 3.491282831197214, 1.874245457998956, 2.1206182833357814, 0.356238536201007, 0.3599314551320573, 0.29451264655945497, 0.2272597682258732, 0.30847976158587515, 0.2805987564783449, 2.7307452178441673, 1.6345533139738968, 0.23186651284521903, 0.18003692320986456, 0.1521591122912365, 0.427691825872401, 0.23747176110448076, 0.14892388849441163, 0.22223142075848162, 0.2298409354471588, 0.2270077779843922, 0.24629939928518615, 2.8586119389990774, 1.5046276378389418, 0.23325855983490537, 0.18302918142005992, 0.18646298979241832, 0.4309355514306118, 0.24163185725703876, 0.1489715648041958, 0.22249515961613586, 0.2293749240691626, 0.22609686849866434, 0.24643421027214635, 0.42008428351067667, 0.4051802363505084, 0.33478375939874433, 0.18706264717177193, 0.22594007572677605, 0.22585446187998284, 0.16997683057963683, 0.2130506954789861, 0.2547231059671094, 5.146623604117102, 5.1805249961513145, 1.8993834507561012, 0.40209817465723563, 0.4054200937220569, 0.1796452315020714, 0.22611333410943366, 0.33781428189688106, 0.21885316546422867, 0.21882845436224416, 0.1595503545238635, 0.2391184939798359, 0.24478792660944929, 0.23010814129212756, 0.23045322192777967, 0.2537751075948476, 0.1883191396072574, 0.1888113909977288, 0.6128704961412382, 0.6185236069639041, 0.6804827450352814, 0.21428173210338256, 0.23013710510826377, 0.22995773590429547, 0.2389090745925016, 0.2454724414794021, 0.16605448617717433
17.92021253003981, 17.256015648229752, 18.2993423620095, 18.286959134212644, 17.81282228491317, 17.891536161874573, 17.969817270376918, 17.334313704628137, 17.95795968603402, 17.876295894103304, 16.840293288023656, 17.67507075724942, 17.914291007427007, 17.255721272967367, 18.30539317539386, 18.291988371382484, 17.790643114611367, 17.88174357143392, 17.96111861425733, 17.338040483258776, 17.937967862814403, 17.900715579730623, 17.332139404817877, 17.503835643845537, 17.683460378662794, 17.665875107812965, 17.162462481930515, 17.100343589901453, 17.612466323247215, 17.50276806752816, 16.759445452347233, 16.814364324882334, 14.808133695046115, 17.63079651099279, 17.371409380579912, 18.48604384535544, 20.051831649845873, 16.91020625478334, 18.699945487106838, 18.715668991221136, 18.332192996823792, 17.992906014769744, 18.87922330741384, 18.501289777815657, 18.52265353483532, 18.170990800617233, 18.33789343562036, 17.773301930974544, 17.93939542481924, 17.947955414844976, 17.618951952633086, 17.26884911226217, 18.128093700610574, 16.378886428026956, 17.47201936213979, 17.525500189993878, 17.333495176999776, 18.318424643201176, 18.31998467134953, 18.284290351233448, 18.296225621309414, 12.241219048188094, 12.176801029768377, 12.30803241455589, 12.290385415193045, 12.19681079230634, 1.9537866825890586, 1.8731313397994938, 1.9433555432299794, 1.9229321796329084, 2.4992809982344024, 1.9639923902329244, 1.9807285752603485, 3.178629706754318, 2.5389212380943644, 2.7085960153626876, 2.049313794150842, 1.9168549956478744, 2.724831601925052, 1.903512540697646, 2.072528215441927, 1.9809338699667738, 2.426921686741438, 1.9331589293721592, 2.5955557634997923, 2.115660429615, 2.084475618292577, 3.3228314513315045, 2.8061199756247532, 2.6928382374482305, 2.0447768780304014, 1.9213277729880547, 2.7182708395732047, 1.8850352771186523, 1.5732108916062373, 1.541851289446296, 1.5953583161616494, 1.7189153385344464, 1.51300212522798, 1.5224736581948795, 1.4274542220451876, 1.4791097961183495, 1.8001446047362695, 1.7799532740355701, 1.834026442180003, 1.886203104163977, 1.6397632811875764, 2.4235938136204687, 1.4735649878675254, 1.9670133810840293, 2.936704708506819, 2.932871617143784, 3.3858082834526586, 2.431795152545851, 2.3979388847331458, 3.3606152459069136, 3.3316752358330257, 2.3540987428836777, 2.5882482901336283, 2.4124893009911665, 2.3700684764669875, 2.534411322533992, 2.2374616173521495, 2.133384458890226, 2.0546044196105018, 1.9248698368336672, 2.393278363452047, 2.489062781411864, 2.4065913902803038, 2.1290390074950363, 2.1091287067410422, 3.1413752048305605, 2.5843282759628763, 2.304456969261294, 2.210568645046154, 1.8419593697992722, 3.2283308137605964, 1.8373117100453211, 2.108719987228722, 2.1124774371477795, 2.06252809923679, 2.0859531889884906, 2.5291378201516705, 3.4163157035728706, 2.869487989631284, 2.9206288917958605, 4.748029454350123, 3.673782378750801, 1.6546237198517244, 1.5666221056725473, 1.6803092052229052, 1.6505311899904358, 1.716538074469281, 1.6707396299501103, 1.6833287505700394, 1.6822466105338316, 1.7265451321217724, 1.697299703447333, 1.694828240022149, 1.7218191855033163, 1.64345913567515, 1.5434777389869003, 1.6624521766990543, 1.641421907140021, 1.6925783396695748, 1.6526698732140312, 1.665005027817126, 1.6815187698967384, 1.7243698071857276, 1.6950174625446046, 1.6943509224985747, 1.7177716002601944, 1.6527083274396988, 1.6823605379137057, 1.6918815779084424, 1.6603890505506071, 1.7035173249985072, 1.703013761734598, 1.722297734008897, 1.7201818716994692, 1.7154917922861084, 1.6625350279658868, 1.6323305517351787, 1.6366624869978998, 1.6751094848287071, 1.6720516431096086, 1.6812677756197518, 1.6244872364340694, 1.6645939570682, 1.778422879109179, 1.7787460388679956, 1.8032404635098358, 1.6930459228084036, 1.8775660389752695, 1.6529808695751937, 1.6530081959714114, 1.673603534738799, 1.6275062161338654, 1.6541642907675795, 1.63579513515035, 1.6302258193589614, 1.6075123929112685, 1.6690524148836021, 1.8064411697133225, 1.807886137672436, 1.8430255305505754, 1.7848086919805684, 1.8023457107198828
6, 0.8203408262081124
-0.24492237564143876, -0.32595435719255883, -0.3923381982798344, -0.39889418329837734, -0.38170873342619777, -0.37990131587037795, 0.2829543388056369, 0.3005009686471564, 0.48731568064414466, 0.3126017992676803, 2.686813050119467, 1.7251390188308715, -0.2450162658604298, -0.32588387491119847, -0.38935536447239627, -0.4010268008761554, -0.3816110759434209, -0.38034125164913923, 0.2829147751456536, 0.2999362203010369, 0.49158634551237157, 0.2777772071543052, 2.681212793614521, 1.817124408382689, -0.3287541324522153, -0.3292907874798067, -0.26132078670058734, -0.2667961144729553, -0.37042669703347997, -0.37551596349495214, 0.7430355874407816, 0.7444300850727164, 0.30427361378395223, 0.7951975144573857, 0.30464982423797804, 5.884681588276275, 5.298248185221805, 1.8977805303576534, -0.36848700851781935, -0.3695150696844006, -0.19265164794380468, -0.27074293127806315, -0.3974236764625228, -0.3698738041308525, -0.36823487861323395, -0.18614273347322335, -0.42160865586278995, -0.2552470805344294, -0.37292985744105067, -0.3731884759995212, -0.3374973737993906, -0.5781238541388766, -0.3621202507298691, -0.25843174770307575, 0.38808381251151114, 0.35593878013881913, 0.330500963650175, -0.37497560610565855, -0.37427172179164225, -0.3198593977347207, -0.3658755308771698, -0.6473019856990956, -0.2797066284698981, 0.5617022107019112, 0.572341461448903, 0.33727982332980544, -0.2840885023251963, -0.19198912010620253, -0.29168909746534044, -0.2680555432078226, 0.2370412490915541, 0.4213667040982869, 0.3176386759558696, 0.5543346538600515, 0.47007876804746856, 0.3218624009343552, 2.004288151156381, 2.159321688545722, 3.1110529215275387, 1.8909880718803465, -0.28417531361294174, -0.19016367872440681, -0.28871686452812945, -0.27080940799228953, 0.2371152077657905, 0.4257926996250812, 0.3057517545525175, 0.5590768186346565, 0.4732207350116132, 0.2831328345793121, 2.039620196022301, 2.21357220324435, 3.139929878935369, 1.9426823943356097, 0.4382869289551339, 0.4351272215663077, 0.3411878422229054, 0.672688702662353, 0.2870547020900431, 3.9953925998385555, 4.3680590348028145, 1.922564160767912, 0.3697786722459539, 0.3751886284221269, 0.2521069559233646, 0.5396457865468343, 0.41408534029341154, 2.8834769096526083, 3.51355450956642, 1.872688391159815, -0.6492080454863499, -0.6469486607972482, -0.0969187522349801, 0.3657393908598716, 0.3598879204952159, 0.28651789321223553, 0.2336112049375596, 0.40602940261090575, 0.27160714389123986, 3.121334125017617, 3.1261705305121645, 2.123542782744027, 2.011317256269019, -0.47892665791181627, -0.4805092656771374, -0.2533388647176064, -0.26208184387707517, 0.44242737635774043, 0.43644574021824845, 0.3683439888350354, 0.3206664768724041, 0.7975380937098074, 0.25802210322544883, 3.8882647614936108, 3.884522521718393, 3.0863208927603143, 3.545281810928738, 2.0299943404935434, -0.46448774717341323, -0.46742980385243654, -0.2420182993391712, -0.28185074615801176, 0.31235014123534727, 0.31673281297973305, 0.5089949244689765, 0.31436744027929425, 0.28369283982336163, 0.41260809942450044, -0.34852386368935856, -0.20917543609172273, 0.26528578801452724, 0.30597678977077775, 0.15529209548367431, 0.43503312770855235, 0.5809864441232269, 1.7387354477361643, 2.572727667537796, 2.512517348227085, 2.836314003705569, 2.825229654440955, -0.3649093575351701, -0.15308533240553054, 0.26739345702824624, 0.30986255315687244, 0.22056125430084214, 0.43987066628551574, 0.5863603730104913, 1.7394113675738156, 2.5745975732562, 2.506745773141783, 2.824790646809729, 2.82831929115673, 0.6067167500032451, 0.5852866138012089, 0.30066747905795965, 0.3228228753525373, 2.5282512195288716, 2.5275064304952077, 1.817035476699442, 2.6956208059828253, 2.8270836476065626, -0.6548543363621919, -0.6587304579094202, -0.22628637674078506, 0.36048307037510324, 0.3652792276073822, 0.30688840150643804, 0.2161202460621233, 0.34727812654350493, 2.5816205610171608, 2.5837755151599504, 1.8100382243980344, 2.9558896982732294, 2.8622340960687302, 2.7482527103323435, 2.7526283345778357, 2.9653332249055526, 2.243990553605328, 1.9833290880768748, 0.8041893713102318, 0.8115571696674213, 0.6770956980072013, 1.020091255621349, 2.5946859386116614, 2.5914922636742466, 2.6549932559230465, 2.6046718554613086, 2.074047758656499
-2.076300582761413, -1.7647303182761442, -2.1302961167015515, -2.129750825249042, -2.0284945217353747, -2.006281561673845, -2.1024528611245987, -1.9519500560819822, -2.086790705795215, -2.0954325977228496, -1.8966807865872668, -1.9900396398456186, -2.0775135820191526, -1.7711811910265505, -2.1306632059605053, -2.1294593321685786, -2.023525230813731, -2.006958312075099, -2.101117639345969, -1.9512975883305177, -2.0843312787507227, -2.100231930543441, -1.9506325170941294, -1.9697898453385565, -1.8856339519322625, -1.8813787189410531, -1.7187228100028347, -1.626507762942268, -1.8703791981664823, -1.81413135456866, -1.653133297071895, -1.6820628336310746, -0.9217047126564555, -2.0222467528686905, -2.003945898887436, -2.1059403516964452, -2.297568236014231, -1.884371738504914, -2.252910070891075, -2.255076104576184, -2.1666045786491375, -2.162591226868262, -2.2905683177735203, -2.2182897827420622, -2.2214156064924024, -2.1317410942430532, -2.193854501095136, -2.136260299441442, -2.107555985744569, -2.1106795706928203, -2.047780053132394, -2.0178816226240475, -2.1110836764218313, -1.9478682863329873, -2.0370123836548357, -2.04093696952702, -2.0153592455723692, -2.1470823784757256, -2.1466165247783726, -2.148856275736448, -2.1049107833276786, -1.4218633808411731, -1.4517425042947716, -1.419800858055144, -1.4180017111417684, -1.406909914591531, 2.1974230816225275, 2.666711683206885, 1.4033206799581988, 2.044846123364805, 2.173096117297744, 2.6550900948418947, 2.2731278370405748, 2.2877261493080976, 2.855170875669172, 1.9384891581283823, 2.182484520970033, 2.588467744529563, 1.8267467054447433, 2.147890849705775, 2.2748244149831383, 2.7564447565030847, 1.6943916382248079, 2.056399364315281, 2.225389947798303, 2.763622360248946, 2.3246887048239007, 2.3210344008250403, 3.024774009555825, 1.9269551649890844, 2.1637429056670157, 2.6015697329758245, 1.8116915603867585, 2.123826959160494, 2.2524924141835148, 2.2259381918977965, 2.2292593604633306, 2.373352949764678, 2.2242478394238985, 2.2219673402667133, 2.0961738416399154, 2.1744696578962275, 1.77777294032489, 1.7600224602404535, 1.9229413552897845, 1.6466126425413925, 2.0974248090782845, 2.3150417422824474, 1.6209542683482683, 1.8352323535636952, 2.6761915463888633, 2.7067606165103517, 2.6168355498995557, 3.8357519880676048, 3.849920573104503, 3.180173266889653, 2.104567225104541, 6.062498355629448, 2.1422900266544618, 2.204128488960606, 2.1914616475161783, 2.0964135184884425, 2.0859814943049555, 3.101423842004854, 3.032844347667233, 4.022919145062833, 2.4299521748247708, 2.7448033045512794, 2.692467385788705, 3.093696795108736, 3.6867463173351442, 2.1907387138708323, 3.0957499949010505, 3.933637699336512, 3.8858165313487887, 3.716832389618535, 2.36396985896135, 7.033720042501087, 1.6042380083414094, 1.6050276547311846, 1.5994118230636203, 1.8837066347683649, 1.4621850985356941, 1.9771081459518853, 2.358885249765713, 2.1853497518508678, 1.4826946563457255, 2.1573680492835434, 16.6491070687029, 15.770422795786951, 17.78170638468822, 16.610746751048797, 17.268605747854288, 17.82113208105235, 17.428097608928873, 17.357869613717043, 17.014862018099144, 17.529798352009582, 17.780311297627918, 16.770169156696955, 16.554010081177644, 15.55499049189851, 17.608807800980788, 16.536054048993932, 17.046752215757163, 17.624068564451303, 17.249687806673055, 17.36102751325834, 17.015945679108285, 17.550438775770278, 17.77800963022782, 16.77239289297253, 17.01424970685721, 17.318510391849557, 17.457231440684755, 16.945295506992668, 17.544493862716823, 17.52809065718254, 17.473276996595093, 17.71147780296886, 17.300505438375133, 17.706929478920802, 17.365523920728187, 17.53849476937625, 17.66516190728644, 17.605584120169194, 17.97600534333795, 17.333766317480237, 17.579834306536647, 16.87385012309285, 16.895789611765068, 17.259731798382187, 17.9286119315862, 16.07759625798061, 18.24110932597199, 18.24007608854776, 18.764676010633433, 17.75824540269051, 18.4449597056073, 16.3476481521428, 16.285380108198485, 17.07395280256418, 16.086898715129628, 18.13126617478495, 18.126074824537138, 17.800846524614546, 18.437376653438285, 17.55148115569729
6, 0.20088752167340265
-0.6904273104315591, -0.11799737676382552, -0.8177297774686386, -0.7359865058077827, -0.9041705005183972, -1.0664027938599892, 2.673701670831002, 3.2868035780606046, 2.8332551995805773, 4.013697015779392, -1.9167127393968226, -1.4993623397012465, -0.6918333275936294, -0.10862786723328471, -0.8142110987604176, -0.7474764217538298, -0.8838728955486571, -1.0722656322169022, 2.701647599602459, 3.425051487863203, 2.8730847685017826, 3.560392425020713, -1.9076233840115064, -1.5730371451109462, -0.5457879322609435, -0.5549604359969555, -0.028293870585799238, -0.028870083845597347, -0.6613039272727497, -1.0175575920127853, 5.03077434576343, 4.97671054466799, 5.137240110131809, 2.767730208539521, 4.524129093576982, -4.286181557030066, -3.8584223456446907, -1.8015227720234723, -0.8702639157351806, -0.8684373061327049, 0.808777312117879, -0.877435506170196, -0.9455842763020202, -0.8624408449871277, -0.8486558140139527, 0.9380528662864765, -0.8608943528299721, -0.8845205177732316, -0.8326396806960641, -0.8556180071610299, 0.1830882111301566, -1.6876446767098978, -0.3627044200204308, -1.4951614313645953, 5.847565205895014, 5.269150050199849, 3.768303299394438, -0.9217669890144465, -0.9114509755629219, 0.10168473546945551, -0.528443661168346, -1.615803926959242, -1.6740932864108624, 4.988939563293139, 5.135085443362921, 3.1945150959230295, -0.7545660310178955, 1.0253282345256591, -0.628366304879715, -0.7234138651085398, 2.149232335387922, 3.9380215342570297, 4.618475618254111, 3.225631791568627, 3.2000308436706164, 4.249467391039721, -1.6013257743197336, -1.231233676963865, -2.1911375060172786, 6.75118838641511, -0.7555954254030587, 1.0279708975878123, -0.6258107501246848, -0.7461420689847996, 2.159884265086608, 3.9903240645832523, 4.469060106758004, 3.2627684192363344, 3.26563786292015, 3.73776258504483, -1.624763376156367, -1.2355711235119005, -2.208411015562247, 6.719508104821945, 3.3840533570690203, 3.3058306517687437, 4.565828519410398, 4.22170872053856, 3.5827507017361615, -2.8862343586132377, -3.16753486461921, -1.7836838140022229, 3.4624978918557336, 3.5378350015841065, 4.705204997927212, 2.5123304494198324, 5.546557068841534, -2.055582651483329, -2.5401382811255333, -1.7127176701019566, -0.5011978325930605, -0.47798235381807935, 5.336272328641516, 3.0518136692660995, 2.997701501415928, 3.311268195252725, 3.5644099910168467, 4.297873737858991, 4.072655341651995, -2.1054315519476456, -2.109427350668332, -1.2890427589971643, 6.536050955231777, -1.0840500072483865, -1.0905236979751107, -0.2279659183552262, -0.801390787631931, 2.9664807650514238, 2.7992481269780614, 4.113996559564898, 4.799554737308307, 3.284207848596076, 3.1412770352479757, -1.6148665764027985, -1.6124498267584777, 0.2613352558141382, -1.6632966166472656, 16.63032466850029, -1.075167244192717, -1.0753434869784682, -0.23056241026950708, -0.7484672284625095, 3.038584900350643, 3.0990257737277207, 4.1331872228315465, 4.302590182527049, 3.351106543614325, 2.482706233766376, -0.3337413291471834, -0.14974996147285347, 2.4885025882108383, 2.6238014709456374, 3.5912765881727613, 4.655185997096469, 4.088854879446536, -1.235915794677417, -1.4348669656537782, -1.3392687740061513, -0.45696424544694125, 0.30347701861682114, -0.35543072670314635, 0.5751321539383935, 2.4974083688203055, 2.672182082459805, 3.5298611904187984, 4.7156954771265305, 4.233720862259966, -1.2374472615847807, -1.4368453039315157, -1.3395227642418428, -0.4183321789304776, 0.28863696566229524, 4.845060491438799, 4.676819425393163, 3.689685053720168, 2.0334374220493583, -1.4056570984747494, -1.404313983548139, -1.216839706540824, 0.2003265430028649, 0.7663436629809499, -0.5058566610995673, -0.47972308335021735, 0.37225717773718087, 3.614339305338809, 3.678371304223089, 2.605926975067785, 5.8001049686739465, 4.87013380114316, -1.559246779002658, -1.5611961058176933, -1.1393777091648605, -1.5374059448533823, 0.6001152681983967, -1.7796262960400555, -1.788262589721743, -1.7026724045188457, -1.3396320848043832, 10.46571540026286, 6.995620051082282, 7.133479293786019, 8.178134990858394, 13.252407410976568, -1.4139536338716867, -1.3949744701560327, -1.2136579909751752, -1.1287338531518563, 9.363665103223449
-1.3996415230802315, -0.33172600046751305, -1.2332763809576266, -1.2153366185107723, -0.9801920327557604, -1.0427837467535148, -1.3409662004519625, -0.630413504507228, -1.1863068987297776, -1.1956806949530974, -0.6193650993647009, -0.6373986570269733, -1.4078798428855537, -0.41713905328075274, -1.2031596991124582, -1.183228317057491, -0.9569726953683548, -1.0586019422125135, -1.3122608643524907, -0.5765295918658139, -1.1542931549827506, -1.1955674111165748, -0.5763152887426318, -0.5788248681259277, -0.2671496920288007, -0.2101202980805227, 0.7885662309076314, 0.8789624619480543, -0.09476823912467203, -0.05687284669261166, 1.0276451617789255, 1.123483900984757, 8.305858242756102, -0.8546639391342836, -0.7504295040809127, -0.6741982026350487, -0.7287370710051284, 0.3652584107287386, -1.337869000996037, -1.3628931186714996, -0.6126235978250208, -1.4133377644456018, -1.3763477426166832, -1.224719748526527, -1.249435042938594, -0.6070216312812781, -1.1980379394980647, -1.227032806470069, -1.1428708009950033, -1.167020090647086, -0.9289665837337394, -1.231299497470068, -1.0129584699290977, -1.9766482039193467, -1.0264133599868088, -0.9854231646772753, -1.0663137312193105, -1.3959654851100918, -1.3861910989472566, -1.3083075899522372, -1.1454211534082261, -1.0487528390020713, -1.6365172888467534, -0.830424093084725, -0.837986835356006, -0.9030132200263241, 5.0499372634279, 4.3420552013935465, 4.890727775938722, 4.977715229575616, 4.80970410034881, 4.696097836669019, 5.028743217497775, 4.532840131657612, 4.36424716996073, 4.929263025777844, 5.09945513309706, 4.569513059496617, 4.990984400039876, 4.844608715266264, 5.341402889347385, 4.594581587580661, 6.289153727068417, 4.905334073978333, 5.007009340564816, 5.085688443955523, 5.271786108897776, 4.842911750515625, 5.0750509273077595, 4.836029631583559, 5.000130475894379, 4.537705382139804, 4.8818995585755225, 4.713857955464758, 5.563715023410966, 5.459329287420548, 6.310077386685731, 7.212576556614178, 4.962885423173535, 5.0378092496927085, 4.723681070109517, 4.850725249777637, 6.602692995807629, 6.548197411787309, 7.316939345468921, 6.551769319599954, 6.9541375360639215, 13.078412875910859, 6.185610617126812, 11.062522968435553, 6.4615687641388195, 6.153711088309676, 8.922157256036744, 4.5679089235733805, 4.455453804131234, 8.049826724812082, 8.631619736136617, 4.594338867731333, 6.0667469745357145, 5.304252744531347, 5.167983387698715, 5.9256395675365825, 5.205096607770428, 5.342595752047539, 5.065319547476327, 4.508748334478765, 7.270893011487627, 5.402675735296313, 5.109295023672768, 5.286783546183609, 5.256527204512258, 5.659549272888518, 5.7578567618823016, 7.12544799582161, 6.729507167935198, 4.71217839098805, 7.795864556950195, 16.027728781678498, 5.735437599594635, 5.7678455909225805, 6.479886833050366, 6.292819925525358, 5.27323737291356, 7.169221197301615, 8.50673545524199, 8.042098533452629, 6.032468390921799, 7.633032212901705, -2.0398627080623815, -1.9343215985736937, -2.604759464203025, -2.036039728564456, -2.114677380564665, -2.374328323939195, -1.538240615143328, -2.2590578047081924, -1.6731440776399558, -1.9508450178402224, -2.1596577916916444, -1.2901451410042755, -2.021982553119489, -1.9027024769138443, -2.582518562270323, -2.0206626340524294, -2.0814807070385277, -2.3433995101122114, -1.5063210965867542, -2.2592071380645065, -1.6768572112853923, -1.977736107911355, -2.154347866527621, -1.319928502556961, -1.6933249870587999, -1.7579721016945922, -1.807364735786084, -0.14623363544619078, -1.9225163355567272, -1.918080194822922, -1.972216292634892, -1.8297440402555596, -1.6794453275915395, -2.986711889392636, -2.9262157950052514, -3.1949421459825436, -2.392185197144803, -2.36169889671235, -3.1916783047874744, -3.0408953671640986, -1.8624094037819017, -1.4416812089247137, -1.4354028753065862, -1.904725697657025, -2.171093917793957, -0.1879353992941554, -1.3766847493595475, -1.3830362907744767, -1.3861941246572356, -1.7680241901389095, 9.616444049539716, 7.461636609823598, 7.252691310197255, 5.059605050337974, 17.82370747172272, 0.020059871463297414, 0.039845580880499054, 0.6558989436622488, -0.14323922018877616, 11.561529697380797
6, 0.19161021959904728
-0.9397015803985194, 0.041617409654521494, -0.8943284226930155, -0.7001765798242029, -1.3638243582963112, -1.557042728970176, 3.376809516907842, 4.984762171157875, 3.184515015122599, 4.554728280463444, 0.20412923759039833, 0.22259781812509347, -0.9414126221591573, 0.051807639299247726, -0.890338890586089, -0.7150522465411198, -1.3363448286062682, -1.5641681146003839, 3.4081357744410927, 5.2165237721468065, 3.238393682301491, 4.004150369846451, 0.20773147144118964, 0.22627500123992764, -0.6909287937072736, -0.6994717984066379, 0.340601518931609, 0.4429146727211207, -1.1449445890721597, -1.5456542374680737, 6.384272148281496, 6.319279734062327, 8.52805998001275, 3.2373061084278665, 5.282288708233434, 0.48866547873398536, 0.4276603254919463, 0.3513766456020645, -1.1088965093730099, -1.1075491298296876, 1.5542746382410957, -1.5879331503204377, -1.3720632088102285, -1.1016987194838985, -1.0830491773048365, 1.9657825061192107, -1.262005448225019, -1.5633278248956102, -1.116267825076475, -1.1467745096824158, 0.4316492535021916, -2.3293806600977605, 0.024000969615816912, -2.942388836362177, 6.917588012766506, 6.192965620777748, 3.8960048624978545, -1.230123154223225, -1.2169878117735915, 0.2889470962611421, -0.42528512826942977, -2.2196807478037783, -3.389883845173734, 5.427132452965786, 5.618924171345741, 3.367428725909294, -0.9768602219906207, 1.9768174967292558, -0.946649113556328, -1.1139014212124938, 2.788034661669854, 5.184429158373465, 5.8371300463831215, 4.180297998104454, 3.309407325245108, 4.884456982545846, 0.06989684219911942, 0.05293041192296421, -0.1815540112944529, -6.583146578580744, -0.9769234778125296, 1.985536960484041, -0.9543665265664871, -1.1552636324241592, 2.798803562294118, 5.253481435498358, 5.646436428177138, 4.217550823616663, 3.4068879073254563, 4.255563920708312, 0.07415453931329545, 0.04815337152624066, -0.18203502893355175, -6.196473609808652, 4.362008415252266, 4.262853757420748, 7.64761982394712, 4.914260239183693, 3.9137630322337165, 0.3239165147805482, 0.3482770334507215, 0.31949701347892295, 4.285039478589385, 4.377631700882652, 7.44677630743883, 2.792219394630117, 6.400346853251747, 0.22473764858375075, 0.2776742068589932, 0.3027697889771803, -0.19120356284784557, -0.1666854627231977, 9.84457045226338, 3.911561607720796, 3.8512718236348236, 4.76365568296017, 4.971843456575978, 2.755349037381169, 4.8425672764762595, -0.07767221820669166, -0.07478317123397346, 0.04489080586791422, -7.029435747693504, -1.3720723933820473, -1.3846973374217837, -0.037326908368406485, -1.3774825461420872, 3.7876544766397764, 3.5889695325174196, 5.821865790973255, 5.779256389619874, 3.8643860528277996, 3.335825203312242, -0.6653473957648525, -0.6945207490421886, -0.8099676543487835, -0.8834987934477246, -14.830403121119335, -1.4405518379552078, -1.4469180322956199, -0.15410497468150153, -1.3022555960011872, 3.625567103444928, 3.7072009670895354, 5.112549568663834, 5.690845708123468, 4.020012143371585, 2.2507356050374003, -0.22445822354061856, 0.04838668268121361, 3.0476106284943048, 3.3285720230526987, 5.401414230690252, 4.881106277210359, -0.10415044850084475, 0.15651446717237044, 0.10958699053047571, 0.15510694542163794, -1.856710283858269, -1.0980337487420617, -0.23885146573817234, 1.0261334752449949, 3.058141165535469, 3.3915353400458588, 4.80459974565554, 4.94647995096618, -0.13151928331159124, 0.15720409115563083, 0.121153536450307, 0.1514945692860532, -1.8746421855142767, -1.115584202967771, 6.287356391800808, 6.063804237855901, 4.4040085597097525, 2.093637323423903, 0.23304661605170962, 0.22654116862308712, 0.18048720719876757, -2.56308792399559, -0.796356863747113, -0.19340083572661687, -0.15742115309711388, 1.0350247377779147, 4.252821129395745, 4.337863204707985, 3.2958806086150427, 9.005621046369772, 0.7430007139424245, -0.03406706880427752, -0.03790615626088783, 0.28815337630196997, -0.8178007770312458, -1.7625338603424796, -0.10291919342405025, -0.10595873355284584, 0.06633216531180929, -0.2532216806865273, -8.474295556966853, 7.868438998999076, 8.043392564944996, 6.480089193248959, -10.674208523480043, 0.18586383036035717, 0.18332137297518433, 0.5098453087015297, 0.3374022723790467, -9.412831780298301
-1.6166875973155237, -0.2794606879950604, -1.3212913210304529, -1.2919289163483552, -1.115932500869348, -1.2013629660650358, -1.4452898880562322, -0.47558537362145087, -1.2860028299962774, -1.2963418895025203, -0.4727435803981489, -0.4765613115236492, -1.6248118614067544, -0.38389557792983364, -1.2817890275399793, -1.248722364154622, -1.0887215220889688, -1.2196650662596555, -1.4086425825721447, -0.4047538548163027, -1.2451903894382952, -1.294926058072431, -0.4045886039888475, -0.4037312446210996, -0.06317384669424576, 0.009050795098202917, 1.4511794179174562, 1.9402380704153, 0.12151063059363869, 0.08794128728317607, 2.030430516633426, 2.1485952313926333, 13.381487812683845, -0.7024649402358594, -0.5714290405010853, -0.1833560845354488, -0.14783949398670526, 1.5060342236919249, -1.3411084678702174, -1.3739535381172172, -0.2554102412070118, -1.6012817875856011, -1.3816259967077689, -1.0626452064365257, -1.0961942555311561, -0.011876478783047201, -0.9554997845166788, -1.2445664376142496, -1.3529187863115444, -1.3802988046466684, -1.1505141599670983, -1.668360262879821, -1.1670935913653402, -3.250521648882965, -1.2239166243270525, -1.1396388791487844, -1.366910366871206, -1.745212233973638, -1.733398763505704, -1.6955911842966156, -1.4209501433556821, -1.528330100752816, -2.7152665857919853, -1.0651468186169606, -1.0868907325862922, -1.2697020672126824, 5.393879664923454, 4.66358489875815, 5.097432000243548, 4.7638059687073335, 5.260665826757063, 5.120666943689374, 5.296864471809451, 4.807972705317355, 4.343277645635403, 5.02568018781982, 5.273892109771461, 5.032703529037847, 5.082321063547011, 4.781946640581476, 5.689184810852045, 4.918798891901282, 6.540040051293243, 4.668995906530134, 5.460441261198621, 5.515668261231316, 5.541542724256124, 5.143707185684838, 5.083319486698622, 4.922312123660615, 5.156042884419603, 4.995715062944826, 4.95693826932186, 4.629168629756863, 5.967271912135274, 5.861348438719238, 7.383565972970193, 8.270039612212386, 4.950259556857445, 5.094921411003443, 4.771899543407753, 4.837536675664985, 7.157963486544587, 7.106364857503658, 8.619110991362714, 6.961753615498762, 7.50135496329163, 16.920911185782277, 7.16455602326505, 14.49519729417448, 8.301964852654928, 7.885130494475309, 12.628661790799585, 5.054699910133255, 4.93778013872418, 11.477641237206281, 11.608079117893627, 3.0001898287877413, 6.569689500940026, 5.40509818441188, 5.2575347323788675, 6.393330525345864, 4.868678209000695, 4.801711812330241, 4.502854919481512, 3.602057809259035, 6.931789569373682, 4.835956083477741, 4.518797466166866, 4.6439329170603525, 4.5833772893999125, 4.52365045640961, 4.968861717216157, 2.610882975530757, 2.4891990816478504, 3.3815504112464385, 3.9495861896462685, -8.233136224525962, 5.814122017341416, 5.85399335031903, 6.844620271875214, 5.970502824208561, 5.330252666898286, 7.252422580875613, 8.51189255728673, 8.266976868515426, 6.187697665831737, 7.364858086395499, -0.177890580717892, -0.17099641421753592, -0.5523234159218489, -0.17851444105319159, -0.18322861557694287, -0.653295147708961, -0.716095538535025, -0.32283263766512243, -0.11513119088193859, -0.5103047514851059, -0.61486317037736, -0.02582795945959059, -0.1716520080607794, -0.16441627450748894, -0.5496780507879575, -0.17245958033420197, -0.17597889041828027, -0.6419327516850747, -0.7088605162423722, -0.32215691903789945, -0.12059410319159562, -0.5215107783474447, -0.609527959672165, -0.03643372229300912, -0.353342613156852, -0.356428357063099, -0.4178328262125656, -0.675773156223921, -0.3893894535905902, -0.384922787917042, -0.13101760055875497, -0.35266001597788477, -0.11454077564251207, -0.4511318462138471, -0.42932008110526054, -0.3583457212264672, -0.7187056130882927, -0.7080553480076854, -0.39601262475775617, -0.3859172203476, -1.0518531745900876, -0.07913800155343226, -0.07314205879952895, -0.1819332023997359, -0.9303565166787108, 0.7135097821308837, -2.2312068635370883, -2.2318849473083606, -2.8744793032066873, -1.4924656080903027, -10.791714400398815, -6.566543453474967, -6.385313123554444, -7.006900779471242, -13.447065645571069, -1.1094821988476016, -1.0985565011885932, -0.6749566191344303, -1.6792872833937218, -9.225548476079947
6, 0.17047508031863234
1.1643906818747543, 0.6619994505896711, 0.9970189844451353, 0.8646831215837409, -0.8666961406527469, -0.5570867487744169, -0.6187581134176594, -0.17542499986486168, -0.7891739761457963, -1.1066386559330008, 0.08430957019620496, 0.10154345370781391, 1.1643970490808349, 0.6700460173241697, 0.9815516374680411, 0.8627734254330277, -0.8703154907330989, -0.55188950382391, -0.6243423941048154, -0.22530485365531955, -0.7969582321502385, -1.0017183472011877, 0.082384923659476, 0.10568006303447813, 1.0625680538341808, 1.0588398502678016, 0.6584753145734854, 0.5295816669009429, -1.6386701827766883, -1.2193589761638575, -1.1675667733938262, -1.1566215177581503, -0.27422461760851935, -0.63385519311554, -1.0466257781281163, 0.19040304330213345, 0.17401588175386143, 0.1311881214092843, 1.1784931455342955, 1.190150409656678, 0.3558811946402851, -4.075579041804275, -0.5188664231175478, 1.146679941768075, 1.153488155460244, 0.35491463800223755, -0.6274666548523182, -3.659950261978483, 1.3025953675601671, 1.3089101881747562, 0.5489388754972481, 0.10293229001226599, 0.46892758585842054, -8.815817742476273, -1.7226533078170851, -1.5889571307905674, -1.3234006726369745, 1.2709102388241944, 1.2681048683917564, 0.46535702988821814, 0.20489169080227823, -0.29984224745375504, -10.627365386850759, -1.286701893336963, -1.3309195835409984, -1.1960444369589633, 1.3753390710253386, 0.42589005882381425, -0.6972016463539722, -1.0749778104931849, -0.3995882700527687, -0.9656875075929854, -1.0911191477377964, -0.492745305811695, -0.8040435323992695, -1.2309390107308202, 0.06803380985287624, 0.06176137748717955, 0.16528918464741374, 0.423558400810453, 1.372230443935832, 0.42458111758012834, -0.8265108021383565, -1.1729145825931213, -0.40236601448123505, -0.9793529726141521, -1.0539540553042182, -0.5011679158388175, -0.8231657650684141, -1.1181804475055355, 0.06844588087491552, 0.06031691673428586, 0.1655195724639051, 0.34237631900025217, -0.7984087893286431, -0.7805797859608833, -0.26563757157757323, -1.1046610549475298, -1.0890836920686984, 0.1269718524260254, 0.14213619048151216, 0.12703880264357306, -0.7868600648352817, -0.8106606679273692, -0.2117253645354037, -0.7332573554679617, -1.4045514862831783, 0.08899084179832852, 0.11356746294700795, 0.1211938431895317, 2.050053209754027, 2.064261311664696, 0.20372401478413765, -0.5648758267364713, -0.552808928733339, -0.6584739401691314, -0.688926034495025, -0.7649711090024431, -1.1935721807960742, 0.11995343845751168, 0.12034135676927114, 0.0855355017097304, 0.4972087176451296, 1.068489818662793, 1.077611566722188, 0.38429979320606983, -2.9690107391625187, -0.6602901500714636, -0.6230524716425145, -0.9973376014089481, -1.2116421631891587, -0.4754709529713451, -1.2655502786108825, 0.1284964137008968, 0.13371034026089051, -0.05781560698741212, 0.2453713024449816, 0.8835493710671197, 0.47741916994775035, 0.47382971124421736, -0.07697333995980456, -3.011733100063614, -0.6095107991520433, -0.6290467673910107, -1.0836212958008404, -0.963737030043718, -0.40345102167511654, -0.8863411834654159, 1.1370626720818355, 0.5973635967679345, -0.5353002650676745, -0.6751097420670874, -0.48472044445238716, -0.7949264434861671, -0.40358401445336894, 0.03599285347167877, 0.07910582850010495, 0.0562868570847128, 0.2408086571959757, 0.06306022598811789, 1.1784462019203574, 0.20655275293797026, -0.5341506101261382, -0.6875742004282259, -0.7021836105901837, -0.8088099999801257, -0.40733839220608203, 0.035864651413294535, 0.07757502481569761, 0.057342788523011605, 0.2400460480267757, 0.06818533586582715, -0.8544914057594908, -0.8267490602482439, -0.44376914604046513, -0.4078096702324109, 0.03504021925119041, 0.036256866746692984, 0.10294235472891074, 0.3110287898564705, -0.07166379960843308, 2.0679892613937634, 2.0995703390677014, 0.5281499917962912, -0.7465488640668667, -0.767260684783557, -0.6716303917316637, -0.6582764111299084, -0.7450921679541737, 0.07847948575461201, 0.07902837942321131, 0.07988040635936029, 0.17860231054519515, 0.19198302904026265, 0.09539412857611156, 0.09706665243951121, 0.08014979856689505, 0.14574671765616598, 0.33760361241630543, -1.6976834789987951, -1.7458180488829624, -1.515201314060261, 0.5964372309859957, 0.030633366202253747, 0.029469399400321783, 0.06996205578904455, -0.04741549822741786, 0.5431124259443143
4.07998895405286, 2.27905766821303, 2.8313372601537417, 2.8723847907142708, 2.7147241281753263, 2.9621331484338023, 4.19801507495309, 2.8480833682274045, 2.022300441099013, 1.7084168560166495, 2.7782791848959363, 2.895187515507721, 4.084969237098036, 2.3514781613507534, 2.8031379071344844, 2.8527238744312946, 2.6949722145858876, 2.9755519387431795, 4.169156585302287, 2.7924716799240676, 1.9801507652929597, 1.6909614692109538, 2.791492717742394, 2.814096343127398, 1.5743894943503984, 1.5189890388764251, 1.0494424960501938, 0.9149307212973068, 1.0331330006125277, 1.3828096839655766, 1.2789923021769245, 1.2198917283523987, -1.9976312033764299, 0.4858902141722584, -0.025709062166046754, 2.8494301543971563, 3.179037344202565, 1.9176475572279883, 2.185748566991258, 2.2392618476274357, 2.181656011265534, 0.4349287913879307, -0.7891206823565826, 2.278947434105963, 2.3108866451798105, 2.0310995916661985, -0.27073031205151604, 0.6388094625844699, -1.1625341203298964, -1.1392519387654731, -2.5500660412692695, -8.351498444327866, -0.6907981975535791, -24.4052903563299, -1.7595325919562828, -0.8420749630282791, -5.716747601955864, -1.6627146970296354, -1.6679516561349808, -3.3750653538583495, -1.229284345625376, -8.205266424933871, -20.406701047514403, -1.8891434218090968, -2.2862319474935866, -5.940946250099353, -2.103743861962046, -1.8171790093863243, -2.3086659727524386, -2.1664234991335114, -1.6335740280840196, -1.9770878868165491, -2.079498992995536, -1.279619723648593, -1.5101073590858294, -1.843196280498666, -2.0358441481171243, -1.743244406947165, -1.7554218046115415, -2.054779261294173, -2.2454270171509894, -1.9378980652662918, -3.0493206032887232, -2.1021625299210367, -1.719842505783645, -2.1719724119135817, -2.1981244656715018, -1.4274431355135786, -1.8881025213157276, -1.7534303792363177, -1.970514907244986, -1.7216673288181341, -1.6853487372889282, -1.9733543372101412, -2.609337493260175, -2.554230701232101, -2.9554480761932673, -3.7062826079184474, -2.2630680255873177, -2.3047887277965575, -2.1590728272783593, -2.2116894996469867, -3.1373518842375616, -3.108322238337344, -3.497191812474861, -3.155326308995572, -3.3171981266688957, -6.068400027685013, -2.8449515962931082, -5.148815361927974, -2.36260553195182, -2.163214689810486, -3.514539713222756, -1.6457177540550836, -1.5870094984646101, -3.146799485396412, -3.2259572621866957, -0.9611625110858371, -2.3183891141364694, -1.9790451023429592, -1.9080141196993292, -2.26462366632518, -2.125205860762459, -2.3739238812837575, -2.215221038976523, -1.6565113191777576, -4.3618423700765945, -2.353047440836767, -2.1833147763835936, -2.2158746643483167, -2.3877888656511477, -2.3328726629670897, -3.179910039983493, -2.0422105694294097, -1.9413061622622494, -1.4727502871712415, -3.01804474205842, 0.2970011967813734, -2.750740808685214, -2.7860492455950134, -3.0511608809285344, -3.515451900005748, -2.5561223655848773, -3.50424904307758, -4.335541238935693, -3.7910219118558515, -3.0113255059994946, -4.675875641325298, 0.2803510147779342, 0.267046909345079, 0.49203022426773096, 0.2803233632210056, 0.29001637245208683, 0.4807128865948957, 0.3319878919364937, 0.3835506778788675, 0.22467864729115164, 0.3735992583212292, 0.42344402075033305, 0.10504533769482761, 0.2737921260527021, 0.2591637157803127, 0.48842106446408395, 0.27409799262316825, 0.281467080219403, 0.4733824749777664, 0.3241172433377194, 0.3824976540551733, 0.22639937979097985, 0.3807628868474435, 0.4202000188391747, 0.11316661658688132, 0.24245671898198226, 0.25463543196233873, 0.2802756898553691, -0.06622987650658982, 0.34040787665776245, 0.3388666584126629, 0.3023283025089343, 0.2654662555595725, 0.27629262777951097, 0.5600899462439842, 0.5459579014487989, 0.5832636498809217, 0.5269524095514149, 0.5188146729396137, 0.5873334243501792, 0.5599902541390173, 0.5610598455970641, 0.1616002729082445, 0.15672332709646708, 0.32484362571586894, 0.5756485801177881, -0.5141191037703486, 0.8321300965682025, 0.8339387636681054, 1.0835114780409123, 0.6322018749598488, 1.9475848493734687, 0.9075124623780891, 0.8738168004660257, 1.565029385825668, 1.5696872245542932, 0.17472580839542332, 0.1672674324255244, -0.18415893087970697, 0.48558174665001924, 1.0994729241851466
6, 0.15962421425078302
0.3464171596148855, -0.48878488237717577, -1.3798937490115066, -1.5818435909725366, -0.2224660563069298, -0.43390096117505683, 4.280222338695557, -2.149985223286537, 3.8078482069516735, 5.35106973545501, -0.5818020399882019, -1.062005152678634, 0.34288008985908913, -0.4423751713148409, -1.3940782017931308, -1.6134552967104414, -0.17151881357243284, -0.458883820008034, 4.32504585087892, -2.470840466207799, 3.8944089565497926, 4.615476152129026, -0.5743766811433382, -1.0898074383840581, 0.2926818808319573, 0.2459636462982638, -2.030457853532879, -2.287410835158675, 0.052024658021582654, -0.5849150511875992, 6.259072972802672, 6.173575078119361, -8.697662801446445, 2.5218968626392058, 3.7827682075342905, -1.4283974418781056, -1.2774748241509275, -1.518513465004856, -0.19870300560150836, -0.1686602363619578, -1.960214142733601, -0.3596267613752076, -0.2507651211089341, -0.17635124849632353, -0.14012332167492644, -2.633639358471732, -0.12497806929107833, -0.39000021665075996, 0.1930505289562465, 0.1451166210909671, -0.14984607922128618, -0.9189802250456429, -2.7728086571659856, -0.5498103346310251, 9.086701430250658, 8.026521595009497, 5.562692054249301, 0.051076994958217235, 0.08272959845661168, -0.1392945736361023, -2.1247882178481756, -0.8446766919182006, -0.5432092804363806, 7.138017574215807, 7.421123209313395, 5.009164008371006, 0.10331558643412936, -2.4527166127637483, -0.11104875685554189, -0.2270660145846705, 3.6328813697423747, 4.099335422583013, 4.5799869074182045, 2.116310783696272, 4.102407833269395, 6.016851819092333, -0.21894481280215422, -0.5079189519753479, -1.1237359993052882, -1.689244244506905, 0.08432278173914673, -2.4378527804604997, -0.10102478801425237, -0.24474091825068953, 3.6469960007166664, 4.179086842293063, 4.412905863970548, 2.207843738384729, 4.241338939989136, 5.17110675039902, -0.22056732109987465, -0.49639477686382566, -1.1127230159700718, -1.0664664931627312, 5.041738928036689, 4.8986567956926566, -6.6406194858805065, 5.528936157309165, 4.599844288025517, -0.9295216593895812, -1.0309110492379463, -1.4231103210977827, 4.985625895758051, 5.121776811913438, -7.0182094618695094, 3.146830123060533, 6.682212120693103, -0.6245492035864274, -0.8164365167284993, -1.3517353751787236, -1.2456677147187165, -1.1192913257308517, -13.758042820843569, 4.512096195975738, 4.42191156668269, 0.6741295046471286, 0.7090305326933476, 4.1240587721070066, 5.220912521092998, -0.6547135685203209, -0.6644686227411372, -0.8148980217665975, -1.6365902002810337, -0.551354140445512, -0.521560400249004, -1.8939802125026262, -0.3587067551056907, 4.5417213990782415, 4.259709052180711, 3.161800289848341, 5.649372079036243, 1.1223991947359364, 4.589221212702577, -0.5927790989155711, -0.6219843518918725, 0.4900557645305725, -1.699545585861813, -3.386545231092906, -0.38705075816372525, -0.30718765348496524, -1.1239000585767154, -0.29604980694601557, 4.406832419014005, 4.5182366336707425, 5.232764763151488, 3.1495455466257494, 0.08872873630392354, 3.173110694545106, -0.49432299169161614, -1.1909605504206757, 3.674172677826058, 3.1350900245554323, -2.5000877273257838, 4.558456362693915, 1.9017597604480352, -0.022572056002235167, -0.6244673153712325, -0.43063957774416406, -1.083018110075726, -0.20435629367155228, -0.5832481074629177, -0.11271674855481187, 3.6591495881305485, 3.239797973546241, 1.845826371553734, 4.643573746695827, 1.9474281516185863, -0.02187009956043371, -0.6185240542196679, -0.4314303065017214, -1.0723377447374112, -0.2422055974500413, 4.366415441227355, 4.2802503441635595, -0.008305403792850139, 1.5917027904396346, -0.07162490315930435, -0.07580458288608345, -0.9821739270688982, -1.520440969527726, 0.5792916789108622, -1.2560259962433835, -1.1496001274904546, -2.500542047083507, 5.18232954049783, 5.293733325145689, 3.081556385169031, -6.113802335889128, 3.1364555844473045, -0.3522962409554758, -0.3590445544993659, -0.9534625409797071, -0.9999327449527599, -0.995948629625362, -0.436170736261296, -0.4478912438503049, -0.6264452525421363, -1.1927645509078046, -0.3883036237873397, 9.135871558260293, 9.473059218993631, 8.401552409521619, -2.962785096295659, -0.019238133294200262, -0.007942518260216865, -1.0042304944401208, -0.16705166145237543, -1.1252541912695557
0.9336331209262793, 0.6055412803607527, -0.19246705590079452, -0.15728588345220695, 0.5292082841935665, 0.43819572046226407, 0.23295475136743019, -0.62915883761382, -0.42245458691313875, -0.27125292740368073, -0.594331441006454, -0.654733939553078, 0.9181248439543886, 0.547622303760142, -0.16739458048243927, -0.14497352247387052, 0.5664164477675113, 0.39583368458107604, 0.2603710847082764, -0.596957136390237, -0.3870533375546021, -0.27681611737569567, -0.5967923604275557, -0.6095004547836359, -0.7677213376048628, -0.7341600177472606, -3.492170286186113, -4.274046577920939, -0.6177714721685077, -0.6378139797940289, -3.981718993203647, -4.073905902367736, -20.415703890148098, -3.0497263133453143, -2.1735666087870857, -3.3609561940556767, -3.9513150506279744, -6.436123415332666, -1.8484577329308056, -1.8576717803120302, -3.6793383453727686, -1.3169220735271951, -2.948432901372272, -1.9436511070602474, -1.9467686292504907, -3.765800124732609, -3.418682895412543, -1.1981834697651241, -0.3494477792823547, -0.39714493521639255, -0.37996982166192883, -1.1385134160921655, -0.26974773191593254, -1.9765753395145842, -0.35013376506246924, -0.2989259072275009, -0.9318699531905734, -0.6561413710767935, -0.6246521694010303, -0.7091412364118715, -0.5179304459716574, -1.1144962079840295, -1.6700584714887432, -0.45173710810504725, -0.4753629016301076, -0.9345197569521904, 7.162086955623898, 5.0809614443556566, 6.8151085534008065, 6.532638257447285, 7.23028205628834, 6.202296332017392, 6.4696720474074345, 5.0840834179120735, 5.3373095003106, 6.2597433037423285, 6.6287147729477285, 4.291923732935594, 6.016122663077251, 5.976049063147455, 7.541817501998096, 5.39301861238391, 8.771573819224091, 6.361478367442399, 7.479948306561835, 6.702451389679767, 6.797071552143819, 5.422471755030561, 6.305352915690309, 6.066714425772884, 6.469399533250356, 4.213654743100328, 5.768417172624412, 5.758581484978122, 5.353839906443169, 5.18573367462573, 1.8742089058131177, 6.800867429512954, 5.035655617662503, 5.270698566625755, 4.8436344005307514, 4.924113553023795, 6.44804315791881, 6.365314617492916, 3.0239519534146533, 6.871906410347161, 6.1211580384197894, -5.484273683452026, 3.840452538842491, -6.202402556364444, -2.319296596485508, -2.0438059476514185, -11.874375677963714, 2.800285036493226, 2.629310427552777, -9.346546606473494, -9.058656326515116, 0.10010745785450645, 1.7065750272790392, 4.41742791386786, 4.273723941258447, 1.693816276815025, 4.589747993389539, 6.144208864116853, 5.7197506455590705, 3.304879401736864, 10.571422690847227, 6.21983215557703, 5.775348149642447, 5.704641834865185, 5.523554923915551, 5.947334057330113, 6.917384153298212, 5.5411285869698785, 5.182020314825466, 2.163011001261052, 7.136455200025336, 0.015419587037616193, 6.748276112355616, 6.827082696773682, 5.323341104224772, 8.60101433240975, 6.6075042824154995, 9.032758978036556, 9.738816798752984, 8.875962932890513, 6.841894758267462, 10.128492647941593, -0.643205860839182, -0.6076106287420258, -0.8350728476391165, -0.6410404907723698, -0.66798592891642, -1.1163547030783318, -0.5914254252941654, -0.49326620345598793, -0.3284299006294551, -0.7163195686840169, -0.8315544249111141, 0.08848017978770088, -0.6058635940707128, -0.5680848342064495, -0.81895517420873, -0.604819694493542, -0.6242020604711214, -1.1078497093524424, -0.5577100085300689, -0.48924765547048193, -0.3178696110658013, -0.7500338154477735, -0.818900877214865, 0.05643158441156938, -0.7454279593026764, -0.8218771049537056, -1.1706019409370554, 0.34713527617665924, -1.086651698858362, -1.0947302408453548, -1.7486673685822525, -0.8272950031197216, -1.4486525075351795, -2.369749626078037, -2.342998690318673, -2.9794476922748823, -1.5006755017909068, -1.4580198534574131, -2.8359913847167504, -2.663380687987516, -1.7531893900251356, -0.4458669506832699, -0.41350828195679334, -1.6481772006684021, -2.015895103074255, 1.1526674876170426, -1.9687563912919193, -1.9780281294852922, -2.883779505101862, -1.6004140216081177, -3.7444175478391983, -1.433617682064097, -1.3818918800939524, -3.7249969884896394, -2.347400825287784, -0.23499885942342505, -0.20669856582757648, 0.7798813439053616, -1.3176311409534438, -1.6739203514105057
6, 0.13331457370232713
1.0558230949893792, -0.4973383390957641, -0.6009875775169221, -0.5757342700410845, 0.02820480687160689, -0.04624502679141942, 0.23832051816708766, 0.2881705575177692, -0.7984989324370771, -0.5035502452581155, -0.5959926230343056, -3.7556192519698777, 1.0558643008680004, -0.5073790430781873, -0.595063837932007, -0.5689755667583125, 0.03238603864273334, -0.053121161728376574, 0.23583378422149676, 0.4843016988125811, -0.7555049235747127, -0.5092239443861986, -0.534265719253376, -3.7642513535129765, 0.5251418886111172, 0.5417946544377801, -1.616447183892148, -1.5052143075950795, -0.5481368477079778, -0.18383266419769587, -0.29162086123708847, -0.2710018596721228, 1.717754276284018, -2.016774038584658, -0.17671075194468416, -2.426677151809071, -2.1611411738129047, -6.358977120204545, 0.5414902749983267, 0.539208728793535, -1.4753952263113388, -0.027238633737127926, -0.5893335367874243, 0.5559157919322415, 0.5453482951393631, -1.6798616881837456, -0.1474550511200352, -0.3196959388065122, 0.7621464583238023, 0.759900405878086, -1.104813576129145, -0.8527550587185939, -1.5082543858831088, 0.39979362747544606, -0.6665273775007037, -0.7068127191772803, -1.2148035954561924, 0.7593731788059196, 0.7635748219853636, -1.6665060058187664, -1.1324489672753317, -0.30759336531517234, 0.46988184609105266, -0.5802992828287677, -0.5705171087966926, -1.0745800433506303, 0.9530539771301018, -0.43298417452858806, -0.08860968940837517, -0.29448305468811736, 0.46762191275327813, -0.47828105750480593, -0.008815411362194629, -0.04229220425564786, -0.43559003009761793, -0.5393046473228954, 3.099082461762815, -1.5407501370892411, -0.47174062790171956, 1.2160527468516, 0.9524004853892691, -0.49483195639827793, -0.08395233504459185, -0.2814103144763283, 0.46529908003049747, -0.48693165849236875, -0.00888187621211397, -0.023587293552877215, -0.41822335996638416, -0.5617608015302181, 3.11904972843749, -1.4906678047123687, -0.40932333962843775, 0.02180769186114649, 0.12358789124055573, 0.12583938568063233, 0.9840011306027189, -1.0479792333522842, -0.7319176599868159, -1.3464418441657215, -1.6129804834225678, -5.667772440124776, 0.09680969227731086, 0.09987540729005503, 1.7671085542817502, -1.2570044222491756, -0.43765747296958885, -0.625721981943615, -1.2004990671843243, -5.353820298578556, -1.2397596687864598, -1.2640881438184077, 2.008760410014767, 0.5133316177912752, 0.459049095891851, 0.04035465136666756, 0.272257786236409, -0.4226418906833282, -1.2615826593372874, 1.8089998949842296, 1.8016666180160723, -3.5128007776614236, -4.49501639845538, 0.12893327073140054, 0.12486750629086327, -1.4752157099711425, -0.4731529549096979, 0.4709338314947635, 0.4251727804580134, -0.7290097928428916, -0.26650173444908587, -1.7778000822412436, -0.9005935664452622, 1.3778257997037793, 1.404255785202494, -0.6803158748575652, -2.7503286565072655, 2.2084572332566164, 0.1956237198339895, 0.21676842794923099, -1.1890758405873778, -0.18179951699334718, 0.08149728056640224, 0.08439249310191319, -0.8905686755178482, 0.019151540524818045, 0.349473485272506, -0.8457886707917103, -0.46973896685435274, -0.9436626927509965, 0.1366157074407435, -0.49371346873597743, 1.4297515161770473, 0.04990962059674191, 0.6493766857577964, 2.581594115395309, -0.9079763517333423, -0.8643517668721423, -0.11289256756908399, 0.1659360176107846, -0.49017081353109426, -1.1940515630512327, 0.1375316241648863, -0.4852024700181514, 0.5789364380337972, 0.08759989433127777, 0.6698087891217053, 2.5815479643412855, -0.878292670906034, -0.8891456768570978, -0.12765553398758475, 0.15744553876197515, 0.005108756331829843, 0.029023649647476845, 0.4243679475585175, -0.8070220188808238, 1.6432476065101296, 1.6223272462030458, -3.705689565095614, -1.917571996379869, -0.2771099487029095, -1.2497015142082886, -1.3064042755104035, -2.1561746796553782, -0.06434840490682074, -0.07883765407463532, -0.5183072584686842, 2.814210493203966, 0.07826717445886801, 1.6320805194074863, 1.656895082695109, -3.590247360536604, -1.0100675003918584, -1.08782864184104, 2.180042461909017, 2.177511919605788, -1.7548637841391255, -3.0695275119278027, -1.994150078424073, -0.7277358615048463, -0.708128078231142, -0.6999795083209593, 4.114022854710777, 2.2272408731397273, 2.232919016743592, -2.3219343327399486, -2.1128123496298583, -4.403682760311565
2.194846060487779, 0.6191522781858747, 0.7508315448998757, 0.7239046989513807, 0.9703176819817411, 0.9430229765888659, 1.5632142809375835, -0.4490065882657278, 0.4029975854243488, 0.3041688475874195, -0.4089644054515796, -0.4791295188253698, 2.2039192555092333, 0.5326682527903641, 0.8179040772941363, 0.7821494159015351, 0.9838874952615065, 0.962239135065947, 1.6279955650912528, -0.3358844694377914, 0.4705880849681068, 0.36846182235633923, -0.3358312589440733, -0.3499730650973316, -0.7941973149579719, -0.7050768383050091, -2.1137936390416, -4.1022330362133985, -1.3816240660808898, -1.6092223579029836, -1.150502582350772, -0.6769877313473154, 5.099905280458436, -2.2515912726803955, -2.9221551056553388, -4.255384001755805, -5.004793683171342, -4.516796205645199, -0.23989296802363308, -0.2870275743197187, -2.044180341633589, -0.37519807999914095, -0.9003080609245844, -1.192019432583749, -1.229951841139262, -3.804417794471389, -2.4788981311451814, -0.8540054585942104, -0.09203647030070064, -0.10276814246084065, -0.8239785106421025, -0.2868140887355829, -0.21352961012316396, 0.6862099635278192, -0.15247891155194476, -0.23220617338351224, -0.5125801482056919, 0.1960209762699145, 0.18198748789769748, -0.1288225986172552, -0.3097210909852715, -0.1860163924185477, 0.6070187896851093, -0.1490326343413973, -0.15799708271281065, -0.3725190207799332, 0.046471974315592725, -0.36759184228366665, -0.7091405646808199, -0.6073765911650281, 0.7541086611937565, -0.14099902384877788, -0.16377467556049052, 0.07580106129098306, 0.49707689965254825, -0.275096496363113, -0.10966990413147684, -0.10484182644984404, -0.5381270877181593, -0.49340884593971, -0.010860567202690161, -0.41812120340208764, -1.08526692626605, -0.5903964700796737, 0.7184790650768449, -0.23291331251906533, -0.21813187891494873, 0.1026695023094634, 0.38036121080355073, -0.2190560823839145, -0.08630024262642665, -0.10089030163116561, -0.4201556819430712, -0.4746055917319106, -1.0091997910845738, -0.9718070261795929, -0.06350487985913013, -2.3413594225317094, -1.090370354899987, -1.0429451523439486, -0.9987504854894708, -1.0652475036586246, -0.40360738848159267, -0.3896848807803139, 0.05134050979332502, -0.7195019864953681, -0.3993157349760074, 7.138344341753402, 1.0408943770178403, 6.520241376841266, 0.8664211537942192, 0.5337612932098899, 3.758877178605756, -0.2865901674554226, -0.2653316132793611, 1.993065779200325, 4.220804653143447, -1.3105608306681218, 0.10226215306968875, -0.7269710833492956, -0.7382951585887136, 0.06932150745087247, -1.3935363074842377, -1.1876425793295982, -1.1296212046433927, -1.7624864556014743, -2.832548044121396, -0.9636115052736167, -0.9132977302315416, -1.029259323076975, -1.9266366670835944, -1.7849898280118086, -2.045452414019361, -0.6565339297978121, -0.6472864556576313, -1.4256542497575622, -2.3563621975632585, -0.8761422321134666, -1.0560834074595606, -1.078118527408808, -0.7243546003495928, -2.27086446016145, -1.094749621142006, -1.5273053690174014, -1.9924211680831514, -1.2476110596400982, -3.1722613091476277, -2.6211544547881096, -0.5034381669176722, -0.35904137529200336, 7.920979309923036, -0.45344651520121304, -0.5826886424002076, 3.1495669944099256, 2.7260787552044627, 7.813232058049406, 3.2939467905838735, 3.293546615205172, 4.160726706080471, 4.000112782966911, -0.4902783191542345, -0.32131888820034193, 7.9850067614340485, -0.44540183903004515, -0.5397877397560888, 3.0585194937970366, 2.765089231146779, 7.812527976048688, 3.3033241399345736, 3.2899270652915824, 4.141681415718213, 3.9968558051766196, -3.2246177795761715, -3.816917051956971, -8.914630924761882, -2.357849414129965, -2.136820147779687, -2.1567356635493002, -11.236132925627587, -3.407739617794775, -4.4042917428430854, -12.46432614130494, -12.752492359270015, -20.376273842531095, -1.153360470893332, -1.0431658086437925, -18.167625821220575, -16.757932810342858, -3.284112812004703, -2.1245114335002575, -2.1056388239164647, -11.39225560446389, -6.560763650185624, -5.024045505137072, 1.3030528382287183, 1.3009747925458888, -2.2058073411714347, -1.1552748813540206, 1.7696883219132342, 1.792652429588986, 1.771045956198411, 0.24968928891253672, 0.2056301481608889, 0.9484524329447152, 0.9542438520212985, -0.7014902452896978, 0.031137624495580433, 0.44688623732480104
6, 0.13170601037453772
0.8990665455498053, -0.4563194392298815, -1.2544554099592897, 0.01769729558268509, 0.2172904104951037, -0.392956342919104, 0.6320542230069671, 0.22403468630660636, -0.6639164628713833, 0.36769798528260045, 0.8137198524816257, 1.387039772597473, 0.899022700057978, -0.4729191458888414, -1.2373243807864462, 0.029601731174724803, 0.23870103744906998, -0.41332016332857724, 0.6333511721396804, 0.31155904115377725, -0.5359271319203757, 0.2580946614466425, 0.8268100497764259, 1.425377586952812, 0.4526897496826089, 0.471214816238216, -2.397667655487027, -0.46238793954640195, -0.047589985159289014, -0.5415544086879465, 0.487975383193921, 0.5383210134376888, 0.7420569065399796, -2.904215560679677, 0.5068184091344115, 1.9270615616634132, 1.687064840305133, 2.0021148096423205, 0.38048079241677696, 0.3704321081331355, -1.9550919665051054, 0.06529446411727434, -0.8679677902568835, 0.45518282690749606, 0.44098342254870626, -0.6361769635553357, -0.047291016384351195, -0.4863351084829229, 0.602292683626765, 0.5823588826528527, -0.8631361976262897, -1.5652798884075931, -0.45331709003881193, 0.33625018913145555, 0.7626078940659351, 0.5506521388153883, -0.05938468354769396, 0.5991522675578621, 0.616699701376611, -1.7540763893803717, -1.8968333702822926, 0.051421147405484736, 0.4699470565456716, 0.05305658079328539, 0.25479163656652226, 0.006245636586164942, 0.7937405707193144, -0.6170527061261256, -0.007032601594141583, -0.4839339049805472, 0.6859195654626817, 0.026341168021171566, 0.5938983644357062, 0.14144004846208935, -0.09506441116874431, 0.3919239652494145, 0.6364899345713902, 1.1616201758402502, 0.24576954108690618, 2.911173014782335, 0.7963642336396761, -0.62623531185309, 0.005040830681575368, -0.47759774622537193, 0.6900072073080056, 0.03254908761593083, 0.5686086116915671, 0.20046002482905168, 0.04572694272701146, 0.25470145647972536, 0.6508494812276978, 1.1843662515629043, 0.23453270835272816, -2.6504231033553296, 0.6739161442070152, 0.6590393729763286, 0.6192567416478588, -1.172057506949614, 0.14737820294326812, 1.2813853978612477, 1.3767620941543803, 1.8742184772275945, 0.577590934751048, 0.6232048744947454, 0.5246397718696578, -1.1952208035725878, 0.600285817922776, 0.8937669422959331, 1.0993244013877508, 1.7762179499504978, -1.1698872810501482, -1.2146084899878702, 0.39335418632335145, 0.803662927692846, 0.6743411692113609, 0.20457427195004316, 0.6552843286088005, 1.3273544469234926, -0.05732965615324069, 0.6341025897173396, 0.6355084961705775, 1.497409454557468, -21.753108090595987, -0.16410940343478744, -0.18942405239188326, -2.2962089241007217, -0.6477589411300344, 0.8615668291363133, 0.5804992889557634, 0.9278897015824755, 0.5578585568529263, -4.39306031267117, 0.0015274899623002845, -0.38510597471734986, -0.44226796835869653, 1.9481078633489775, -2.457470694952625, 8.50441312851603, 0.304543118410559, 0.3358850674618608, -0.4545267154512587, -0.06257978077883361, 0.44738182992066816, 0.5129415579764087, -0.6516173034460319, 0.050765595470835076, 0.4118826727340027, -0.18064040635434306, -0.467349421391432, -0.33591683704141123, 0.46492025717466806, -0.2194586014781174, 0.6124957662771779, 0.9269133676581182, 3.299704367263658, 0.47591610847040977, 0.5362041348991268, 0.492297115389713, -3.1549568896679476, -1.248398933275357, -0.4762253921381451, -0.30766544386978073, 0.438758562397376, -0.2004743981553419, 0.5643435515824947, 1.0226580016849718, 3.5058949920495683, 0.47775148248869903, 0.5481662365665646, 0.47940863734232086, -3.2031856500797797, -1.2762892542705926, 0.401550030954498, 0.4586346611357042, 0.5171222260482334, -1.5395129023354033, 0.3985929381901512, 0.3848772276710703, 0.8860628198943965, -5.399926803763465, 1.1788894597856074, -1.179324448074137, -1.2538070844103104, -0.8646533329773182, 0.3694762835541659, 0.4478442227469528, -0.2631965804540464, 1.0802856112176493, 3.30911139824549, 0.4420532969987356, 0.44425646062850543, 1.0038886380157959, -0.08116689771225644, -5.113568117298415, 0.45759793483507977, 0.44986644570477824, 1.6271958906392296, -0.37610486654265834, -9.59111690052305, 0.09196963895536517, 0.35741684501676785, 2.4257105922487807, 18.781706651414858, 0.6724224675222179, 0.6964936407738395, -0.056589753485095824, 2.340326184555483, -22.430548737163345
0.5458218409355662, 0.45496350887542164, -0.05062354719047313, 0.04105529696524105, 0.19117984526724952, 0.12379589944561827, 0.2769262668678196, -0.2599515226385065, -0.3113165827857474, 0.08422929659275231, -0.243810473037476, -0.27188736162753513, 0.542858009765785, 0.3806551621157014, 0.0011576516239798652, 0.07792084420650826, 0.23561590145162897, 0.070280452530787, 0.3221505289456261, -0.1838037687005847, -0.24417068215470514, 0.09452420709213191, -0.183759454446723, -0.18880863139183954, -0.3167234877875531, -0.2549778532707174, -2.4036623850681247, -0.36051530864822035, -0.39716079973342805, -0.8576781659944411, -0.8276364367355717, -0.8943107138008606, -2.121837284830268, -2.905535180659382, -0.1886592825516485, -0.36849597599494277, -0.3830527139183435, -0.5956456423358146, -1.48796451151453, -1.5255822661197893, -3.2232021705468883, -1.2815171616658405, -2.062199738554861, -0.1757698637126379, -0.2048283270804707, -0.39472125412285136, -0.5715958115188279, -0.1565505091378227, 0.09235546679810676, 0.045111046655168505, 0.19484874106247677, -0.1702790938197933, -0.07600930052721626, 0.10349040323252945, -0.05601115849064599, -0.09519020652431515, -0.20191450391611, -0.6542662950249777, -0.6077428037834824, -0.6918389010986501, -0.6376842493105873, -0.4711149568546262, 0.02620872732164878, -0.42824415749716216, -0.4059810310850215, -0.5243251305442138, 2.400669519684691, 1.508182375643108, 2.260971043119998, 1.6523109811797478, 2.48950352849742, 2.0412057412769604, 2.017488143549136, 1.5394924978305102, 1.3801167760347748, 1.8470138584816147, 2.0091474807612597, 1.219056252603078, 1.7331627147934114, 1.5399212033027927, 2.488536589707352, 1.5406350319868667, 3.0041106928655945, 1.397216473569078, 2.546701369665586, 2.1741626524798967, 2.0622225995478627, 1.802510648872603, 2.1143743766791157, 1.6491605918460952, 1.8398931414349005, 1.1143637433177156, 1.4948111619808353, 1.3037640298007858, 1.7878375937003748, 1.741583145457485, 1.4776253764337859, 3.7598345424679884, 0.975881885080463, 1.1702731013930243, 1.058228069147935, 0.9527780969627411, 2.3370572864126764, 2.3480521831453545, 2.3896372318347217, 2.4639363253241924, 1.4721813898393228, 1.6254236792726307, 1.9415272248125435, 1.072685912630686, 1.074379754627328, 1.0156924265446883, -0.15132087989761941, 0.633432378476278, 0.4943164816404466, 0.5300743089267836, -0.25801343630519635, -7.0332309210586414, 1.0891295052044974, 1.5729430467531338, 1.4466497358895318, 1.0570791788400196, 1.4547709048572735, 0.7145918581855765, 0.3395519793584378, -2.5388671972775776, 3.532252163443024, 1.2482831236286802, 0.8782379827680109, 0.07568638656023757, -0.4193326364631734, 1.5987048237517132, 1.5032092330425157, 2.943199451158038, 2.421638444486215, -4.862150306965128, 3.345976858586399, 10.180493863098585, 2.1425778991178412, 2.2457481026430983, 2.1280730811734774, 2.448008051447388, 2.00278942465182, 2.8441109911038307, 3.1311084384727588, 2.994286113500689, 2.175512766930056, 2.94635692650351, 0.3801807679871958, 0.32433260079537324, -2.214935039781218, 0.3644748590313244, 0.412705981706035, -0.9634273629387968, -0.9819558387072348, -2.128697690909554, -0.8505210324451794, -0.8871995297040766, -1.2438653092390466, -0.7055293091774933, 0.4558540575410899, 0.38441823546880716, -2.2069656192546, 0.4413835784024852, 0.4804272634959286, -0.9451531120243581, -0.9098885097914662, -2.120336721225672, -0.8094212568474887, -0.9464169606954429, -1.1956908085971725, -0.7946929071089182, 1.3880698676515761, 1.5400065830509004, 3.135906168686697, 1.5170379328949404, 0.6301845993159885, 0.5980790115861518, 3.490372587005998, 1.4274946896192728, 0.6429543460252835, 3.9895885976379093, 4.115022224722629, 6.472325502670665, 0.1032230674254496, 0.13032440582162583, 5.788119301870134, 5.343013358613478, -0.05699175815536744, 0.771113876209542, 0.8333309308452163, 3.4620264968943832, 1.1979212759936453, 2.7978186099902516, -2.1811330419695034, -2.2115980495266907, -2.219054557369379, -0.40923671285845037, -13.77909585244296, -3.4902339206946693, -0.1932211976764899, -13.747113477710045, 4.654427060325013, -0.8262878803176056, -0.7342002007599682, 0.8804780647462331, -2.1527642535333653, -5.661605050718966
6, 0.11923394893062161
-3.859075129112357, 2.6670808841886067, 2.787123253816545, 3.7352202546086906, 0.82683027275454, 0.29739263012668643, 0.20244835895247268, 0.6738009581657833, -0.9038059412332335, 0.5540034975187484, -1.1783396848959309, -2.938592534379665, -3.857352343110702, 2.660718396073652, 2.7927436665967935, 3.743081466392081, 0.8422308333739575, 0.2992086039018631, 0.18757199578124215, 0.13890041763460076, -0.8115838926215359, 0.5117236111499545, -1.0229681579304968, -2.974901276554562, -1.3796006078641232, -1.4072266451886883, 6.452866306322109, 6.4689245481600235, 1.301017822382835, 2.436146552337629, 1.4008710948219547, 1.5169333986156741, -3.367492123313588, -4.024501114425506, 1.5808043292200709, -3.2772039523170102, -3.1660715140776134, -4.85174922935579, -1.2791700830471016, -1.3064802529968877, 4.960456351682958, 1.7113693799668346, 0.48547930752376195, -1.2372331389656155, -1.229888363903642, 5.064186668462815, 2.7695491921016138, 0.23988254619482563, -2.3722251831891152, -2.393252751668241, 5.815864288015271, 1.278751248216962, 6.043376288262402, -0.8355338754125371, 1.096752681381743, 1.0478273599402594, 0.054072618523853234, -2.365048704397073, -2.3583231297991176, 3.1481909247750464, 6.146698676964199, 5.678042745255387, -1.1079502693694043, 0.46652072966690505, 0.6393005526025607, 0.3967460298060892, -3.3487201609456614, 3.6289355510736856, 1.717603896375828, 0.2218024846394191, -0.2581141340486724, -1.1575315023540493, -0.1085952071401992, 1.5395118053274497, 0.24577980891071266, 0.6854928501442035, 2.031447816652467, -0.4320640006492597, -1.5261050029586591, 0.35332015304924147, -3.324878484612086, 3.517676075743752, 1.713952537349105, 0.17357195414299165, -0.25769322200040007, -1.1824000725899797, -0.11181599551617119, 1.626049946451437, 0.34875692071938574, 0.6552717458898086, 2.0510079089743827, -0.3224868489428933, -1.5470299461239323, -2.350855566686216, 0.49789631054326094, 0.5338833104304859, -2.1511701858136156, -1.5140216740591812, 0.4732244568310675, -1.9772314023785487, -2.46602811567435, -4.359218797375503, 0.5427544975355707, 0.5980614550540962, -2.123302516573571, -1.6806191255584844, 1.0307788913360627, -1.1422329662005, -1.9007717396461883, -4.120952666389926, 7.799806756733817, 7.748162486141559, -2.7486739162153286, 0.5999502430013873, 0.5088708548749412, -1.7697814004787413, -1.3872066518123136, 5.506054102088374, 4.335372648006328, 0.9029648420078085, 0.9434371318175255, -1.6176524094575782, -14.751001902618132, 0.6558633219060951, 0.598735338182688, 7.671403953583957, 0.610795858993811, 0.4220822528746351, 0.26061366433367755, -1.4177604552741092, 0.5380127867937435, -3.858707403727164, 0.5553268821602605, -0.190326485497396, -0.25726999799911887, 3.4982110759988734, -5.224450209815993, 2.7156682310354143, 0.9620178458374612, 0.8725934879646553, 5.29067669373428, 2.3942860883924775, 0.04998331871214133, 0.10379949991019186, -1.42923623972874, -1.524713102643466, 1.3941342407380464, -0.18427304275628603, 3.2250578995994004, 4.876139410729441, 0.2544457959505887, -0.8393642760379804, -2.2417841772131593, 3.6396053002583684, 1.5305336270219558, 1.6993097859528328, -0.72390466252549, -0.9477309703754873, -2.015801406219591, -0.6348142249533683, 3.4444870722261838, 5.953316168467238, 0.22961072028661106, -0.8168887959047114, -0.7354752312013344, 3.7224380390028364, 1.65758880268861, 1.7024756958553116, -0.6515340863574581, -1.033750788093502, -2.0233712089827223, -0.6657171424310053, 2.4370074842991585, 2.4683534941781677, 1.5689147428489476, -1.2913540630833575, 0.884792855850839, 0.8122839474033584, -2.104842053765008, -5.3102949948564335, 2.4144907921257, 7.863821492734021, 7.975950335087535, 10.034713796765582, 0.26685926270839583, 0.34633605602407563, -0.8920656238298056, -4.269288896501057, 4.211358294122607, 0.7850297121095833, 0.8448637377850343, -2.2812365245210433, -0.9210216973839542, -4.2483226143276624, 1.0900659176684362, 1.0695953189499106, -0.2775737860494649, -3.64058495022317, -3.4235550763141878, 1.3096158912874634, 1.5273402466763433, 10.960771205828745, 6.967521754446377, 1.3465862101873876, 1.3633979079437288, -2.307786240605017, -0.3442519210716912, -10.73379044923021
-5.967982158500485, -1.7689694756716312, -1.3795102859760278, -1.3667781773736327, -2.0519503870952924, -2.24968755799723, -4.215931384473058, 2.0397537778194423, -0.078541799698613, 0.04677289145191551, 1.8978450114400234, 2.1453345362277907, -5.966902636470448, -1.8195330659881574, -1.3327695122162575, -1.2980091497159298, -2.0408581820451444, -2.291406975514796, -4.190912046219893, 2.133405345554215, -0.028088476624802218, 0.03356538021027419, 2.1328788071007203, 2.189328028309558, 2.5981580842515477, 2.6633463941993454, 7.862852238029632, 7.537208768273561, 5.293736046075384, 3.0313757874525016, 4.853243126761663, 5.113187447772363, -2.8883338162009946, 12.167593249792793, 8.07177926445407, 12.15509675288606, 14.562584150392333, 14.289490658596078, 3.583196535344002, 3.489709125479973, 10.353589822854364, 2.241080999667991, 7.944379554724117, 3.7714293471232265, 3.6872454348082884, 9.46485493955048, 5.755910700741715, 4.023064129701608, 1.0717595775222921, 1.0702536887403382, 1.656757763133703, 2.802251483795018, 2.4335423507550034, -1.3705038913670322, 2.209077276203492, 2.4225215929853294, 3.5068407995819655, 0.8299388751181908, 0.8648386457177513, 3.4131720342599245, 0.5442518704675645, 0.20133237200544385, -1.1833454873804283, 0.21453062279851368, 0.23032115493953226, 0.6584298600807911, -0.8218155693621398, 0.06289740675949533, 0.06354196433277903, -0.40539566773869146, -1.6148164649577976, -0.41028419915282915, -0.3439364109858775, 0.9605208720453224, -0.23414119564379443, -0.29296125486596614, -0.5606929301280315, 0.7569090980625197, 0.31017035376551827, -0.14098288734874853, -0.8453408731004343, -0.0013056641778704332, 0.2703684419730013, -0.59998104213989, -1.640319254167266, -0.4128636621560022, -0.4153923767542622, 1.2048321607896522, 0.20071923427609184, -0.37896471960690264, -0.7059677167222245, 0.6342074282413881, 0.2634313670846875, -0.32433590315902366, -2.222878666349704, -2.2195345794747348, -3.9795734471185638, -2.2610133097727934, -2.2146930657979587, -2.1027371047001084, -2.039635021702288, -2.164054282748829, -0.7723595707441813, -0.7296279645220335, -2.530306956236194, 0.21379892856467314, -3.2973853429484237, -7.710749054876907, -1.9296472713344905, -6.923565712277877, -0.7260847198227198, -0.6112603738443056, -4.832025657828626, 1.2515804126334242, 1.1081295828870608, -4.142675795183021, -3.1472236622839294, -8.646749130958117, 2.8217984530823346, 3.3938974462908797, 3.2542014973524473, 2.8861021599875962, 5.248520978616765, -1.6054460690704766, -1.8357186691475098, -5.210170915502306, 0.759897649012908, -0.13525157156992063, -0.3649433510387751, -2.1062692734780684, -3.1704522330325164, 6.739787880824084, -0.5288456803220936, 1.2266298871049754, 0.8889469692976241, -6.876380349568154, 7.3626256079061525, 4.209259421057638, 0.6681688605487942, 0.7207380357620953, 2.627452427625231, -0.2527712652250363, 0.41539182269091657, 0.6412750835987922, 1.2215036919853761, 1.4705227760011024, 6.397483699387592, 0.8480391653512157, -0.5334614290486174, -0.4606700657465718, 2.688749220418685, -0.5137331260161656, -0.5762374201801301, 0.6637209196973556, 0.6219079879331565, 2.573452201679055, 1.1489302853357821, 0.7683955838794543, 1.159653851792335, 1.3208303436184106, -0.5675264105533876, -0.47970039417539223, 2.7266318910003027, -0.5498641272439775, -0.5978413997618169, 0.675200668262619, 0.6858565780184345, 2.57736325017291, 1.1259192037286896, 0.768835913239777, 1.1787306442110055, 1.233449754586063, -0.5557955497144214, -0.7971968335509774, -2.7708572061576833, 2.149683299882486, -1.1472847812894968, -1.1336372754900224, -4.672599868046783, -0.688878314664706, -3.250600945983678, -6.547615293456661, -6.658703418987835, -10.174359517647803, -1.7083861628855188, -1.654232569139082, -9.179758508521584, -8.487476273341438, -3.577899590173142, -0.928515649460966, -0.9537311331973052, -4.231584560228949, -4.858442892483553, 1.401912667267614, -1.4463758456774747, -1.4692706981351065, -5.277384258206004, -1.0830907755965473, -6.937989912858616, -1.9071444611640092, 0.040618875603659885, -11.092521533057868, 2.1571022171274032, 0.04125128410700235, 0.13949214478641378, 2.3032584670202727, -2.7558945779706736, -2.16143865220098
6, 0.10496209761481165
0.019492178823055713, -6.5037475237028, 6.040854415948671, 5.725964442535257, 0.741177288489273, 0.36391000281005975, -0.2528510805931005, 10.350293800947812, -0.6732007313433442, -0.4716308799273544, -4.55802246315147, 0.6610458030339781, -0.25353530394324414, 6.788561770591773, -6.061696437521002, -5.400796175647177, -0.7124558924795436, -0.5201866465016239, 0.5697344233313664, -8.088552124168979, 0.5862478010061349, 0.4444997653417623, 4.225155846411336, -1.1328023133341762, 5.486195060423692, -5.315332475092384, -0.03487267208844121, 0.1822931662103263, -0.16326859951746528, 0.014446318238372988, 4.996820965545018, -4.7060292094905485, -0.026438982381546586, -0.23917975771709968, 0.15222426091207975, 11.013454556740522, -10.460615778698966, -0.3139692125626538, -5.712465270696992, 5.698904903113998, 0.0035549823430081656, 0.14364912712120784, -0.11615740426933746, -5.627600423128749, 5.6502938979516, 0.08490404366514595, 0.16587034419996066, -0.047591800082166034, -0.8060285858008264, 0.6900800992002014, 0.2249536115337489, -0.27903734093935156, 0.12770190287275332, 0.022073521118314874, 0.45858216534999474, -0.459908808997625, -0.14876039220639992, -0.5390273121805816, 0.36435222899694725, -0.025031379963739078, 0.08039827031023992, 0.3241097142423429, 0.007022033124919277, 0.3919645642431925, -0.23900462255614752, -0.10509395843915355, 3.3822814176839158, -3.829979173579316, 0.512387594370438, 0.1484553625609941, -0.4500594510939955, -0.5147765387674316, -0.6428091827354305, 4.629311420636234, 0.08191924474160271, 0.13082113676828078, -0.2982247682446778, -1.6502498956070581, 3.3227251484542633, -0.5512098491820577, -3.5686573297875155, 4.045923200744608, -0.30733397069574686, -0.290883461550258, 0.7334496852610444, 1.0322011003253997, 0.6066753307714592, -4.335705429773598, -0.04417109852653252, -0.18069813415621225, 0.5133779381777116, 1.4842094780246238, -3.6546796839612012, 0.8504333020447843, 1.8492459252511804, -1.5421908294211257, 0.571762795291755, -0.053089204513992856, -0.045209801174638076, 7.0596949000089175, -8.372075019904804, -0.254281511492862, 1.5919655149755, -1.225167087395795, -0.29669819514910756, -0.1422380854707421, 0.05735857141504813, 4.614870191889686, -6.589496928843276, -0.30561942084270105, -23.143062489761796, 24.045830099590354, -0.005977645766419394, -0.7433416419026575, 1.102987578330098, 0.49801227407453036, -0.198793387887542, 0.0895902907397395, 0.04980174252529472, -3.0375165402758335, 3.042072050525996, -0.14158519285755514, -0.44393383731598907, -8.287498351444409, 8.304949564252336, 0.025402835399640427, -0.05117984623925734, 1.1714488585333052, -0.9347259194351242, 0.4072877901084154, 0.04889196192789457, -0.12619523431094873, -0.06794017241500191, 2.2074638736891314, -2.400684982586513, -0.13764625904358302, -0.2987545848874913, 0.06378840594800289, -5.727253846004094, 5.763242023063201, 0.10324041935113255, 0.1569249263969582, 0.9205654247238556, -0.6551061105678021, 0.06427823759624914, -0.14847648746583486, 0.17234171335072931, -0.09152676981235325, 11.213062888005721, -2.0571411369720196, -0.64058831080221, -0.08929454027390954, -0.5844494568384437, 2.2145989678581333, -0.9690465708850415, 0.11443738906943153, -2.662376283984891, 2.5686595551508864, -0.3787891896238119, -0.2549503014588483, -11.368182737601874, 3.608769933400712, 0.95063171774598, 0.3251041278660702, 0.7271895549430111, -1.648769194880738, 0.9159460661834382, 0.05784224571190063, 2.5320515076604737, -2.7516970083962695, 0.034225251842530564, 0.07142647315171216, 8.023139445504736, -7.153644346515566, 0.3566695324189959, -0.055527603046615845, 2.4070432773422485, -2.39686945816206, -0.07503471722945439, -0.3129387961981745, -0.05981427058024798, -23.337671520053018, 24.642748636067424, 0.80493978161092, -0.27988588435893547, 0.60502028691233, 0.08415927303423185, -0.7872236328368788, 0.02600589903496136, -2.348502892060105, 2.3482509559942355, -0.0959657654570477, -0.1877133009372882, -0.14159256244680532, 0.22159125323250517, -0.2031832215527601, -0.12248775146274539, -0.19671895210202556, -0.04929337897172382, 2.943097085062995, -2.519378239625519, 0.29301801125216914, 0.17070551930416658, -0.0975141929035885, 0.15148722280225518, -0.013882443876519126, -0.18506964449738939, -0.29894064184152813
0.27353442562544417, -5.91542347889739, 5.790312618679796, 5.6842641499440525, 0.6777335829247115, 0.40372022252463513, 5.410905064819393, 10.077723907550698, 5.773263042056456, 4.125194821077447, 9.673693499179889, 10.367142462316206, -0.16013818923871412, 6.09685279085532, -5.71526127768923, -5.683031568873147, -0.7182332305031155, -0.3551017550690447, -5.24166507817938, -10.017151568370798, -5.6738082190357915, -4.113854526433886, -10.014018176110756, -10.162063383920898, 6.649662552232577, -6.622389550288517, -0.07540323853877, -0.12493600601326912, -0.06683954351353778, -0.03322336362088673, 5.5524274000833955, -5.6526926709308585, 0.08686165290176365, -0.13010648609243378, -0.26307895487662564, 4.58462039470844, -5.6089307252173235, -0.41525104907548105, -6.093727343743084, 6.109674422957233, -0.08589701525415325, 0.005367784674742512, -0.08782693828255657, -5.7184257220790204, 5.497629509226051, -0.23703582356889977, -0.1378410851414431, -0.13067334620054044, -0.7753671594577405, 0.5906594573730587, -0.11846852920074966, -0.05779257936018482, -0.08866321300666648, 0.032089489783238424, -0.6451518584776339, 0.4778342165589331, -0.07256585321498654, -0.3893481274901246, 0.34921334881802024, -0.0889023268728076, -0.008002092527619648, 0.017271115754797443, 0.029573098917393507, -0.21155109393306562, 0.20690046820088134, 0.00520434952827117, -0.48348061076095644, -1.9650858526777695, -0.45154246080542376, -0.4650052482704421, -0.9622288590556454, -1.3293327671216326, -1.1717817986186008, 3.1655351396934543, -0.23100398083421975, -0.2886872532374796, -0.9547292975306975, -3.171279342458225, 1.5274545362100533, -1.0646953945329838, 0.39425160478845594, 1.910334540180254, 0.35967746064890554, 0.42160225496897114, 0.9130882696909333, 1.273259052709845, 1.0566024363707518, -3.2714656016970136, 0.1999529259649106, 0.21317865205752085, 0.8365802335797582, 3.057908260179073, -1.5985672382349247, 0.9699515424773829, 0.5675794502803441, -0.5847008109401558, -0.02063202702680768, -0.07000247021591083, 0.021251153361933138, 0.30323588325745, -0.2183154811241899, 0.018296087864795054, 0.45219360979277995, -0.5134522863217594, 0.09498287048794467, -0.07753456702726767, 0.06783749701427694, 1.430075701511242, -0.8821109787028028, 0.4665626871957564, -5.139993159283105, 5.9215261886536075, 0.0597849314909823, -3.2527576057357033, 3.155081301625253, -0.03535442054696734, 0.1814488206609033, 0.26674882756517326, -0.07005113014085339, -2.054881048487532, 1.8613378129605254, -0.018526304297728682, -0.15027296968717815, 0.1897288259269249, -0.1388739041306371, 0.16664042742430968, -0.14584835591304954, -0.35323799476794576, 0.3213472927302938, 0.041470028609666185, 0.07114381561062813, -0.16400220823746692, -0.024302009415524357, 0.29270508194962624, -0.43758128055149337, 0.22603670179492127, -0.20110406283461746, -0.021646186185891415, 0.07408990553027538, -0.237935474784499, -0.11595711865625893, -0.06979663467418737, -0.33883377585425195, 0.25569196637444697, -0.1205364441344386, -0.1218938460609373, -0.36662871205770053, -0.1170750475204387, -3.522507711903632, -3.2790439058008465, -0.6389452202754843, -3.490537766315766, -3.683139718270756, 2.2581777134214445, -1.3540348671604843, -0.004709963415408234, -2.3175526957560426, 2.191419156254434, -0.24141199550009765, -0.01053401317779458, 3.5559949048760715, 3.2716244775174923, 0.562494598431489, 3.5299388160149916, 3.679320573043141, -2.2170652565585574, 1.3033661852534026, -0.03158773914830909, 2.304736841359826, -2.184332508140715, 0.2342286923782014, -0.016241444669192532, 1.9407609478587877, -1.978180258008544, 0.01248978396682033, -0.12831263837023882, 2.4179572667894385, -2.35718009140012, 0.07207796976138567, -0.017361262364044557, 0.09978065094884825, -1.5970613037094374, 1.7658669748572502, 0.2596840091704307, -2.4972842661426458, 2.6179405587135705, 0.26488069706738193, 0.28142160326747623, 0.11653184286438761, -2.4605538031848786, 2.502028887594619, 0.051305251827272254, 0.12548095608241297, -0.08635947967467102, 0.2765809405222274, -0.1859175580588956, 0.17110776841733172, 0.004974836781689306, 0.07896637561244699, 0.40092949542777623, -0.20056321708507205, 0.25835326445625023, -0.02286205408329347, 0.049903169425627274, -0.06519488060550337, -0.1096416999817824, 0.09181862853907755, 0.014047268838343252
7, 0.816621704084036
1.7720616453316413, 2.5775858768052826, 2.7732659820504315, 2.822681352788069, 2.734544831083769, 2.6087513478584654, 0.24486619865627862, 0.3859328347729477, 0.2797715584530603, 0.33820367140055235, 0.2584891969862477, 0.16183131150340477, 1.7727643573673146, 2.5788085302608397, 2.752185046512956, 2.837227879457656, 2.7373380417957134, 2.610853033200024, 0.2436393191251264, 0.3718563799474161, 0.2784802603548738, 0.333658459595441, 0.2578242937044208, 0.1703777972296902, 2.5324969743648666, 2.5337545871410474, 1.913577868305467, 1.948722766396047, 2.7355141955474513, 2.4295219339785823, 0.4787690101284758, 0.48153626717411413, 0.4334896632988956, 0.30891468851540443, 0.3440550113002208, 0.5664952427284632, 0.5102590343294043, 0.17704306414678292, 2.6495029841536795, 2.6571439013943063, 1.7710727270954791, 1.9305493287289532, 2.9029697570442297, 2.665245226059036, 2.6547809422585136, 1.7753587996352145, 3.0301166120284226, 1.8362463035874705, 2.7143351489388103, 2.7103138315402, 2.6810704495670987, 4.058453665087544, 2.6094681339967765, 1.7603544781626894, 0.5019703042895498, 0.5038327975047714, 0.3102151406221117, 2.754142054056382, 2.751124843635272, 2.7359345558821033, 2.6094096296921365, 4.514638775924295, 1.9565916947928228, 0.46193451641516053, 0.46237819090388654, 0.26122278459586223, 2.040531595055217, 1.7385303993967496, 2.0955938469507815, 1.9316525597514005, 0.256064619976175, 0.265374205440887, 0.294205748120844, 0.3719927984313863, 0.3799065852374923, 0.47088081375598945, 0.1852212430891321, 0.20498220020713695, 0.28688717299401284, 0.1869289274062831, 2.0413826151622323, 1.7328013544776664, 2.0749977591017568, 1.949555791005944, 0.2538764612518944, 0.26723503051543235, 0.28364843787515215, 0.3749432064886088, 0.37893065465621, 0.46812682659897875, 0.18858328030152766, 0.21017984871410805, 0.2896685881299232, 0.19391426626274402, 0.31567823798169276, 0.31633297884813605, 0.4359915424647174, 0.3973108649882319, 0.29998794160238057, 0.38447029288540074, 0.42058405448194186, 0.17938658785540298, 0.3084445966626721, 0.31794051994503103, 0.41433303585928233, 0.2570083681303886, 0.47097067692492584, 0.2772994899465556, 0.3382546521397453, 0.17516973215838252, 4.8938041074209035, 4.879152860779498, 1.6388121970708212, 0.401780584385227, 0.402708193001708, 0.1923680896458897, 0.2035546327438434, 0.47637560453423433, 0.7046811649001321, 0.2868345389850101, 0.28730658985689783, 0.20148045855087485, 0.19042081584051324, 3.42813499537753, 3.437791164682611, 1.8226816733263045, 1.900193668708185, 0.3644787288770647, 0.36677298362456245, 0.23932180938048894, 0.3277156644309672, 0.37360085468427157, 0.3527967302453311, 0.3640540440032641, 0.36350534648805166, 0.2931998527013986, 0.32607158836003647, 0.21272758555648014, 3.3329744416000784, 3.3533205033150453, 1.803255789671928, 2.023855553301038, 0.36046403558997625, 0.36230465337241236, 0.3042108096895166, 0.2363765298917091, 0.3105571104173964, 0.285166005314689, 2.6190949894216424, 1.571912205671355, 0.2357723358944956, 0.1862826108431867, 0.15803190723897584, 0.43290932932570253, 0.24511659069555772, 0.16489985025318557, 0.24588903325109018, 0.25288961634583335, 0.2528449117065939, 0.27246339602119285, 2.741721970944388, 1.4484614577475055, 0.23796305750940638, 0.18904752764745136, 0.1937485801886853, 0.434932213210845, 0.24794386008835462, 0.16493879329944264, 0.24617405566584744, 0.25247063219978116, 0.25180620647476837, 0.27263091269431283, 0.4282700583007497, 0.4128602889681266, 0.33693011331202793, 0.19104835203123613, 0.24919989786111263, 0.24911779281840285, 0.18652935449341349, 0.23764044744534463, 0.2811177468477945, 4.936329860562819, 4.968867308739104, 1.8307465648252597, 0.40801664661124715, 0.408176267671665, 0.18570394162044462, 0.23338409987255995, 0.34084006796454314, 0.24251518795441254, 0.24253545842238244, 0.17621950587359642, 0.266006492750628, 0.27120079555696736, 0.2552529824578292, 0.2556598876838995, 0.28104475565170794, 0.2088807795668072, 0.20855699292252225, 0.6311335227456852, 0.6277622108870087, 0.6860931989173301, 0.2252532631127157, 0.2540171945641093, 0.2538566511882288, 0.2634163955621424, 0.2696269709067432, 0.18541659535377833
17.377527756574683, 17.14017482612321, 18.342445301704124, 18.338083554331714, 17.75085732367231, 17.773394029625376, 17.07842656486598, 15.471368967072104, 17.077860980914437, 17.12423308507303, 15.01038495540332, 15.689503157664946, 17.373607802789337, 17.14515236972957, 18.347027226036726, 18.339080033120158, 17.72938180579879, 17.766896532620102, 17.069685200962006, 15.470747252456732, 17.060800763716486, 17.15320075410495, 15.44988188677547, 15.535731056192859, 17.62427222068815, 17.60376449874922, 16.189210850394513, 16.16959330205744, 17.430589532542374, 17.340930265837933, 15.29003354272258, 15.342055790771465, 12.578493651398464, 15.534351004559175, 15.668994806570977, 15.888919703965273, 17.236844517266086, 14.45398897253789, 17.596350262336482, 17.617353223926848, 16.22655832921212, 13.751792310619129, 18.788368472610255, 18.61797486381132, 18.638267614500858, 17.37424775046526, 18.652615848547857, 16.27720442442573, 17.917686600219533, 17.927757411740988, 17.528307222575986, 15.970107991682816, 18.34369188356433, 14.567081549879035, 16.440389573886545, 16.491979216556306, 16.037131870285737, 18.258522099836426, 18.258877589375906, 18.16696452273585, 12.783203392591252, 11.182609283191328, 10.878086513825139, 11.399900405907406, 11.379861992561342, 11.121111775387503, 2.0908543346218265, 1.9304940104278228, 2.3746673006583836, 1.914019918250534, 2.651263753621646, 2.252571992006448, 2.208419610498583, 3.4393373230821767, 2.981909508313083, 2.886250946838031, 2.0898195920497082, 1.9202882091907865, 2.8060510124716034, 1.7747203133545935, 2.1133850019452263, 1.9544128348109024, 2.4102411295556876, 1.9383152514922688, 2.6839554706331694, 2.2791916869120077, 2.2491243842430126, 3.4940576110370722, 2.9825989323557502, 2.875892798037591, 2.090100942820514, 1.9125012914259187, 2.805668358707645, 1.7657517845359356, 1.714542170649026, 1.7094056693278263, 1.6076782278453152, 1.9211245760537792, 1.6094263077486872, 1.5262805788502416, 1.4420494530193289, 1.4762529016415709, 1.9323594064991463, 1.928175100992315, 1.8179236580126443, 1.9506532193134822, 1.827022550005496, 2.4183888864622918, 1.506968172080498, 1.9584248044355343, 2.7494838250639284, 2.765825088764224, 3.035295851672774, 2.5942706191103126, 2.584342015666515, 3.258547186603127, 3.222480782783762, 2.545243911971273, 2.6655900299023667, 2.468328822438951, 2.449699666552448, 2.474453227744938, 2.053444461919206, 2.1629167069196145, 2.164325252790582, 1.8672216730873294, 2.336618485612142, 2.6532484132099343, 2.6523940857928974, 2.3697636954550325, 2.2143764797544425, 3.3329177763892144, 2.69047115613538, 2.296247227593511, 2.266115315219117, 1.6875359041774678, 3.1799157530057633, 1.7142476158779076, 2.1369495812813373, 2.1393466802601084, 1.9683207366579594, 2.0498195250128126, 3.609046694896388, 3.6156910603038033, 2.967243639724717, 3.170881498829204, 4.800908839540116, 3.7554122716514375, 1.7119947321159308, 1.5600303649892786, 1.859510523356186, 1.7645053736485443, 1.856813689630316, 1.8877853198969792, 1.8083671763136315, 1.8971994788420061, 2.0013405509039255, 1.9756771763391514, 1.9689825258308407, 1.9869606743040908, 1.7000240339100376, 1.5362601318005003, 1.8395684569523123, 1.7543226707500548, 1.8328209358448777, 1.8667291083950939, 1.8069876039776622, 1.8967192205512295, 1.9995730783706578, 1.9744521831811495, 1.9683650188545554, 1.9860004791249832, 1.7863801832300463, 1.8175198059382138, 1.8178598705745024, 1.6416843234164222, 1.9827732321414493, 1.981753652541495, 1.9060807555855144, 2.0090356883943086, 1.9812912396140725, 1.721606867058743, 1.689810427387872, 1.6258780031557598, 1.904685733272585, 1.8993553488811619, 1.7937190164623762, 1.756385988091176, 1.8152511031682883, 2.054729371399384, 2.054601511919664, 1.983575737791069, 1.9040135402858358, 2.1392012861034866, 1.9283981348746155, 1.9287282314691507, 1.9692940098729823, 1.8345359291209682, 1.726564161895031, 1.647921954413712, 1.6409002709770262, 1.622445047377961, 1.736904819491683, 2.0915498302107336, 2.091610212844904, 2.1217814275991658, 2.0665076102074225, 1.8614062129039917
7, 0.5820161914912957
-0.268151807963201, -0.35813644477271583, -0.42894174677285596, -0.4363051540927389, -0.41549076178034194, -0.39697200169244634, 0.27483429720166874, 0.2847141586242409, 0.47044686852979983, 0.304514524063838, 2.5674297408924427, 1.6489140085494438, -0.26823780921099216, -0.35832195633842395, -0.4256452132834811, -0.4385972954510935, -0.41604317953449116, -0.3972714639040327, 0.2724431206836985, 0.28415514180182305, 0.47200789365281964, 0.30018387579959616, 2.561973486776851, 1.7368012349316344, -0.3621588504611055, -0.3624922976999361, -0.28718986546087966, -0.2929003905723741, -0.4057083809436457, -0.36983692742798596, 0.7145292862519386, 0.7201535393662236, 0.2874501126486511, 0.7627607809456104, 0.30502370804099666, 5.623197038560052, 5.063014550194622, 1.8142242206836015, -0.4014753239513458, -0.402680552724622, -0.21648770598305941, -0.29377186566707253, -0.4328215139660278, -0.40399546491642513, -0.4023522359360314, -0.20964227499579743, -0.4582100519758691, -0.2754406544198001, -0.40619927230111996, -0.4054680042520689, -0.36655031575522445, -0.6303896753309124, -0.3976186089582416, -0.27259913803415026, 0.3745495321007426, 0.3768968979736298, 0.3276619371089643, -0.4120543190584863, -0.4115310287997047, -0.35839048981339944, -0.40099150401666495, -0.7044505676585149, -0.30336599838113715, 0.5473151159072374, 0.5488512989482686, 0.32725225566411237, -0.3109570013300302, -0.21534585167515588, -0.3170013808809149, -0.2895349852530953, 0.2283756016180967, 0.4067220580611598, 0.31603903410134876, 0.530265399048659, 0.4529147726124547, 0.3113129155293135, 1.9147529005450448, 2.0633766639056663, 2.972689479920302, 1.811491432210856, -0.3110126876563665, -0.21366657892701357, -0.3139979203777092, -0.29245108016241145, 0.22704026267391086, 0.4099375841159457, 0.3039759142374984, 0.5340613639485767, 0.45286568308746195, 0.31020931016636494, 1.9485011700288286, 2.11523304628097, 3.0002411959138504, 1.8604091626122705, 0.4212621242795224, 0.4229696947399219, 0.32321030313598664, 0.6477664997114871, 0.2876386687679709, 3.81780538812197, 4.174092847369199, 1.8378131090139702, 0.35641202588920534, 0.3637085544355984, 0.2372870860197354, 0.5189217016404877, 0.4263491520672195, 2.75525145202153, 3.357515025318328, 1.7901119573399968, -0.7130172268422772, -0.7109170503716976, -0.1227685237961213, 0.3500874655425785, 0.347318775447749, 0.27578499963648045, 0.2306658644978735, 0.38928458904590796, 0.2725799714133791, 2.9819350770357254, 2.9865118121562775, 2.0294274192772255, 1.9246547454834781, -0.5181990683123913, -0.5198803594390715, -0.2715533454626196, -0.28322777319265796, 0.42317566780609295, 0.4268860188240325, 0.3565607237632013, 0.3245724972044327, 0.7638131745218165, 0.2566262640560219, 3.713911392383804, 3.7103614796508118, 2.948714076704103, 3.3876640965565823, 1.9515510152869402, -0.5078612587585785, -0.5114514456343321, -0.26620683673722917, -0.3060204230210799, 0.30079398959760856, 0.3025314640641102, 0.4901077783276967, 0.3049499643309621, 0.27027480403594617, 0.39648085865433447, -0.3827906746874579, -0.23031831597873537, 0.2546942915516739, 0.2949380877199311, 0.15097386985742253, 0.41697343171565016, 0.5588234584520344, 1.66109121064185, 2.4582358042870998, 2.4008035859613095, 2.7093519448495607, 2.699288616657236, -0.4006262926750039, -0.17366249158595917, 0.25785563696324826, 0.298408891661902, 0.21452565264498494, 0.4205458598148788, 0.5625274020600636, 1.661706403614362, 2.460069837937654, 2.3954151609680885, 2.6981861946278043, 2.70218950232489, 0.5810886898812918, 0.5601613435253954, 0.2864057446386492, 0.3095480037991907, 2.4153843777057453, 2.414711915174762, 1.736459318955539, 2.575813906178445, 2.701543148250235, -0.7192178720816281, -0.723881535919976, -0.25202219674019805, 0.34830201737316885, 0.34895141175124095, 0.2956420584385639, 0.20882000914774662, 0.3343652493286026, 2.4662653592857477, 2.4683839497314235, 1.7298682367261444, 2.823030945906205, 2.7346980503011706, 2.625399051474946, 2.6295900755849195, 2.8335670692197588, 2.1444664848961543, 1.9009165798532432, 0.7810871036986469, 0.7774580188534804, 0.6486639795321483, 0.9800687249448898, 2.4788246559201284, 2.475952013861079, 2.5369303244365806, 2.489407656130244, 1.9844025035714126
-2.2815421597002556, -2.0117746753504524, -2.418455702860528, -2.418848817520595, -2.2942098488366134, -2.265998670468286, -2.261997103935833, -1.979141918933461, -2.2480262407369396, -2.2722395804453654, -1.9205080714129072, -2.0067842962432296, -2.2812966979129357, -2.014173417023882, -2.419330622346774, -2.41852667606554, -2.2889047542530823, -2.2641375584760675, -2.261197131031218, -1.9788664629906394, -2.2463582583597934, -2.277775775823449, -1.976196757999838, -1.9870346912494399, -2.145126913630416, -2.142083099329342, -1.8610384254110728, -1.7787331817981558, -2.114458617769383, -2.058660743237161, -1.735358291128715, -1.7627744384044062, -0.9555947632108786, -2.017744086662958, -2.049377710994797, -2.0549355602779515, -2.2428889421750973, -1.834558188810961, -2.395021173258475, -2.3978417776428387, -2.1671677682761783, -1.8678374287490263, -2.573458323702553, -2.5227110455838937, -2.5258308996629144, -2.308558932865545, -2.5228940679196077, -2.210062626990632, -2.3822337259325628, -2.3845364579849178, -2.305787337750083, -2.11326723406924, -2.419470891080364, -1.9576091681331045, -2.17073073587284, -2.1752706868328247, -2.112429086782752, -2.4220336684339427, -2.422736298925188, -2.4164933810251386, -1.667922982155734, -1.472090594873946, -1.466513921597552, -1.490753425574249, -1.4890385966271051, -1.4547792439007179, 2.144456979055281, 2.4956773578205134, 1.5629968430244725, 1.900015167876553, 2.1494269654324767, 2.7414092002207475, 2.3257471408169454, 2.3326061633541197, 3.038809387038719, 1.9482425659796514, 2.0775971703126803, 2.4093209786715257, 1.777456296998744, 1.8672890380870184, 2.164276967802004, 2.5331038202281593, 1.5826055764702407, 1.9229832939326117, 2.1639147296299646, 2.774732892084548, 2.341241289045811, 2.3120130064060196, 3.0283540334456474, 1.943753726693878, 2.0656198110558996, 2.4148550748282682, 1.7701529550927801, 1.8544120158410806, 2.269968135564019, 2.260083051893233, 2.073063568661724, 2.4438173517370907, 2.1816537068619923, 2.0573909370277685, 1.9470547988662443, 2.0011263176084495, 1.7833282662761634, 1.776223706727798, 1.778586083928843, 1.5950505700382729, 2.161696345115692, 2.1548415279660986, 1.5304454345766378, 1.7023103337627752, 2.365080924169233, 2.403424054399667, 2.216647145281916, 3.835042889810336, 3.863656788301396, 2.9105686606790617, 1.923122200865821, 6.070380252380693, 2.081574493053647, 2.126158504352678, 2.127989735337222, 1.9312122392207822, 1.803711964233107, 2.939288614056598, 2.927321576544601, 3.6013502084696114, 2.2191043821876995, 2.754742069082952, 2.7583631894149536, 3.187692770354193, 3.5811724327178633, 2.2082831307444866, 3.0197141339518243, 3.685790695322507, 3.669784973979479, 3.157567518690448, 2.223856491899636, 6.040097470519327, 1.5301705505000813, 1.5290837846182872, 1.4354189127000456, 1.738310567495134, 1.9694118672253214, 1.972927077137915, 2.2931764457466945, 2.2327453399784627, 1.3970268931288548, 2.0805380265048803, 14.788785915567203, 13.48131082064953, 16.813940427935233, 15.244723813807202, 16.036854651948524, 17.192663819254772, 16.026688816411514, 16.76198165088331, 16.962448775776423, 17.475059287441013, 17.663105764085266, 16.659413754884298, 14.701775877838244, 13.29166713672943, 16.64951419212092, 15.173439951563322, 15.848533268626918, 16.998906862550417, 16.0281109959414, 16.765097658916908, 16.96296606425156, 17.495881499765865, 17.662986221359436, 16.663734344719565, 15.753460318248397, 16.0294354771935, 16.067657482225727, 14.358542535489354, 17.492728183706248, 17.475707153359373, 16.59229821239132, 17.72069025070545, 17.149644781055798, 15.665240258873538, 15.362946423552374, 14.88022479659091, 17.171525364870107, 17.103735821391652, 16.38207717606617, 16.01159120608456, 16.388800046687077, 16.82572836547513, 16.847020776137974, 16.389925721058688, 17.233587599842856, 15.944456100097218, 18.118595697499334, 18.119171050879718, 18.77329977217941, 17.059828213698456, 16.372884405940127, 14.125896048926935, 14.069527784436845, 14.721063606461927, 14.399184774765608, 18.008632020684313, 18.00271735505483, 17.64353223095501, 18.274610250405953, 15.587696360759647
7, 0.1851213532362145
-0.7248571434930194, -0.15918681425410403, -0.9106006684259165, -0.8160473703887031, -0.9190427446944994, -1.0929429877963874, 2.8591906377153817, 3.3122389256887628, 3.011097701921704, 4.202082139686645, -1.7632748077724558, -1.3793992877772983, -0.7249017965420358, -0.15623927014143843, -0.9035654347074666, -0.8234433616847698, -0.9225455396491486, -1.0911151786745, 2.8454263976872745, 3.439097077917109, 2.991054811919337, 4.145030764074308, -1.7589659058951947, -1.447792095252941, -0.5868510953149529, -0.5930252657143362, -0.11326295949344924, -0.09613331328292184, -0.6750175917373494, -0.9920442973601633, 5.277680417555956, 5.30532735617593, 5.072580905577068, 2.872397086248345, 4.787874457767868, -3.9510835188496833, -3.547832579553878, -1.6515552106103408, -0.9226632867739816, -0.9250112392687752, 0.749452089684562, -0.8726791344611645, -1.0020694150098362, -0.9139669212834164, -0.9068609262216498, 0.8894669800537329, -0.892014539848934, -0.8937201220190497, -0.8834522637770962, -0.8812418793228016, 0.1600283328828932, -1.7966894556250919, -0.4540280583325316, -1.4538265039821054, 6.1079197681686015, 6.132734264899186, 4.029574149571001, -0.9741792478529504, -0.9745062758585386, 0.04854763040073046, -0.6229559942344651, -1.6908597506707341, -1.623025844974725, 5.297667674917525, 5.305875683046846, 3.3787880965347363, -0.8010577005205848, 0.9701386505627579, -0.643423045626224, -0.75367535093916, 2.2941571194643386, 4.129073253543938, 4.919058105738695, 3.336365901725322, 3.3729702098182552, 4.457374017497378, -1.4737419642628626, -1.1486093942933318, -2.0613756346472143, 5.700684039162235, -0.7999885663098981, 0.964471664463668, -0.6487802594971107, -0.7726623312701623, 2.2806760270326167, 4.157588609704215, 4.750465400193919, 3.356244510385991, 3.367916726349027, 4.439218811952841, -1.4957829026316383, -1.154178593077729, -2.0782323173573305, 5.672875125405182, 3.559773401998247, 3.5660440306025163, 4.552500999272493, 4.4409017959351, 3.854941247600985, -2.660839893468657, -2.9128463494451156, -1.637049738821343, 3.636747561187902, 3.7545080765992025, 4.637071218619278, 2.6340834524239685, 6.1120414802413325, -1.8953507715759, -2.336061844379109, -1.5723883796557636, -0.6092035644899698, -0.6006890106349646, 5.13122797193711, 3.2164488408412453, 3.21300249569199, 3.4016685240379125, 3.720801502308765, 4.308072004688145, 4.475766105761117, -1.9683472529678714, -1.971894136585119, -1.204566469038276, 5.307374962584656, -1.1491689463327805, -1.1567069521880542, -0.2835067439615193, -0.8172273113461231, 3.113359034612662, 3.1170071511065855, 4.305121988606995, 5.196891052531117, 3.3440436399871816, 3.3924465423923493, -1.5803588048779682, -1.5759825692505283, 0.134451765750263, -1.6585941705610863, 14.190757590908104, -1.125666186989721, -1.1461964364393273, -0.27260502557386523, -0.751809420042998, 3.205670054185262, 3.225508912081859, 4.329728259492749, 4.452106763634216, 3.3607639899856836, 2.57265526546459, -0.39716930167090064, -0.19599324418379058, 2.5991403756755176, 2.7512804461704135, 3.6160882422392233, 4.764101262128057, 3.835334361729726, -1.1300110950867324, -1.3397001533800559, -1.2424344613016218, -0.6208429603174943, 0.1534292011202171, -0.4146587974308593, 0.5512174872546034, 2.629260761621093, 2.7954984714961073, 3.642829796419012, 4.799149541388696, 3.9351041121463033, -1.1320905526872325, -1.3413107858929398, -1.2391969807858105, -0.5879896243385536, 0.1408661266572176, 5.010114664952847, 4.82167205484545, 3.6956724384878332, 2.072303954507331, -1.2905932554235755, -1.288738830015113, -1.1284137723151613, -0.0882840261765541, 0.6160163527725804, -0.6147957200086523, -0.6049088609745733, 0.303347327672755, 3.8184799050513814, 3.816601261940437, 2.728183500936288, 5.776760490359124, 4.650497284146815, -1.4583801891702193, -1.4597153174696336, -1.051523225887222, -1.5146273297786657, 0.3463438037624114, -1.6650655911146006, -1.6717268860121661, -1.587538370677429, -1.2849852719032502, 8.88405057885175, 7.38846693788757, 7.351022440498233, 8.216019186239132, 11.26192841282629, -1.3028541409112857, -1.2844682588631953, -1.1240076583668166, -1.0239214084508668, 7.648414706412083
-1.611547264593316, -0.43805736871233897, -1.4925418617317423, -1.4738804562834151, -1.1847447422222432, -1.2644790414377742, -1.5239924946275958, -0.7067300337790555, -1.3655635135959046, -1.3944633254293812, -0.6926212441091653, -0.7112852762616397, -1.6111111818290724, -0.48427487641569855, -1.4777683009835572, -1.4529197377602583, -1.1685950941986054, -1.2542757805841087, -1.5107462843003008, -0.6771797819499162, -1.3533421930579557, -1.3972158093351699, -0.6762492498115437, -0.6769722860414725, -0.3605872915137892, -0.32645895178161594, 0.7588107378803874, 0.8537792753862794, -0.18103976496202925, -0.14026753345993087, 0.9921843580886791, 1.082689851511092, 7.827393142069203, -0.9476175923510214, -0.878304438892229, -0.7759638743477941, -0.8730113611092514, 0.18216869915261114, -1.5547287550048945, -1.5697564809719629, -0.6915458625440926, -1.3013916984721285, -1.7159930472111256, -1.5491966330768359, -1.5667960253083872, -0.8165503461156892, -1.5458581183711702, -1.3948768804965233, -1.4028996001077603, -1.4111386949827525, -1.1285862153446582, -1.3842735218703546, -1.2673138057787183, -2.0577060134680853, -1.191933135568955, -1.1434179102761222, -1.212199558225213, -1.6806230803558977, -1.6884680500156275, -1.5941510868505386, -0.982180949247486, -1.1511972055271777, -1.7137180501627844, -0.9337711430827342, -0.9506795641174235, -0.9992652638705213, 6.072880867093785, 5.019810281282263, 6.876502506489396, 5.460905995402561, 5.872956462763626, 6.087050662846685, 6.266745366184871, 5.7135936972686885, 6.033777751814941, 5.922207439617986, 5.7875333863085014, 5.072484235087985, 5.790913756162704, 4.983269183139684, 6.13993211050406, 5.0794888064482375, 6.975595208186952, 5.539031399846723, 5.939847260301218, 6.156288080909696, 6.3943278999393796, 5.820690240170707, 6.027855863407961, 5.9239858551820115, 5.775938366520412, 5.042799276775611, 5.7847687132189165, 4.964567581694058, 6.6213456686880505, 6.614505349599534, 6.8583350407890915, 8.774220360040518, 5.757480815973172, 5.515231851444992, 5.213031284778138, 5.280078118871887, 7.793279990907757, 7.788576520296475, 7.896288212389685, 7.467037078847686, 8.40336638622502, 13.975693738612364, 6.873569261772193, 11.739084518061915, 6.633354275586154, 6.402307098753306, 8.649724840334523, 5.376482232879151, 5.341611589899935, 8.468460957583073, 9.073768120166553, 5.060975794167239, 6.892380251896156, 6.0328796332105155, 5.9718898438623, 6.381678157154143, 5.284081694604569, 5.887116743268041, 5.908928658919526, 4.657305798114572, 7.802001733005709, 6.322777640203166, 6.334791614229973, 6.441638018562182, 5.975270683177971, 6.702698288764876, 6.58633284602523, 7.320432338817613, 7.179833256455818, 4.505105921642459, 8.224355942955606, 13.518963231048488, 6.482314556624446, 6.473703068283903, 6.810521627696035, 6.816300372124122, 8.491392941952062, 8.498646074940005, 9.717211953543401, 9.70145458982864, 6.915516467286408, 8.730591914765677, -1.922457278688243, -1.7546248089390934, -2.6445920598421853, -1.982675097487354, -2.083509578533409, -2.5007770272727488, -1.5887067721316002, -2.324440668513513, -1.7759622787384821, -2.1260398184466767, -2.3399051156195187, -1.3659291594733878, -1.918800078538074, -1.7372592126291115, -2.6279102952157856, -1.9812131718015518, -2.0677877122273087, -2.469407942270862, -1.5884297786335433, -2.326857987997289, -1.7852044408792545, -2.1449415297403864, -2.3432601503269463, -1.3675806842918152, -1.7200359045505054, -1.780506571960655, -1.8329396878767845, -0.2637083621007384, -2.098172610869482, -2.0898015757482176, -2.030143985956957, -2.0002031816267247, -1.81933590459915, -2.8414926578174557, -2.7879452338120654, -2.909670277369995, -2.5457334485269656, -2.5199353914588474, -3.1248638993087696, -3.0185661199137095, -1.9907764116680866, -1.530588605335843, -1.539679376507319, -1.960077355123001, -2.34646303599035, -0.12437800374065373, -1.7950653399904848, -1.7958583123421321, -1.913289738621823, -2.0185034919034712, 7.270126798679597, 5.836585435061342, 5.684322602837492, 3.5189471964753696, 14.836293462584795, -0.17518492296732704, -0.17434013655583344, 0.5322872930244518, -0.4526535159509535, 9.386733526397348
7, 0.17714992427615273
-0.8476546921388334, -0.02016652378870903, -0.890228414873145, -0.7123484245711894, -1.1723796793377481, -1.3659177721871716, 3.150356485329712, 4.274933602730592, 2.982453145426816, 4.181722628944894, 0.3837135296282891, 0.3388401272207422, -0.8475672988517424, -0.018300834776011514, -0.8826978050154013, -0.7204224487931562, -1.175571931303606, -1.3632271475076059, 3.132335487759552, 4.4576348633225304, 2.9632543758582464, 4.121075755584644, 0.3803408255719198, 0.34937428623072014, -0.640686831358446, -0.6453364471331164, 0.16985307326593224, 0.2734895717936102, -0.9702677873896485, -1.3071917649216966, 5.828488500128921, 5.861335307857261, 7.134585080461932, 2.944110233710214, 4.86447096659175, 0.8737247870036936, 0.7885254308002191, 0.4807474245411413, -1.0187847974495667, -1.0222576279272517, 1.2415694774610964, -1.3114487051191202, -1.2278464299183045, -1.0101955600110375, -1.0017736228594665, 1.595941310636559, -1.1070164493132957, -1.3091664628761874, -1.0205665586670531, -1.0190445353538042, 0.3347115448314348, -2.11661240405569, -0.11478927064735962, -2.3808894821588154, 6.334506793023914, 6.353662277417866, 3.702952249970266, -1.1176653046065956, -1.1184879870265623, 0.19006840044334145, -0.49131416073481227, -1.9843895854381768, -2.729355999503385, 5.0789799208069395, 5.103149241536544, 3.160620400176901, -0.897507361390388, 1.6002558912564946, -0.8185580635942704, -0.9749562122517008, 2.5921219625705367, 4.712813940664916, 5.391076759577057, 3.736010631176191, 3.0825641511096, 4.494734693848243, 0.22349871594217036, 0.15767296116427804, 0.022097656194652298, -7.164381666303747, -0.8952804880193287, 1.5982308663733915, -0.8327898516767495, -1.0049648071122037, 2.575335373833785, 4.746666740151639, 5.204112235553838, 3.7497938948639398, 3.0895125840323874, 4.469215278656667, 0.22893449482714484, 0.15246136591562764, 0.0243931898960945, -6.737271134820087, 3.9968754694552917, 4.001797237041074, 6.462015090467297, 4.536198275481833, 3.713452053455421, 0.5838583279779056, 0.644634016360336, 0.4510167525365781, 3.926517875966403, 4.054266795583211, 6.222589391733699, 2.580019854823175, 6.182878282427196, 0.4106219013263557, 0.515393929791881, 0.42969125005802483, -0.3146627650951078, -0.3096591301312594, 8.043667888025988, 3.5874725115301125, 3.590462254047005, 4.196559952315206, 4.443694669826195, 2.4091993886496708, 4.657826401366599, 0.11701672595044975, 0.12003221896634779, 0.14876192262497165, -7.428867560900342, -1.2629772201627598, -1.2746435445004172, -0.12195805336615724, -1.164641300478497, 3.465708065803962, 3.4777019784566416, 5.245498840226969, 5.459377812629272, 3.4167579835971345, 3.1986275017480295, -0.4971128518566036, -0.5183288926018141, -0.821097246704886, -0.7171799556142748, -16.278891901158467, -1.2919449117028226, -1.3203326551739591, -0.18730078174149378, -1.0871791430871136, 3.3443553771629055, 3.3733580873987243, 4.675238038568527, 5.086896857518902, 3.457886484682187, 2.0751311520588853, -0.27786285261669585, -0.0281055584029241, 2.779636573542314, 3.0388381138008227, 4.628040132848233, 4.3588411373434015, -0.37571307671541393, 0.27333562926278804, 0.2290073905960956, 0.27392239427689186, -1.7553198631684084, -1.1084813182103075, -0.28639185576418996, 0.849094528367053, 2.810670486713043, 3.08940317143488, 4.266168975086274, 4.387336501014774, -0.4506317541657824, 0.27347903188567585, 0.23909230850697122, 0.2756586157453072, -1.7778492459235433, -1.1192757682847727, 5.630140214082016, 5.41452111974918, 3.781554652545743, 1.8653686142705546, 0.36192132061967436, 0.35745073933884774, 0.2703344150991741, -2.503481144557286, -0.8544615373707022, -0.3178449035568245, -0.30515581736746794, 0.7770045687249078, 3.9314692141804395, 3.9368363261087422, 3.0046308033869966, 7.620873380375261, 0.4002596571590085, 0.11490338504929644, 0.11053643028142897, 0.3606482018379498, -0.6534171005618834, -1.785308177506501, 0.06729064408142908, 0.06750542710273416, 0.21311145424199512, -0.13519717911607348, -9.305039078745217, 7.290485027518955, 7.260971449328806, 5.695315430231324, -11.582728476488972, 0.3248121372467226, 0.3184070676324591, 0.5688721717646003, 0.44683307419695134, -9.992927609597151
-1.4777414393327244, -0.30868161676300104, -1.2814211911739968, -1.2570991284543487, -1.0706958139037945, -1.1551739035305217, -1.3168061477116602, -0.4575390604796722, -1.1833741685073442, -1.2088850658655987, -0.4523239092696136, -0.45743760749640994, -1.477052679609052, -0.35797763350773765, -1.2640935526403863, -1.2329241078915167, -1.0558151175152015, -1.1469708046524114, -1.3018995727741334, -0.42431556763575884, -1.1693294396682377, -1.2105932920105615, -0.423722520060916, -0.42241628639401074, -0.12036994560692046, -0.08325242748455372, 1.1276139708685944, 1.5184549027384333, 0.03336663864949509, 0.0061236253778735135, 1.5559641163794053, 1.643442997744809, 9.853357308895015, -0.6527171246301452, -0.5841029502164785, -0.2948503147029932, -0.31550099380352703, 0.9199026948469513, -1.2489098507357053, -1.2656928912388508, -0.26882784500116597, -1.14544498664415, -1.3969654582638618, -1.1306095869813533, -1.1506969647922958, -0.20769865041998195, -1.0597600485754444, -1.1463234114728296, -1.3067372205825307, -1.3142109752409865, -1.089220209667794, -1.4413795773787799, -1.15146951354929, -2.565449750713921, -1.1143986389585698, -1.0418906510795907, -1.2015531786173823, -1.644623593081782, -1.651025327279278, -1.6060249291333022, -0.951599691768902, -1.2810132194984072, -2.1526453210812906, -0.931271210507969, -0.9560428425251566, -1.0757625870677248, 5.207517883180837, 4.317491772694684, 5.762041954867984, 4.232327294870804, 5.146423807967138, 5.3062944299149075, 5.304334809271216, 4.857693071889358, 4.877094896607327, 4.864187707424535, 4.82007021327108, 4.464112902178042, 4.746501552730517, 3.9716839447589902, 5.261745763954115, 4.365748891412836, 5.844215553437602, 4.2879883289753025, 5.2016549587453165, 5.360101494243261, 5.409220351343973, 4.96061817366251, 4.876596838228732, 4.864738853340367, 4.8026335056990845, 4.438622764106737, 4.735783392733075, 3.948245485491419, 5.692895441779524, 5.689632298813395, 6.3575216131702, 8.014278506633879, 4.63611846352969, 4.498253262648924, 4.247770005434742, 4.251054414508799, 6.762619882046278, 6.762572527385323, 7.370402388870138, 6.361070744338863, 7.260786318603287, 14.206500887332842, 6.317759315985655, 12.068184009990636, 6.694933017363573, 6.432328950864593, 9.557069255992328, 4.744124920211058, 4.715630566700883, 9.42931849919771, 9.536047087218344, 2.7059445375474778, 5.914443658794131, 4.9191975420593765, 4.864448519707224, 5.456758756457819, 3.967735924184714, 4.29671893650005, 4.309224884563497, 3.053365369020202, 6.026915091196224, 4.5824201704549665, 4.5847399646467215, 4.624314065713458, 4.255263327966927, 4.334735762426407, 4.6182973224300214, 1.9378540188169027, 2.079612516486738, 2.647367927269895, 3.2398637658559206, -8.388679936565595, 5.291505880515213, 5.286735444684614, 5.749326304964851, 5.238309670852082, 6.922371387214666, 6.9278514262553434, 7.826805626535884, 8.01265129946047, 5.7052912365771595, 6.816098867497992, -0.042957967607717265, -0.041086717643721286, -0.35932910089380504, -0.04513960112072882, -0.04550829889788729, -0.493508500784078, -0.5708563688186761, -0.162843842360216, -0.006878203596228602, -0.3952384263272586, -0.4760247422837077, 0.04535631206622134, -0.0514491083003321, -0.04869027418991734, -0.36353749105769423, -0.053843135099735866, -0.05486911993813915, -0.48591253733351497, -0.5861863188308276, -0.16441856704996244, -0.016967395456767682, -0.3948820930880143, -0.47972296544601445, 0.06431424834245004, -0.253727012801243, -0.25129031795925094, -0.31554608680307633, -0.600164157293199, -0.29046830975751997, -0.2830112939990416, -0.05259225066852575, -0.2638680397309508, -0.04324175420771304, -0.26406096496772086, -0.2531042538172051, -0.18015041977606983, -0.5624141746674864, -0.561041929364752, -0.22395478418192913, -0.22331668762801027, -0.890683450733166, 0.008484065778241607, -0.0008669956088222324, -0.1006874840490059, -0.7893610628607833, 0.6935763004615607, -2.1429914752279093, -2.1379901140224415, -2.79823530253872, -1.3443529833137937, -10.117868254877054, -6.16699577498175, -6.050754739616961, -6.295618226977081, -13.356595105930552, -1.1212552328074101, -1.1313642705459335, -0.7495115036563869, -1.681833917941414, -8.96703696541834
7, 0.15742743466821513
1.064197857234638, 0.6380347731843559, 0.9594709279265079, 0.8416619503788298, -0.8301990318798564, -0.5434377609904776, -0.6238933527763676, -0.013120700147408562, -0.7829205037958135, -1.0781543246378722, 0.07961181065619695, 0.10876572205718203, 1.0638747525170509, 0.6466541842015201, 0.9443790672023848, 0.8388606470853592, -0.8271585744973616, -0.5408550137849001, -0.6207489242588108, -0.045834781598828575, -0.7761381569306396, -1.060900151156511, 0.0794755747279331, 0.11277051520059923, 0.9791564819207841, 0.975628210958289, 0.6836457722779746, 0.5664558061301826, -1.5468618499106996, -1.1780152895785732, -1.1235991860575882, -1.1297224461637765, 0.12499422678800116, -0.5973655151437279, -0.992203471580819, 0.18604927971385277, 0.16585296467223318, 0.14466028422078125, 1.0885095017386122, 1.10001321552008, 0.4211190144146682, -3.822521088544064, -0.4933513717021122, 1.0588342503819916, 1.0669376609660024, 0.4409372462388203, -0.6038625830092115, -3.429709739549089, 1.1955676273711444, 1.1950956284464902, 0.5281967270354518, 0.09190517339075652, 0.5173136920593677, -8.268911996250358, -1.684770580359969, -1.6915771033841973, -1.3177172581862422, 1.1677400420334703, 1.1680165463375647, 0.45900426069773875, 0.24809766247460655, -0.29323408050435956, -9.965553550394798, -1.2979261014132304, -1.3035994319436706, -1.1830529669885521, 1.2675208268371114, 0.504851312661864, -0.6653631494055927, -1.013025876985451, -0.4106711281222902, -0.9059904541057235, -1.0415666115123414, -0.4327925004209813, -0.8015811300486934, -1.20252532247204, 0.05938475856495724, 0.06188306103094677, 0.161887778707529, 0.40281014158466644, 1.264338961487398, 0.5057779300303239, -0.7837027429240613, -1.1059372306185709, -0.40848559016324926, -0.913110429441419, -1.0039154589388986, -0.43796488101193765, -0.802623789103476, -1.1981051333124089, 0.059957525457991184, 0.06066782138645086, 0.16175827476759166, 0.31715927593240195, -0.7821138458115316, -0.7831655243546063, 0.06279595944655715, -1.081173410328486, -1.0802861341462882, 0.1235280130480437, 0.1352179891094192, 0.13876598929161485, -0.7739662066785007, -0.8048400571297887, 0.1241408184403621, -0.7143918214154414, -1.4205689371763979, 0.08594488663509436, 0.10789439727378797, 0.13219090096892386, 1.9580886898729226, 1.9739067477385275, 0.7350082723808434, -0.562202511896133, -0.5607134467238103, -0.5386949052621558, -0.5776953616846072, -0.7593353459293929, -1.1913174574521788, 0.11326748169800513, 0.11392615944944331, 0.08920192052633982, 0.46328930488729714, 0.9892896350995191, 0.9969498234425578, 0.4060506330888235, -2.781564869862127, -0.6496116990068336, -0.6520381049439276, -0.8998042167613305, -1.1983769428572193, -0.40002550850968227, -1.2521466610316352, 0.11790070589542191, 0.12095377923187789, -0.06450075102731491, 0.2443611844419645, 0.8383579922545785, 0.4332512186004186, 0.43455582148208033, -0.04013194901361413, -2.8256402217403602, -0.6128118416913665, -0.6200659106698487, -1.0433224337202132, -0.8652844913691371, -0.2957896244393634, -0.8656854788651575, 1.0805774303755822, 0.5935213776117115, -0.5266115352306387, -0.6448114092955645, -0.28587173289544526, -0.7554779029669292, -0.40980884834514986, 0.0290262765047316, 0.0806808424421077, 0.055619709570574896, 0.22416353408722972, 0.05694721616485319, 1.1191295870512872, 0.22686434007426964, -0.5310909702458574, -0.6559760315796298, -0.6068294024524017, -0.7631630370814653, -0.4059865973749657, 0.02912580766271686, 0.07973546691972497, 0.055232483089150755, 0.22375271110071462, 0.06085085650478794, -0.778738420334844, -0.7510002251271217, -0.3229458732094229, -0.3793874925751387, 0.02970946254954074, 0.03019129554387603, 0.11058953461126125, 0.2940373034955337, -0.07814477950089252, 1.9751938965312763, 2.008283609341679, 0.5839421141366046, -0.751398304961577, -0.7531421952098117, -0.6402232578666461, -0.28431914921748436, -0.7405968815661528, 0.0718567592845529, 0.07249036598088757, 0.09131012859625362, 0.16905427137628362, 0.18759610464501975, 0.08731027095887108, 0.08836996784999192, 0.07921720466816944, 0.14915048690853375, 0.30414133627717976, -1.6865888949043142, -1.6879144709208171, -1.4786547559575145, 0.5561911513363967, 0.02325662301911187, 0.02212023919540491, 0.0889711418195546, -0.046302881124303336, 0.4928983873631702
3.807271134613252, 2.269540255469937, 2.786009315735165, 2.8293785877425384, 2.6181041404121195, 2.8883540328773654, 3.9052596943296725, 2.603990904245336, 1.8867265047898383, 1.587214342771495, 2.5345342674474693, 2.6343753137521277, 3.807950998223, 2.3061753530544955, 2.774358835415064, 2.8245840243469647, 2.606497060092671, 2.885903904492188, 3.892239543124208, 2.577027500779815, 1.8649911248042539, 1.5732418347192887, 2.573531908316155, 2.5843146819099463, 1.674317841366949, 1.6437721969942605, 1.4509043208224646, 1.3942318514289813, 1.1470417915275557, 1.491387725551497, 1.65728320970281, 1.6242274922141726, 0.5320681992921135, 0.7043042822244363, 0.11516444986216265, 2.7071882090545425, 3.053963830966899, 2.198650805362246, 2.4133855839020817, 2.4528100720442363, 2.5526361144072167, 0.7119449011275034, -0.6312654328574038, 2.404043062022946, 2.42440623128634, 2.273678725199391, -0.07607688907230173, 0.6043628981176842, -1.2424584216115542, -1.2316061847045863, -2.6163423945630604, -7.871271785500373, -0.7620980956173697, -22.180590318680107, -1.728616727229774, -0.8521524072667263, -5.387883156389763, -1.7671657583293408, -1.7607080674397084, -3.4728382402089473, -0.9126857174544758, -7.637106572110912, -18.55922946131168, -1.8189157544346477, -2.1856115261011104, -5.5191562492942365, -2.4425505813568615, -1.9536296471792345, -3.115684725905129, -2.2645295362985087, -2.0115957808438174, -2.437520899454421, -2.455505206362547, -1.5850672270702673, -2.121061698051834, -2.1098125906564067, -2.1893868499484954, -1.7110086666179642, -1.9265828080276088, -1.9857138217638137, -2.4708738583509886, -1.977227432005611, -3.1731700919195953, -2.2913153794591716, -2.0335803580905374, -2.4661367709728332, -2.51719006749544, -1.6207067902943417, -2.1343435225706373, -2.078006742623135, -2.1822829171973503, -1.696992085834535, -1.9193173095961513, -1.9772760133792955, -2.7499138332638737, -2.7471042507574013, -2.5227441057664817, -3.9046371717335804, -2.3867054190748376, -2.2950761328459275, -2.1661342604274543, -2.188840158308456, -3.2668508922316617, -3.2616165523584013, -3.0028942324455485, -3.2127303643235203, -3.4991296396868683, -4.291242013512384, -2.6180303515055954, -3.500527103261714, -1.4883060500454917, -1.3955653985872922, -1.5145933856995693, -1.5968055303785074, -1.5811654130281367, -1.5587062954023478, -1.6482191922959684, -0.8132498304103345, -2.0377677174878803, -1.9717977803829743, -1.947857256824359, -1.8903198193867212, -1.9314870628762513, -2.461381431710891, -2.4649453608819156, -1.57829677804862, -4.393265120217379, -2.591232835629611, -2.5877647172698937, -2.559217265486233, -2.541908549506631, -2.6051738680594165, -3.4039219893445534, -2.088082863535586, -2.116579786220843, -1.2522094048848869, -3.0887805037644984, 0.2800814279968959, -2.8584874997551784, -2.865999777335269, -2.7725818417668355, -3.5725079721478257, -3.830775470361369, -3.8529947222543792, -4.515495469684931, -4.1487607875444965, -3.157039263487492, -4.960669168099704, 0.26180579228225204, 0.23976319772059998, 0.47314763102751967, 0.2703683029098028, 0.28328455466780844, 0.49825141919897864, 0.30932490588318234, 0.36683119841945433, 0.22677387051678305, 0.3922493872436044, 0.4363657828596854, 0.0946033616634373, 0.26523810005652587, 0.24104904305052344, 0.47332006477806937, 0.27417494296274403, 0.2855860117336478, 0.49166626507171873, 0.31549958462927824, 0.36748103200761145, 0.2326639589962796, 0.3933410529275313, 0.43942605598289325, 0.08464885762263512, 0.26094062221718023, 0.2733360637421381, 0.3184325639567364, -0.06427787500679565, 0.39447529019617783, 0.3899850780748607, 0.39408137651812136, 0.30730817086640644, 0.3673962459816081, 0.6011957259453444, 0.5921757058288879, 0.6359545849864092, 0.5654354531818625, 0.561438328034387, 0.676362706940607, 0.6508586891007765, 0.5913414906997425, 0.17458155992416063, 0.17973061443934227, 0.4042683680237064, 0.6418455427187364, -0.5461286273449136, 0.8856624398491818, 0.8833203668593922, 1.1764474725606158, 0.6603457092458626, 1.7848993479695532, 0.7931448587016716, 0.7841350351393519, 1.4292246280112215, 1.4494350416386628, 0.16718687643389576, 0.1734869074247782, -0.21787169442933568, 0.5314161059200573, 0.9937217743914502
7, 0.149626338578224
0.49109767242718233, -0.4404972610162173, -1.228008636276566, -1.4213014224999203, -0.16826815143913676, -0.2860492433800599, 3.808577913295552, -2.5243690770419596, 3.42030704349795, 4.670228043318791, -0.4743212628423874, -0.9284217310483239, 0.4907187783116634, -0.4109600509217244, -1.2348643054391324, -1.4377005369904208, -0.17374308707238806, -0.28823200491140294, 3.787595024160239, -2.8688606839577955, 3.394472575520693, 4.5940552574786055, -0.4798721455641221, -0.9516459297392887, 0.3924122220286788, 0.35485864227902625, -1.9915008511259908, -2.2155332284721636, -0.04352028365045867, -0.3166297694371676, 5.383705179738777, 5.429278496517248, -9.158106817607317, 2.138746265786315, 3.253860806090796, -1.200768744709167, -1.0465925439447648, -1.3358673460375987, -0.007792576827983503, 0.011912836186233202, -2.0425603511411605, -0.6144132010269417, -0.24753037858190205, 0.005905844421088837, 0.02245665340696898, -2.697538567298949, -0.07473158714489475, -0.6390305509846029, 0.3713392759671972, 0.3774169617757123, -0.11718674241326284, -0.7904560889251391, -2.6791090901396717, -1.1423124791378552, 7.905177315678936, 7.921546465962966, 5.04381337786537, 0.2339644188119439, 0.2376009320844403, -0.20492681529103388, -2.0600070411845985, -0.6663965443896966, -1.298187418752891, 6.446073176008456, 6.4620376522986325, 4.488829005179247, 0.27483701494165547, -2.5385039243726357, -0.0866396028373275, -0.26539510326417803, 3.2279619916207567, 3.438230627322934, 3.9579110502788173, 1.646499377266275, 3.6968980258849373, 5.25979070008969, -0.1626447306666305, -0.43413812877884816, -0.9619953388486466, -1.4902885337566054, 0.2620958157596016, -2.5427249733190167, -0.10893255189699239, -0.2798007009307949, 3.206700577817374, 3.464183698104833, 3.7984188163820507, 1.7011401915277007, 3.6945628685743412, 5.225249019666527, -0.1655259437955456, -0.42638723653185107, -0.9507047998021972, -0.9356477558199758, 4.377736756428719, 4.381074442361197, -7.081755361183957, 4.863376941760435, 4.167965634007983, -0.7798271114738318, -0.8438047428607821, -1.249557039755824, 4.34824488077827, 4.520293217114774, -7.458652383153046, 2.7716566594412573, 6.203383117673025, -0.5220910639011318, -0.6677949891200491, -1.1864389044822752, -1.0632099758031717, -0.9824972064755865, -14.193830038426313, 3.9438702752502026, 3.9383454163964813, 0.17350082803974054, 0.2758343779587097, 3.683714184150157, 4.784848387683433, -0.5502920394405227, -0.5595553782145758, -0.7062029139541497, -1.458851649974462, -0.31651368718020567, -0.28681391244622406, -1.7601285819584025, -0.5594786241343523, 3.9453250421696526, 3.9633732114150284, 2.47280014473942, 5.095107259657603, 0.7281005862847237, 4.167748030527125, -0.4951469381841331, -0.5049648645892096, 0.4326573924940848, -1.4834006185734667, -2.9832634899606427, -0.2221136099402831, -0.19613016636729821, -1.104542312926451, -0.4718317428793972, 3.9029231788006458, 3.9273039023036453, 4.515105176318884, 2.437418147419429, -0.32477626862264064, 2.816351649374712, -0.40757567533545985, -1.117091826578501, 3.1921750950603904, 2.683749489527963, -2.927051645651869, 3.8827727480924255, 1.7545148967141224, 0.0014598936479931198, -0.5461789966704497, -0.3661543908164643, -0.9151430988939018, -0.1829870175244427, -0.4710916032812929, -0.24054336437821122, 3.2138451855153347, 2.7650675650570053, 1.2839542110278246, 3.914687848085163, 1.7409279867738991, 0.0006509579846478409, -0.54457121856884, -0.3575465113208693, -0.9095600529097926, -0.20579466697586532, 3.55353850665405, 3.465026693077469, -0.4582294479374271, 1.3214170448824323, -0.0455190055726952, -0.044529114782939735, -0.866632921519827, -1.3038816571724425, 0.5147605893229066, -1.071942341838708, -1.0115071154540873, -2.4830185504025866, 4.605346623820518, 4.58924420287608, 2.6311398644859647, -6.770696768841824, 2.8321665942094687, -0.28688914093184525, -0.29377320395923856, -0.8567981980860722, -0.8419077367626635, -0.8949735642769062, -0.3563837463457537, -0.36179857763129125, -0.531787052008779, -1.042799708473, -0.3860642364558399, 8.141081132139877, 8.14923985774705, 7.339935092087147, -2.481535915596374, 0.009887810447330453, 0.017584828194047112, -0.9434168037325386, -0.11464086292544029, -1.0207590824197446
1.111846583996421, 0.6100130639363658, 0.012303606421152, 0.03867149843936148, 0.6625522945659056, 0.5756513268118235, 0.4521924836142196, -0.4262458517797774, -0.2191924123777821, -0.12042956082134752, -0.39812632647457974, -0.44425800297041024, 1.1088094996944915, 0.6480710539804951, -0.010016663800485808, 0.011655656413428507, 0.6701524500464985, 0.5807310047633666, 0.43653577771957264, -0.4615995983491818, -0.2397663236770669, -0.13268849575540143, -0.46101424349279796, -0.47013176690317726, -0.6877118858431585, -0.7217517116197872, -3.293805891074866, -4.064603647608531, -0.62317492776519, -0.6075248590050869, -3.6480050916478493, -3.7628013575958517, -17.96001590227812, -2.521323889793094, -1.8573569210527885, -2.662998405822561, -3.1838227097028646, -5.333034101142457, -1.5778691370165918, -1.548799520241026, -3.230751345943324, -0.9366074483759217, -2.7518952841988824, -1.7496198631000734, -1.7228522635173285, -3.407093122247582, -3.248948658058838, -0.9791172642730982, -0.31262268154064016, -0.3185061308260811, -0.38071463233963976, -1.1538196827256977, -0.2398641730028143, -2.1136600439799347, -0.32497992434660045, -0.24697321817792148, -0.9264718684903661, -0.5359436307435269, -0.540386840688792, -0.6819672480613247, -0.3080098203651416, -1.0926310369555912, -1.7846815525248685, -0.37772363361889955, -0.424016531863572, -0.8949896968151984, 6.315579367722097, 4.306939598102, 7.034845081381004, 5.313121393343857, 6.47037911181893, 5.88806154868272, 5.921196693834474, 4.735353081988339, 5.550291982587968, 5.534440917866961, 5.527712217398279, 3.3955677441386305, 5.125769121211606, 4.527024622091963, 6.382991790046565, 4.356645542901569, 7.133720750514975, 5.391980071430291, 6.538532712400826, 5.937543335805378, 6.069261276880214, 4.773053835864598, 5.5271192042771915, 5.524089780568221, 5.53772845235391, 3.3571145340530424, 5.081061953917818, 4.525830356099887, 4.54739068358698, 4.526930516241524, 1.00854267789567, 5.763020042498744, 4.273878348177374, 4.2120793254330495, 3.9131785834313275, 3.921673064289912, 5.394717617946927, 5.376658666538639, 1.8119330916861067, 5.606257804351337, 5.203249063300379, -6.598860296091525, 2.8191956882424525, -6.936703852753188, -2.754015378661967, -2.383064762698721, -10.855762008251666, 2.1906535331191397, 2.147821956603433, -9.35320697400922, -9.095030966744638, -0.15704268710260413, 0.9762228845944243, 3.5707889537756796, 3.5556457572017868, 0.9299040955945296, 3.3822874695557648, 5.032633890864616, 5.057110476318477, 2.5618945632207586, 8.392368404721616, 5.405672424750773, 5.425039813231784, 5.231816559775489, 4.698994890533454, 5.305119619535882, 5.904604541027567, 4.44146611914343, 4.450765774205017, 1.4913639824618585, 5.8067468635517825, -0.0808509124247248, 5.581980141160918, 5.575602481420622, 3.881558633628421, 6.8994878191827755, 7.8311024794453274, 7.83868133929709, 8.091255604019345, 7.757456741942216, 5.7103920830878145, 8.53841989567957, -0.47738398214922734, -0.43379657462397186, -0.6467293669228943, -0.4914868446433677, -0.5184428857624038, -0.9291628509650103, -0.44772403820276924, -0.3747145564310867, -0.2658661564038784, -0.6145187342212177, -0.6928233830629096, 0.07907018414060307, -0.47647199849316463, -0.4291855638549052, -0.644053821539763, -0.49121633250260677, -0.5140697329074887, -0.922600164047507, -0.4547874236256462, -0.37610240561795055, -0.27028646184603095, -0.6250051728343476, -0.698812940757715, 0.09710000130525329, -0.6281601895258015, -0.6831521419866858, -0.9791158844634651, 0.22245976288563624, -0.9726848229561895, -0.9696500253129093, -1.522424178778034, -0.7460843321555231, -1.3190072225716987, -1.8628134650382158, -1.8530475227714993, -2.270233950290843, -1.2629335293527744, -1.2418009139366426, -2.316174607610314, -2.203705341731846, -1.4350305233234846, -0.37829604218885426, -0.37911649107135975, -1.424366483414404, -1.7121139386293178, 0.9620453731356025, -1.6877057656191485, -1.683952049545734, -2.48615822909584, -1.3382970656392525, -2.8366305248837334, -1.0482875916003451, -1.0588159194419087, -2.744389433010947, -1.860540124276105, -0.19001724723461194, -0.20210732725031239, 0.6529679753412949, -1.149239210288994, -1.291743402116908
7, 0.1250305499331019
1.0676194170011055, -0.5113407866648646, -0.7254228848123262, -0.5395032469326124, 0.04982605376865267, -0.03420517338652663, 0.30701269323240515, 0.2956494432615983, -0.8275834881882419, -0.4268615800532205, -0.45978813567565663, -3.4025001035584874, 1.0678553351512199, -0.5241247684568698, -0.7168994454128236, -0.5306151671706341, 0.053560396814922175, -0.041490242679609886, 0.30153937399500275, 0.48923896422260443, -0.7759662577251493, -0.4261569905470948, -0.39837564734144865, -3.4060116503867954, 0.5244904677426309, 0.5426418353945113, -1.797897542819285, -1.4593179173897606, -0.5551188631463555, -0.0479981377348189, -0.20716188653576492, -0.17407074494439095, 1.6874627267084892, -2.2569452238558223, -0.09515525491554222, -2.0545587839359047, -1.8355481433326202, -5.806567350382727, 0.5454164354731822, 0.5410898756934212, -1.6059534301234704, -0.005850101104134587, -0.6910711829790932, 0.5611174649401057, 0.5482746263117037, -1.6457872112867533, -0.11156421528793083, -0.38190226364801877, 0.7752320431414292, 0.7730910849740195, -1.0774022845403672, -1.0425491264555304, -1.4852517657594007, 0.4001624227774986, -0.5321725386821231, -0.5596837997259402, -1.1474246932187453, 0.7494258307979521, 0.7538701044607663, -1.8003457499362805, -1.279360477497516, -0.23657536819032968, 0.45894016476342897, -0.5353180813247747, -0.4992749095761811, -1.0056449058754, 0.9591356964797256, -0.47312377658511995, -0.0657842221793734, -0.3483148229576826, 0.5253179292468465, -0.4449006368545058, 0.07327361933205236, -0.016135439165962336, -0.4130558749516126, -0.4583116964388422, 3.0383006026156405, -1.3221710316060722, -0.40871495785962425, 1.4513144186051916, 0.9595259442985786, -0.5344031213794711, -0.06138264273392497, -0.33540776918740023, 0.5218104094340104, -0.4544518765782007, 0.06854221115070658, 0.006999767932488245, -0.38495291949993454, -0.47175983593425314, 3.0592720222907452, -1.271316290538124, -0.35159732313100744, -0.35376671003080007, 0.20259756455288863, 0.20875823168962654, 0.9841738436671997, -1.1246279768631162, -0.6645472414830944, -1.1115312261970165, -1.3543071402991274, -5.163723460105149, 0.16504689956546137, 0.17742026259357377, 1.7162620466068954, -1.32907099201966, -0.31949580970183633, -0.47656765536895107, -0.9980341861265322, -4.876886423448466, -1.2794135944421827, -1.3116624197056448, 1.9171722852279762, 0.5841189867474927, 0.5216637551938189, 0.05688207901162324, 0.33353754651866674, -0.2228532254382484, -1.187820625829647, 1.8113394755169465, 1.8053394585444553, -3.160216633289378, -6.960920422096864, 0.1283535980330568, 0.12140698676109053, -1.589316986021941, -0.5425668136497692, 0.5509019927490442, 0.4843089728353407, -0.5818665206602959, -0.1684031649234682, -2.2158345643699286, -0.840978551496516, 1.2686989290185895, 1.285987539074879, -0.42869180284409547, -2.908887926184416, 2.9974127486568842, 0.20833342976435712, 0.2276761003198214, -1.1805680519607866, -0.15827071699975692, 0.13107753560396995, 0.14252373627335232, -0.9131942588703471, 0.0260576824258043, 0.3812637740551915, -0.8209119360309873, -0.49103684005114945, -0.9279726900269266, 0.1875897474471876, -0.4893703137314903, 1.4152305948815544, 0.1708793863767759, 0.9623400559493699, 2.5243057429745814, -0.7920356503725423, -0.7573881967117273, -0.49532315646342207, -0.0025056167959, -0.5087362870124483, -1.155375854154029, 0.18471988813875048, -0.47945963425972804, 0.614122587706836, 0.21532190169073132, 1.0017630385548575, 2.5245239824789794, -0.761430769228411, -0.7833715667928655, -0.5157041123360091, -0.014261076895113413, 0.06340580572158015, 0.09144613340790941, 0.4646991097141688, -0.9479261692746177, 1.6226544300216827, 1.6001876200127643, -3.4155932242963623, -2.4910261286142266, -0.13425546009212522, -1.2896851744666658, -1.3552405613747724, -2.12157330229206, -0.014873297096083099, -0.018100672915312286, -0.5182359607565107, 2.7682086789290983, 0.440970797755369, 1.6142963143586249, 1.6390782882360506, -3.2918316052554366, -0.9682784873285244, -1.662594786583817, 2.140773828265276, 2.1373846699205217, -1.4676098016448262, -2.9629720963370016, -3.130676267265237, -0.6656712371525461, -0.6133277312531539, -0.3395601737498769, 5.8321527703757665, 2.2061542961632323, 2.2147390348472014, -2.2080077857248614, -1.7326482251269495, -7.001516894009832
2.119753526527131, 0.6314901326860749, 0.733681016431155, 0.7064512548747311, 0.9631918814054959, 0.9449295690370556, 1.463286373025322, -0.4176510928370344, 0.3682161774735783, 0.2752576933605533, -0.38079211127335305, -0.44254429541523566, 2.126474028417717, 0.5182333694089922, 0.8180503686134518, 0.7793778477650039, 0.9855900525691149, 0.9534899110875531, 1.539673637946182, -0.2925538867711868, 0.45173174188041454, 0.3409833031616496, -0.2922133774366229, -0.30336285447374106, -0.8084055060824652, -0.6972163919107109, -1.9896049209622162, -3.9791328391305814, -1.367673036616863, -1.5948588449597947, -1.0806501815661216, -0.6272069515570843, 4.3347644560917065, -1.9761562404124617, -2.685599730948349, -3.746393697579998, -4.389200572465629, -3.956917512127681, -0.19766449375647333, -0.2603437853331514, -1.8889561946460673, -0.261843137758736, -0.8980064563262052, -1.2388363104131577, -1.2885757635556967, -3.708592043961614, -2.5900187016497003, -0.8028433630764271, -0.09950224786162881, -0.12232396813454448, -0.8347261774090128, -0.2754772497164127, -0.2160444072410244, 0.5903762514187931, -0.1424686478092851, -0.2214166585621751, -0.47969044607709954, 0.1923171277946409, 0.18744955395321022, -0.11777521697980971, -0.2159059065544409, -0.17811722477064326, 0.5205297621922396, -0.14134638593674662, -0.14558694021947677, -0.34431350005586797, 0.0506729812556902, -0.33462826704573545, -0.8829828379302106, -0.48477863494569085, 0.7660669005776751, -0.1616881636645674, -0.13867907625519796, 0.07995793725521667, 0.43162539138573786, -0.2045052937113634, -0.032335465729016924, -0.046640492050816565, -0.4566872926254955, -0.3611714013912824, 0.04710676009340435, -0.33994979223376887, -0.9184674523283041, -0.516543638219677, 0.7590880744874056, -0.17321553663753406, -0.16344706172677148, 0.1573602041861475, 0.4665470657984127, -0.18395569475338633, -0.042580587850720546, -0.052077575481137665, -0.37768184954857686, -0.3817382515252936, -0.9615173412467043, -0.9534862652184984, -0.039955768754145686, -2.3677380203696936, -1.0147249656719228, -0.9110555288573227, -0.884917176521786, -0.9301079107697985, -0.31962851886106736, -0.31718208483396226, 0.09000041797522837, -0.6117419493534826, -0.3126441594392691, 6.74537779480907, 1.015628934106779, 6.110557138172881, 0.7875791396939638, 0.46503606123481883, 3.1998450278539448, -0.23161911126014986, -0.23386719201998296, 1.8034193113778103, 3.914258290947061, -1.1444050440958027, 0.13929006313232667, -0.6520877493566973, -0.6857860592552883, 0.10092661638351792, -1.1638384285290444, -1.0284282895163819, -1.0455234831315603, -1.4900477376929964, -2.475570632560034, -0.8730255175498149, -0.9032030971633426, -0.9785742298376268, -1.7811623617410746, -1.7417172406069081, -1.919625409720188, -0.56933427568654, -0.6229327034450332, -1.0855000245925668, -2.1604870451550178, -0.9887613091286256, -0.9426073992226259, -0.945922451499419, -0.5818146749155044, -2.003861296926823, -1.4007482541200311, -1.4275576680963007, -1.823170840884996, -1.169316101412027, -3.0456703226029136, -2.440608623922624, -0.47729246703435413, -0.3317918895426449, 7.656045091257637, -0.44604405966337307, -0.5752125721077764, 3.097681154617412, 2.5651693465226346, 7.718875704711559, 3.357669104988902, 3.3557437407125295, 4.221654006412126, 4.0726534419825375, -0.4551335369656586, -0.28951451948001866, 7.721488310198118, -0.42806315500447945, -0.523879133778937, 3.0064080572884238, 2.639621111774949, 7.719633443357337, 3.3726583889228747, 3.345654083139619, 4.208278571388289, 4.056753936309939, -3.074091987386502, -3.640520835980863, -8.43814564001626, -2.0312323183871803, -2.1982552290850155, -2.222939866344915, -10.973715813204592, -3.513857469626949, -4.484925726739129, -11.362032015365605, -11.619399558322382, -17.788745081975883, -1.1776395632718142, -1.0608099882791406, -17.04134785868926, -15.934006129036472, -3.1474595379195267, -2.1851014080852353, -2.15651025835769, -11.124170356945559, -6.488828906121038, -5.094942462238519, 1.3419394743476876, 1.335056601247513, -2.251169625375174, -1.1405350068583284, 1.8917151901925715, 1.634836778930208, 1.548646011450367, 0.48086624659579913, 0.04138669422457992, 0.982611770503278, 0.9996504012056243, -0.6872637482772465, 0.06784891647955017, 0.5350620349317473
7, 0.12417250251837553
0.793031724539158, -0.4051304192401009, -1.1851349238281894, 0.03388405693674157, 0.2113037478134778, -0.293111194057012, 0.6047563876058613, 0.21480747236047226, -0.6526438383232092, 0.32432182845919005, 0.7837085235877391, 1.2028049327127892, 0.7935442136455847, -0.42440781383989146, -1.166703829819569, 0.04845836853071321, 0.22202826764760328, -0.30733562777895496, 0.5973730675106708, 0.2962375799524428, -0.5445699168853477, 0.2894912083971979, 0.7996115665022603, 1.2397495691747553, 0.39205101004068177, 0.41087656672643474, -2.225369082013669, -0.3952469429183645, -0.0887197096658395, -0.2386775539044703, 0.45879325593976206, 0.5254968413041978, 0.6944302971974928, -2.8453317564114884, 0.4864111461615058, 1.8111042728720905, 1.5834521515055555, 1.6926591838082348, 0.3460718675887937, 0.33395561042313454, -1.809648884856907, 0.08990594147043408, -0.8691204853569656, 0.40804356472292225, 0.3908001372899647, -0.5695860447111353, 0.014891847694346406, -0.49100594990853336, 0.5431632723514884, 0.5323851151701163, -0.7066496110482557, -1.5509141861989704, -0.4200687316904537, 0.3000323926240131, 0.6824755381620302, 0.6086177754553381, -0.08644187365576213, 0.5120063107510296, 0.5233905969226815, -1.6922586625317757, -1.7442135308490865, 0.142032094352759, 0.3958680308268385, 0.04041885479635694, 0.20923031488257227, -0.017343169326283384, 0.6964539298914749, -0.5501852591244402, 0.029124516249983776, -0.4777505405797086, 0.6522584376445014, -0.00022533813560550366, 0.5663188346263603, 0.1401862965714514, -0.09503714806588981, 0.344490114201279, 0.7738496650700469, 1.0659407058392323, 0.25007706440422905, 2.697222700154814, 0.7007144373057598, -0.5646124028191549, 0.036382905025786845, -0.4707533950037079, 0.651583757324817, -0.001314349022260299, 0.5397514780330953, 0.1929936520951345, 0.021593214993264217, 0.30057030416683134, 0.7889345197242994, 1.0897267726612372, 0.23948741159105966, -2.69646275837781, 0.6355978016124957, 0.6394513561261391, 0.5746272313647618, -1.1553139721421808, 0.12960182467136008, 1.2161669072514434, 1.2989450295909692, 1.5975489809399888, 0.5433431849541275, 0.5944373520112521, 0.5034169369645878, -1.181899568618084, 0.5949502326239393, 0.8622217845554787, 1.0410993412823077, 1.514900164872241, -1.0357484350560546, -1.0887947427791267, 0.38300185655098573, 0.7708970019318774, 0.6564920911930444, 0.16892026083954756, 0.6115428324122151, 1.277173011909177, -0.04250968388443724, 0.7202483627664796, 0.7224263464989855, 1.308306101714, -21.269711486634193, -0.1120779562626393, -0.1361747087337547, -2.031817524232701, -0.6395985945690358, 0.8194724631479289, 0.5859756205234739, 0.839756162923168, 0.5421953690269425, -4.276157295856618, -0.010657718229432338, -0.3095059078266945, -0.36350994536576847, 1.771166676683112, -2.4541407539742823, 7.9251449732524435, 0.28244303277083593, 0.2994336438683733, -0.4221563251326369, -0.0182251871471963, 0.4160747421335873, 0.4708586205361888, -0.6559647866863341, 0.026300321440220608, 0.39407704865194926, -0.20544414912582723, -0.4203694615121327, -0.2993487045287739, 0.43451559792558164, -0.22988712459450494, 0.5809458414877393, 0.8910774258443205, 3.0322387983134993, 0.5906881037825128, 0.4999319596973874, 0.45362291356129114, -3.0595880029989178, -1.2287516634104638, -0.4219327849144695, -0.26879973583371825, 0.4133713798026762, -0.21336198266514694, 0.5306623644302512, 0.9766777773001196, 3.215960359477047, 0.5922793131442179, 0.5138017601266581, 0.43945586059875047, -3.107862864215045, -1.255317367217163, 0.3878967044224015, 0.43884853236593974, 0.4952287129059919, -1.5026668702114663, 0.47608424846338143, 0.46095732988138116, 0.7237290258552163, -5.306557448012508, 1.067448158786219, -1.0441048057574558, -1.1238023958031462, -0.769697342590719, 0.34233780365498145, 0.4049782570472198, -0.273117436080838, 1.0256368998714107, 3.0674062648999745, 0.5111658946318274, 0.5163947794017375, 0.8380512711463836, -0.11588663524558536, -4.9922854900608655, 0.5583461779521018, 0.5511707214822416, 1.5095715476653242, -0.46888278167564085, -9.533050256532091, 0.07814456407502629, 0.3008739325484532, 2.322223727147, 17.238168425074164, 0.7476223619732466, 0.7723127448700854, -0.12090593808277082, 2.1471197956202217, -22.065178450553606
0.16406031687579853, 0.30243571642560085, -0.1474001318261505, -0.05965539858143006, 0.028307369103502743, -0.043468417478513016, 0.02877305598313617, -0.12877606613871323, -0.31739643180872984, 0.03581304589875826, -0.12175886763654713, -0.13306720588950022, 0.16409681387769093, 0.29443848802385164, -0.14115102940851082, -0.0604355256062296, 0.04962873505123739, -0.0730636560036668, 0.03219428777420367, -0.124206321685026, -0.30423481708362854, 0.029508772752775365, -0.12404610473743262, -0.12602173045081438, -0.1511086380756083, -0.14638555958061408, -1.8286896725913238, 0.3034999682099418, -0.15562581121918345, -0.5843011102153088, -0.5026013124628845, -0.639881686188846, -2.2886719779731655, -2.0495211968066473, 0.27005371964605457, 0.3183436287214782, 0.3839997289779827, 0.16918623558262558, -1.3018938166647815, -1.3015453560364059, -2.486208873451274, -0.9103341057896216, -1.7629183118019116, 0.023306792858382733, 0.023832426626027126, 0.23864469839036828, -0.12781571235608097, -0.007370322000227477, 0.08968262680661525, 0.07166628036727113, 0.3133599269354837, -0.09863395015480445, -0.04053008489829081, 0.01776345211392803, -0.033659528847237025, -0.045695979624450635, -0.09566231830345738, -0.6369760575815226, -0.611705272469698, -0.6327896394055854, -0.3984292390696478, -0.37900904017642273, -0.05019270332113165, -0.35605156961535495, -0.34478976448782783, -0.4023924463651798, 2.171974227347604, 1.3741116830569398, 2.5338283092999667, 1.4001049047418088, 2.178478912459483, 2.028287149498978, 1.9226850504299051, 1.495611021707597, 1.4571047576195726, 1.6891982188618646, 1.7152040874162882, 1.0215917642989056, 1.5723285634966868, 1.2184372538917654, 2.1655711429954465, 1.3348935957535444, 2.6389233937693386, 1.278813753220055, 2.1860462609864397, 2.016823498299906, 1.9232330486799059, 1.654219037986872, 1.8536832954934452, 1.5726425880211583, 1.6288643797672726, 0.9464419710236643, 1.4190244547048685, 1.1024136907946571, 1.7085859214982575, 1.7148878521833832, 1.1972213127356304, 3.827457123488664, 0.9313276323164905, 1.0385973109578157, 0.9618395739246762, 0.853180833094208, 2.1325310095680607, 2.1630629001293857, 1.9714630727231202, 2.2196854555724337, 1.2937080280500846, 0.3714843874105788, 1.5166617367777158, -0.0015752190900778346, 0.7453866614607617, 0.7799447181453404, -0.5972174176069637, 0.5624064587991574, 0.46972735596650694, 0.16782721453952312, -0.7878360092228237, -6.986382037861026, 0.9768456815418808, 1.5018791566518692, 1.4274704195982004, 0.9039734740262881, 1.351467177028289, 0.5963420157781583, 0.4036655795053127, -2.1679684782362623, 3.1967298663097083, 1.1538950972105249, 0.9633806874136025, 0.071809526621642, -0.3393324800198623, 1.795586285064997, 1.508340463895732, 2.658284975692562, 2.3139160966182075, -4.066024388538767, 3.302023439525712, 8.79241699494053, 1.977979958657368, 2.0343781160976224, 1.8163563210669993, 2.2443303629960565, 2.637956686135029, 2.7258484218013335, 2.9577435523249274, 2.919106785877967, 2.3238449918260358, 2.8491771451211103, 0.42876508989111534, 0.3479502238758142, -2.954243327803192, 0.4228926833745782, 0.48889104891530666, -1.2637963644076609, -1.1841358235997534, -2.9372937509936357, -1.2201662763990948, -1.2660246560596793, -1.6997772916976583, -1.1893429435521428, 0.46700385529371724, 0.3706033306027986, -2.963199899160078, 0.46435327446586194, 0.5174978344656087, -1.2313482743887483, -1.1608167366454256, -2.9327699723355947, -1.1966619779415075, -1.3069715635143688, -1.6633901734065875, -1.2479974595771839, 1.6587041965420872, 1.878016136312451, 3.904698044252396, 1.4939678243641197, 0.9070264499673909, 0.8910760680846824, 4.645329599902026, 1.8632386250236201, 1.194201584706277, 4.927260562710794, 5.058182417474632, 7.646913934971036, 0.285842533704153, 0.2816937840908753, 7.345342001779877, 6.872790614935816, 0.34619791034958736, 1.0529623148039062, 1.0876515254872097, 4.642032177996404, 1.954147959115858, 3.363444301841357, -2.3208618575379982, -2.3398439091265963, -1.9354793449015295, -0.24345250130136933, -12.693456930127283, -3.290671593902022, -0.42671155639003205, -12.034679235714814, 4.031359816377727, -0.9460448481099353, -0.8826359135438802, 0.9146938494455802, -2.154836943228182, -5.249989119705721
7, 0.11254500042184913
-3.639475191437935, 2.554754261437426, 2.8854844934319974, 3.541430040164822, 0.7686439371950923, 0.0368564456356754, 0.14784443757404603, 0.6342092082074483, -0.8554964026476578, 0.4717510358929891, -1.1222956070987808, -2.810822482167667, -3.6379194997809594, 2.5553778898967328, 2.8848431353801582, 3.544231219744525, 0.78132980740611, 0.03824449966801096, 0.1336433344526067, 0.11417833482825072, -0.7734299973108972, 0.4436751443589338, -0.9735791808102653, -2.8461590182658414, -1.2557027043623676, -1.28673191102013, 6.463237345206712, 6.164063982583465, 1.442555962224841, 1.4114973801772834, 1.2764299238648034, 1.383057831432426, -3.249338144628829, -3.7213573149370163, 1.427177937388801, -3.1182425030736103, -3.0147237556005075, -4.639841760532084, -1.2312341130036921, -1.252396375937135, 4.900470796280814, 1.5342825362253263, 0.7308668731752802, -1.1640292785861355, -1.15236073109671, 4.858932631058506, 2.4536816073210197, 0.4005246008420722, -2.2881521434717333, -2.306412630632562, 5.3379123448345895, 1.706615747624976, 5.900279250894399, -0.7840545674997725, 0.9507186468839365, 0.9261613820665621, 0.019605588527731768, -2.155833434669753, -2.1499579716659554, 3.3046928510715095, 6.056419661836098, 5.099789223757521, -0.9510384376176149, 0.38665582783159425, 0.533675431871646, 0.32782676005450195, -3.143063737362373, 3.5316772975423842, 1.5306946882016685, 0.33290439699956254, -0.27968802471954857, -1.1320712522507779, -0.18337036641355792, 1.4474257559859636, 0.20324140070057725, 0.5984323940113363, 1.9341077743978283, -0.44125486715687495, -1.4290926130804174, 0.2536167782388448, -3.1234486094676397, 3.4256816294284556, 1.5273310420875068, 0.28935457043338636, -0.2791230373881435, -1.1564508925707166, -0.18318605030660357, 1.5259685692512752, 0.29412263171654257, 0.5839861999439597, 1.9527665608475868, -0.338389557811508, -1.450737409766136, -2.184360915408991, 0.4230096410133475, 0.4584061101241496, -2.0688832996475055, -1.4200207174441275, 0.40852444967287704, -1.8814467668418595, -2.3482404312072434, -4.169234746389612, 0.4668291656559264, 0.5157140843262521, -2.0648509564608575, -1.5727464429518632, 0.8989061133836201, -1.0870557812227368, -1.810041343770825, -3.941306447602014, 7.485457857555906, 7.457022852425094, -2.6142558373407523, 0.5407966110966825, 0.45812345505769014, -1.7128525744678966, -1.3909731507440075, 5.1067213201017045, 4.191801613361944, 0.8598682291581193, 0.8993657141718134, -1.572959656916243, -13.457639921098275, 0.4949994411492861, 0.4457297069506184, 7.3098705417025105, 0.7600636658647872, 0.3617406724703426, 0.22056869728932577, -1.421342908927074, 0.43127412779555263, -3.5054086589447393, 0.48866107512553847, -0.16546022829991888, -0.22842890106279665, 3.171029582859815, -4.864518124639178, 2.332879585543526, 0.9344592860823723, 0.8531463176384103, 5.160475759339272, 2.1643843662033877, 0.011743606971777723, 0.056572733646012376, -1.3627482600998968, -1.506026275153541, 1.2749788453912365, -0.18319770239513955, 3.1126214100510836, 4.698029312058496, 0.20469078827602716, -0.809054640095252, -2.2084697821258428, 3.3718508932977693, 1.3016856272459714, 1.6169887104402734, -0.6927273987281314, -0.9016586964436949, -1.8319670099220566, -0.589323590150177, 3.313273999014624, 5.707000767537158, 0.18399836684232468, -0.7889949713001292, -0.7664528859338987, 3.4463449993557647, 1.4135809040614737, 1.6198266128720853, -0.6232336434694118, -0.9841814256289407, -1.83844832001477, -0.6177521569152441, 2.2777979923616125, 2.3028477421015294, 1.432070297018419, -1.1763937045506585, 0.8428248823688138, 0.7733614097151198, -2.0024727208789703, -4.895767620364575, 2.1970090867859002, 7.546923602026919, 7.675452642416556, 9.615975281249224, 0.2227259108105856, 0.29049373416556407, -0.857009294047212, -4.1900986357602426, 3.821039877820599, 0.7449548601120632, 0.8033871351573127, -2.1802920946094457, -0.8725897589719297, -3.896186957858605, 1.0410910728857858, 1.0218597334461734, -0.30744986087591814, -3.4271383854714204, -3.091540967184994, 1.1712756176674504, 1.3560251329484885, 10.160946490833119, 5.870688681823436, 1.26775366664102, 1.284293238059656, -2.1729895199023472, -0.4095896076567971, -9.727228436708444
-5.753989838176537, -1.7831532886431474, -1.35224688814703, -1.344531219609299, -2.027302572847094, -2.232997759432941, -3.9635176608146363, 1.8264795159701923, -0.046375966791729596, 0.05388372354799788, 1.6976016901507587, 1.910188927304666, -5.752357360932358, -1.8141565917141629, -1.3208578572731144, -1.2888343777709221, -2.024065669170115, -2.2668389945738676, -3.9527729575304575, 1.8877073915686922, -0.015655475576685975, 0.03704285295495572, 1.885338225325158, 1.9269658354592762, 2.5991958868923253, 2.646122627934341, 7.506875973943699, 7.146439211578949, 5.24587626015202, 3.018011621066353, 4.456120222149781, 4.686021956807524, -2.394323126239867, 10.878208636503658, 7.24029863331606, 10.415573250906279, 12.461018451463389, 12.152113708417168, 3.5602593402756972, 3.481584396982309, 9.844928287267447, 1.9454050045658835, 8.037188119909993, 3.7775688049621605, 3.7044778514445853, 8.992655110151409, 5.838164697252968, 3.666998188222138, 1.0659863518144321, 1.073894345522519, 1.6228236243538658, 2.594239673684577, 2.4565334626546225, -1.2044312982207273, 2.0729608849995165, 2.2768021051110123, 3.239732689426092, 0.8610245297301763, 0.8885568014871102, 3.4190697305062994, 0.39600259585188374, 0.20305455187026047, -1.0298192501152328, 0.21569294892017524, 0.22692687360135783, 0.6161600614697789, -0.8517982024532861, 0.017205367466665136, 0.07323264409032756, -0.44324911120421284, -1.656024969429745, -0.4661950440303449, -0.41462771235653917, 0.9086920070936313, -0.2546476263798522, -0.3749245918867863, -0.614146191334772, 0.6513853500885097, 0.22621921096877665, -0.1819229607863432, -0.8929227506777873, -0.054329862976289604, 0.13075370611362436, -0.5911325281952085, -1.6900014287460101, -0.5000311113652764, -0.4956150907480838, 1.1251644828716976, 0.09932647974670447, -0.4369719466554989, -0.7306179283668155, 0.5469003423935711, 0.20567173674529804, -0.31509190955486843, -2.2844460721166064, -2.2692227392340643, -3.695916071053302, -2.4342487305206317, -2.1778725531761176, -1.9650871863290467, -1.8987267082478356, -1.9965895631223176, -0.8638504975520244, -0.819756479805031, -2.399705823999544, 0.10999972329930044, -3.4211544227335877, -7.188112294357307, -1.8557473999119074, -6.400806339915289, -0.6730365854523805, -0.5560276135129297, -4.089153654089257, 1.220777833733847, 1.0918785615498208, -3.7963920058144, -2.8704712944990085, -8.40941239557664, 2.7007533520850635, 3.2095723354877568, 3.0880500980457604, 2.620760409138173, 4.4731950671769924, -1.5582705744553929, -1.7347771980840576, -4.551970409330253, 0.5571489590074853, -0.19755976163455752, -0.38211963839165686, -2.1492683843327716, -3.0438709629474694, 6.686137666779327, -0.5672986177136261, 1.0427018284939078, 0.768480985261194, -5.672963497019584, 6.7558810289215225, 3.3285207950161326, 0.5579990738563004, 0.5952083714939767, 2.2816725165075327, -0.325327179006841, 0.4609283444956262, 0.5244477631728027, 1.0625814688739488, 1.3780446495525642, 6.135836387058103, 0.7104759226443942, -0.4693377056854232, -0.38957073509805634, 2.56288824205388, -0.46677839351250366, -0.5303015653905353, 0.6530490314373277, 0.5865656871188231, 2.500447116464575, 1.1540282521084981, 0.7721921620197881, 1.1680281664131784, 1.3031849395396626, -0.5104980858573707, -0.41541517573668496, 2.59516190572765, -0.5111184377818913, -0.562888421054244, 0.6665509082395167, 0.6415747139889617, 2.5030677548127893, 1.1240971694123958, 0.7799991651280603, 1.1820408499631507, 1.2262150136548065, -0.5335696628721392, -0.7523767034662294, -2.5756539632162103, 1.7770294614779183, -1.1438041532929242, -1.1238306718711868, -4.448124320200397, -0.7062788388255226, -3.195893368882168, -5.801695587577757, -5.904943218366226, -8.652974246101694, -1.6408087507110067, -1.5947595353341557, -8.385217750156858, -7.858122851466016, -3.2997795164317063, -0.9250602087442794, -0.9596754026203237, -4.02500989325569, -4.645204687927068, 1.3329046691817008, -1.3847594521939293, -1.4034815482888974, -5.192570059954803, -1.0222436778268222, -5.883174799149601, -1.5987315223586995, -0.005427221741268215, -9.229359792327982, 1.7309111190416198, 0.054234761259275184, 0.14161364529063408, 2.242182909011912, -2.666421327610512, -1.8273527122724573
7, 0.09976108203892385
0.04689319089572952, -6.345450562427262, 5.895862483326201, 5.516257390140467, 0.7539555809997236, 0.361479625489339, -0.3407326134189835, 10.02695303371366, -0.625128567487606, -0.5414752472195088, -4.35824172888068, 0.6615632542667652, -0.21687368303966822, 6.572357390266124, -5.865104888173725, -5.286731769678229, -0.7140354482401705, -0.4638481034804655, 0.4385525210416024, -7.919636516210026, 0.5325229645630987, 0.5429335093025142, 4.099773068443951, -1.0666584674649453, 5.33687232583224, -5.167762352371793, -0.030656378796306127, 0.09898397497605266, -0.11270968970409094, 0.0033499754076254137, 4.727582658815258, -4.658350229071217, 0.0022066582652942226, -0.16861286432999786, 0.111190044041738, 10.68586546272914, -10.003695975241873, -0.26991867292932314, -5.53521668130666, 5.5554674077130946, -0.007221021497307349, 0.10314755480842146, -0.07073801130972619, -5.448846097304656, 5.499631022024512, 0.032270484841177, 0.12974832226926808, -0.029613703025306727, -0.7748335456818377, 0.7226864532799935, 0.15527174245802555, -0.18451418143727735, 0.06324648830720024, 0.01356986068712067, 0.23197535350261547, -0.24402587824839778, -0.11468494253439977, -0.4791385310326772, 0.3680584203605549, -0.0114512388218374, 0.059957611011123825, 0.24670292625816434, 0.0034082053869027226, 0.38732776742777, -0.381599617735995, -0.09567265990591177, 3.315385171783374, -3.758813554630377, 0.49178081960680936, 0.16114321078932242, -0.5273022782951151, -0.5585451567258407, -0.6804088955455585, 4.430119049447461, 0.09850653002250985, 0.01626526149378474, -0.2834531323713394, -1.5880825239302703, 3.2461879976655634, -0.5495486677575001, -3.4384206242315885, 3.887588538370301, -0.3285504647659824, -0.2503165207669304, 0.6141923838698468, 0.9203232888733112, 0.5310808231571419, -4.298854674354959, -0.11152885981545689, -0.039871053476558393, 0.4946533019307596, 1.4291411598524484, -3.4791773062837588, 0.8983270823166971, 1.6625513734483255, -1.5783263238301426, 0.556682749866675, -0.06678636324631113, -0.033780048008490375, 6.849862161176203, -8.00615107539526, -0.21388793612538828, 1.4307326040152382, -1.3002118772870153, -0.28202035490889316, -0.10960131068692401, 0.0642766264537529, 4.477891462123256, -6.301348257005356, -0.26476087548952726, -22.570105780736547, 23.28181078122904, 0.03455255342813852, -0.83292038378984, 0.9831253443379648, 0.44646707041222594, -0.21579627202772816, 0.03129344856623384, -0.005106411156526402, -2.9174339032684977, 2.9545357869431625, -0.13280310817141647, -0.21240591583731852, -8.056340453239935, 8.09485662308773, 0.019189814140937962, -0.03139001893902705, 1.012437718286304, -0.9078403484295389, 0.32308532177414595, 0.023354997452596678, -0.07518790402665876, -0.057043287113575, 2.1377030818836196, -2.2493685552023193, -0.1940355258268782, -0.19740610045499735, 0.041613285613443796, -5.536128663107786, 5.572730510148124, 0.05878336856740753, 0.11352317186590845, 0.830187449187453, -0.7547826579563136, 0.01751810425797324, -0.20943827973363577, 0.12014526924151869, -0.07465979391313197, 10.859845058979849, -2.0675429228432667, -0.7251958876441431, -0.12005956491850561, -0.5901490410094447, 2.0368490038400857, -0.918712654204563, 0.10635437222963767, -2.5528915455084946, 2.492523948352171, -0.30204321684925334, -0.25033752894364714, -11.083393946424684, 3.3829798159809017, 0.8477341316367097, 0.27304205919661667, 0.6258664843447497, -1.7387094384775803, 0.8464554358824731, 0.04927249718004215, 2.4520787089320395, -2.632275699242237, 0.0795620125749041, 0.10820723381036582, 7.649847293211088, -7.113248490388641, 0.296900855002351, -0.039459687595626534, 2.322805298385604, -2.303229867977853, -0.06375151905954841, -0.20018155758090103, -0.09576633330258827, -22.759883238711073, 23.85948364813831, 0.6338206601298244, -0.3343761660493721, 0.4488423308697244, 0.04971666850513185, -0.7913017701546816, -0.003434463187632119, -2.254783304391039, 2.2730932384893405, -0.08235953429591378, -0.15293750264184017, -0.06627409807898087, 0.2202325763280842, -0.1725172375730541, -0.1182090894206252, -0.1410686557535505, -0.028725228525309815, 2.835038491681131, -2.664872137773665, 0.11645927721350868, 0.11276525701504904, -0.08329129012567468, 0.1403226339060842, 0.006972782779956519, -0.16527078406275797, -0.18359773037431268
0.24932600993572493, -5.822035117751428, 5.69834707411079, 5.599155202950733, 0.6605157299816857, 0.4006301432644877, 5.039566390788837, 8.855706619989201, 5.391411532360168, 3.8920280596723225, 8.4892802247101, 9.060400747023728, -0.16602817409721626, 6.004554128542915, -5.6256375952754905, -5.5954976850795894, -0.6993743135333662, -0.35906162375709233, -4.896822740032044, -8.785596057259248, -5.297641724581698, -3.867893845908602, -8.77398840821805, -8.86529226946721, 6.554550761262663, -6.512274950214999, -0.08194501530508791, -0.10962731229379177, -0.04937826079314953, -0.03331770990398453, 5.022678135621184, -5.108713221106797, 0.06022570945252282, -0.12369755112714481, -0.2067640238912264, 3.9011764406339884, -4.6938689290924325, -0.3094539942883712, -6.0043007285844645, 6.004875612021977, -0.10024241129192389, 0.0006023560186232827, -0.08772916350445438, -5.619863716898334, 5.426931858932971, -0.20211270471637652, -0.13606826880998252, -0.098880599237435, -0.7443480221780777, 0.5819129818288036, -0.10341214636350037, -0.042838338830146365, -0.07268450568521949, 0.021488563134265913, -0.5794927670750779, 0.4517167215871552, -0.05292509954677353, -0.3898542408786132, 0.34960400778132766, -0.07120773667284488, -0.008300648558029533, 0.007108640297783842, 0.020480355017648718, -0.19983337100547047, 0.18825660337295538, -0.0016396159446291892, -0.4509640223034067, -1.7785319985713721, -0.48982995768532145, -0.39478686076054037, -0.9170335393261871, -1.3234629520720018, -1.1496145247179803, 3.1351896341429732, -0.2720033482200885, -0.25870982334610937, -0.8684936266099874, -2.8881626426409106, 1.4952835350594902, -0.8846897721930278, 0.38452397803025473, 1.7409327862378958, 0.38848541812340803, 0.37527871746382224, 0.8888857186190581, 1.2798120811353562, 1.0583388981775146, -3.221535916650998, 0.2326681644850111, 0.21039675883889628, 0.7829884187339798, 2.807245805744835, -1.539269501509073, 0.8232029506811064, 0.5788664929176651, -0.5734847585957984, -0.00813205266355638, -0.0297826879942086, 0.025194205338392128, 0.2833728114400635, -0.19560310673031087, 0.020836533224990673, 0.4745270020339309, -0.48131408365085826, 0.10465409898941848, -0.03975085186636154, 0.08185234935426879, 1.3161340867573306, -0.8001144168687144, 0.4256572346697331, -4.5047585722363, 5.218674120989285, 0.04746907399433032, -3.2055750932249305, 3.130352439050757, -0.025170025257493824, 0.16074754975100233, 0.20890701515245771, -0.05247016705614309, -1.9383068112354278, 1.7893153293942625, -0.0030698149550071672, -0.10804985333115379, 0.20257265510459435, -0.14713824206191367, 0.1220199639625498, -0.06115616291266819, -0.31726742957019477, 0.30407604938180854, 0.03953390117284376, 0.06932408393924344, -0.1398229681843531, 0.004221810718044218, 0.30767687801038895, -0.40179424357685317, 0.15337506921304228, -0.13886091317610755, -0.010465183364184373, 0.09413253631256815, -0.182690526722769, -0.06951728238274235, -0.018013664412184254, -0.41985091860747314, 0.3122674723858457, -0.060517523849104755, -0.07573859021927885, -0.2809678917829013, -0.051327991835817655, -3.1086591817342635, -2.7849569136899053, -0.6015907237080503, -3.182756810506433, -3.3982737217061705, 2.1562889598241073, -1.2403209196988079, -0.00522069427278111, -2.2927334155141272, 2.16739025723963, -0.2423792094841537, -0.0010390231735864905, 3.1323387080590033, 2.7727842261971962, 0.5286500317326064, 3.2126315663870666, 3.3927794120957038, -2.1234912137267434, 1.2088416024919437, -0.029245678830913856, 2.2811583434655547, -2.1627916661464814, 0.23311347182921074, -0.01944138832210578, 1.7878592803528972, -1.8127902750252234, 0.012250753169765434, -0.07782280633742723, 2.3870467258395442, -2.3370209510273487, 0.05524239962190466, -0.013189059901317584, 0.07758132132609283, -1.4243892993220284, 1.526845487478927, 0.1870965166448972, -2.4206813886789087, 2.5122617550530446, 0.2084145771284798, 0.22866530016655892, 0.08717248955389115, -2.4378278718122557, 2.4747602745817012, 0.03809535161473304, 0.0955137856705788, -0.06050878750076224, 0.2638142550277051, -0.19819928857003266, 0.13240567161846828, 0.0025424142627878243, 0.04913023976236417, 0.3255658985303496, -0.167359334666709, 0.1686421354813735, -0.01677895286412228, 0.04556608084209021, -0.053215318355779424, -0.08059128553501499, 0.07059355861689123, 0.00865380818141157
8, 0.34270540798322396
1.5561118587782472, 2.267153437332432, 2.3828643983879734, 2.493327233545796, 2.3977192142595776, 2.159124907856992, 0.23060851840071994, 0.361877117287194, 0.2669563199109136, 0.31868213894168296, 0.2765797497476872, 0.17409737091043254, 1.5567729642752262, 2.2684912838414197, 2.364731888728345, 2.506800013099439, 2.4001999936698595, 2.160592771936381, 0.22974084517170004, 0.34912948211632444, 0.26580930776869816, 0.314433610305457, 0.27585352720548423, 0.18328750686521547, 2.2142377176091057, 2.215293205594472, 1.6467884401430077, 1.7253183982970655, 2.3937755421885774, 2.1035720239037308, 0.4560656643947827, 0.4563928452218514, 0.4081683550544483, 0.2976900946754233, 0.32511265262078415, 0.6060744576642689, 0.545927611747318, 0.19080830482331304, 2.321384785233978, 2.3279354425023207, 1.561043557168526, 1.694984369817761, 2.247562902671881, 2.342742385310378, 2.3334562317189227, 1.567177216964662, 2.661080864208694, 1.4151952511612114, 2.367379238739607, 2.3636116344105247, 2.3563642824723834, 3.302377308345305, 2.304149418300477, 1.470315822776284, 0.4730187555416834, 0.47537746586126517, 0.29318146022191444, 2.423558569036502, 2.420852680307034, 2.4105817285300466, 2.2929196507745595, 3.973615235095049, 1.7088862696680274, 0.4336796721923815, 0.4341157908271471, 0.251199700647371, 1.7974438928778962, 1.5333478212356964, 1.8397740711336068, 1.5149613131837594, 0.23886584434533614, 0.25305547163164677, 0.2780901736480827, 0.35165141712094883, 0.3553808478810159, 0.44261979527772155, 0.1991338373137709, 0.21999693208457793, 0.30872347141090106, 0.20062305343886583, 1.7982415760459873, 1.5285029874420735, 1.8217265045555227, 1.530960044774565, 0.23703310277801748, 0.2549822255832888, 0.26829918325325464, 0.3545399591559768, 0.35456137727957476, 0.4404992723959011, 0.20273607870694446, 0.22553715983530445, 0.3116999366251204, 0.20797602991977032, 0.2994411898210115, 0.29923914034347227, 0.4105367314529297, 0.37878530909707436, 0.28331376527498014, 0.4113403710129351, 0.44999131934202014, 0.19325837716679128, 0.2914136379411437, 0.29950821750602696, 0.3888520022276141, 0.24702201640689786, 0.4434380390517702, 0.2966891696903571, 0.36190959260383276, 0.18863690708057082, 4.322191464560772, 4.308992197364153, 1.4567188629130363, 0.3742143665898966, 0.3750607162673309, 0.18390829197761188, 0.19337317369186327, 0.4434266628231359, 0.6531182382199194, 0.3086510947935949, 0.30911359217399537, 0.21644232295399918, 0.205366441259247, 2.9779455823301157, 2.9855864956157654, 1.5972518506416733, 1.4478633626207549, 0.3423300374353486, 0.34422688082115027, 0.2291805191881385, 0.308984785915554, 0.35765562011464497, 0.342011615413919, 0.3905236528296892, 0.389948611684792, 0.3148153292933928, 0.35111807354414004, 0.2287454021590772, 2.9364508206383912, 2.9542791151132497, 1.5922462223222114, 1.7777931308962647, 0.33556078690555546, 0.33693977482398, 0.28978121434477455, 0.2253001766503171, 0.29134615710172784, 0.2668136785461417, 2.3107433021612453, 1.3889028349062489, 0.22115967272706916, 0.17753699115895222, 0.15075300736418148, 0.4055091060848953, 0.23533468603360733, 0.17670747120875205, 0.2635297932817287, 0.2691209260639893, 0.27311496701167204, 0.29173023809154397, 2.41920243488231, 1.2830640131894342, 0.22376132931375176, 0.18020704830126838, 0.18400336105312057, 0.4075523395400886, 0.23798400380166626, 0.17672395440706995, 0.26379255361047, 0.2686812575776896, 0.2719500082295791, 0.29186742456910186, 0.4092384348575529, 0.39011684330001156, 0.3159979112375886, 0.18097785822027748, 0.26556723887570477, 0.2656207355357115, 0.19836468452805928, 0.2574710715136991, 0.3006070253459134, 4.359740805924508, 4.388432411724601, 1.625930869670923, 0.3798441890204278, 0.37999429837794524, 0.17699897776939427, 0.22318555056165043, 0.31946658785813176, 0.26021166180472555, 0.2602540309976545, 0.18874807827676834, 0.2867328691084415, 0.29090090611214403, 0.27422185387208686, 0.2746485029504779, 0.30163819589534535, 0.2247198335902648, 0.2240701779111072, 0.5950022364322687, 0.5903932659152025, 0.6420310518692338, 0.22454348232103957, 0.27106494095484884, 0.27099071398727353, 0.28120213421320395, 0.2863365668116232, 0.20206254752901878
15.531375030346704, 17.009538521313846, 18.01251217058531, 18.014058562325406, 17.340502685962253, 17.327807173654666, 14.126461210826193, 10.465315016947596, 14.181259114876136, 14.48964120141871, 10.113717295737255, 10.432446583101898, 15.52787561685295, 17.010228032494673, 18.01569304496939, 18.00488511926185, 17.31920434846202, 17.322717764946347, 14.120881678686004, 10.45953123361947, 14.175666979732288, 14.529549932598758, 10.412703161148782, 10.330264478579204, 16.941658303382475, 16.922342184007963, 13.307015897911779, 13.142711552206194, 15.851742583663853, 16.802831929436483, 11.287995292936682, 11.328546655523862, 7.651629968558294, 9.652450159704486, 11.047245171384347, 9.652669432673358, 10.466237769348222, 8.563101284439272, 17.380675472654104, 17.40002479804723, 13.654262993810601, 10.53286564714415, 18.885345517280097, 18.28480653883083, 18.299862512239663, 14.450635465782042, 18.994649625244868, 11.797811700182221, 17.370261588855435, 17.380740806357174, 17.034348812098205, 11.927109327449669, 18.366149162849656, 9.936469318409094, 13.027919515387826, 13.068247152610912, 11.979827549920591, 17.900091028779656, 17.900601641382114, 12.277115394691387, 12.920162265975273, 8.271942208087339, 7.493954026057791, 8.812226041554167, 8.788884847537807, 8.181348984995239, 1.824235410817242, 1.5284155936927701, 1.997801748898176, 1.542175659727429, 2.502174973269169, 2.3656578057177184, 2.3061533406656634, 3.6169079227257286, 3.1516886712680656, 3.024044611923807, 1.8254631025246617, 1.5756536279239202, 2.6461007897438518, 1.166230230414131, 1.844770186698599, 1.5495255875129856, 2.030627318995645, 1.5600663897589824, 2.5335108932165276, 2.3968969350916787, 2.3597225027521427, 3.6172596067367366, 3.153986283724263, 3.0163082067275138, 1.8267672308653062, 1.571279017228183, 2.6407300636184785, 1.160450721441509, 1.8118593103803595, 1.8065792526354953, 1.3103031631634718, 2.169307957695282, 1.5419229376405605, 1.222796893534465, 1.154528039013683, 1.1548778334230363, 2.019687630819188, 2.0231853260237753, 1.4711076747382608, 1.8185845890957801, 2.0695052885880996, 2.025921367030935, 1.2566391149703733, 1.613386011572776, 1.984031738178324, 2.001891426351733, 1.945606151576981, 2.7398587990205647, 2.740938436054292, 2.648584211161717, 2.5976027945660722, 2.753010488065119, 2.516905288581061, 2.2811179048465644, 2.2755708783696926, 1.970895992518088, 1.325902896041731, 1.907673221161963, 1.9092778882164996, 1.3774567363199435, 1.7937430507229635, 2.8010253098155573, 2.7995491120961438, 2.6567569522372274, 2.093448061091852, 3.396348092926499, 2.558086095205171, 1.9184697629940957, 1.8908776038343806, 1.066938136011337, 2.5931495668091062, 1.0818516632439086, 1.9021689863559297, 1.905153214106371, 1.4543894464478402, 2.2176182985574466, 3.7806205101690757, 3.7911578442659555, 2.815248858284801, 3.5361361672302225, 4.495006380269001, 3.5273825262740055, 1.388879873469089, 1.1244992521272172, 1.8480022061853818, 1.5855422959108512, 1.7317888930622227, 1.9805773075477215, 1.6977270006232452, 2.0108519613277718, 2.3381731550246823, 2.3211215842187896, 2.290742115739439, 2.2924336529771616, 1.3788197759184708, 1.1062903886473663, 1.8281539797514719, 1.5759425730933654, 1.7159770702179635, 1.9783297799986208, 1.694423442717049, 2.0105531835984216, 2.336527106026534, 2.320077614689548, 2.2911156806430517, 2.292268803686096, 1.6559773059987386, 1.682913089656234, 1.6549634195047818, 1.154349385068853, 2.3303722024923403, 2.3285545025265533, 1.9129955136988135, 2.3879756650405546, 2.280974608380713, 1.3901446992282758, 1.3643562549834025, 1.1558168023710125, 2.067070186913966, 2.0572656083480716, 1.5902770209554407, 1.6243153030556816, 1.7243865590598384, 2.3919856263916044, 2.392440643338518, 1.9778672613223285, 1.9951568681895566, 2.4189875817920474, 2.2564752725915547, 2.2574307918730923, 2.3642714518021304, 1.924529753713862, 1.4194818706956525, 1.2292666085305874, 1.222953579117736, 1.2892828725177483, 1.1862366805197366, 2.4202481016702007, 2.41997308242048, 2.4283026036312156, 2.383564780514215, 1.5079277841821292
8, 0.29841500702248824
-0.27185022080767784, -0.3672349528763515, -0.4249046822836229, -0.4434064660390546, -0.4201826661916983, -0.38104497969883255, 0.2360491969118397, 0.2409835125667426, 0.40817318839763006, 0.26018987353554757, 2.2461816137710326, 1.4457198489212895, -0.2719613201716594, -0.36740875600673867, -0.42165439263543425, -0.44585588987825203, -0.4207281056742789, -0.38129825823670277, 0.23448990700706693, 0.24090750767443314, 0.40966974970471054, 0.2566002485524742, 2.241372263445327, 1.522648482938602, -0.3680497091101065, -0.3683375081373623, -0.285690159924717, -0.2992446146295889, -0.4104912990575588, -0.36997822313465334, 0.6202333783539822, 0.6215892997102873, 0.24232491900393655, 0.6659776844478851, 0.2604405994533844, 4.9199642695882755, 4.429842414928756, 1.5923707522527748, -0.4059814393240023, -0.4071460924832365, -0.22602914420928633, -0.2974658502365115, -0.39104905424732933, -0.4097627481502625, -0.4080630122237437, -0.22019489938519526, -0.46437682447766415, -0.24789832663640715, -0.409630629442909, -0.4088776285702839, -0.37628110362148093, -0.5936465871523765, -0.404513567961736, -0.2637873072845886, 0.3168405228657088, 0.31895264937352735, 0.281960579164419, -0.4190977106699987, -0.4185425085377923, -0.37068884142322966, -0.4059140071730909, -0.712723797251484, -0.3050115024482473, 0.4715616266559661, 0.4728008912259905, 0.2819499985311903, -0.31587325957054224, -0.22478116722191663, -0.321151373050851, -0.26472729891736196, 0.1949457898749679, 0.35119567727545437, 0.27072569797058554, 0.45753007230000287, 0.39059638839175864, 0.26211522056377357, 1.674736260965515, 1.8061096813243371, 2.6013484397656392, 1.5904037033847762, -0.3159614021983559, -0.22305105101422298, -0.3180993020757218, -0.26771191966631397, 0.1941425109876233, 0.3542366815023518, 0.26067082702544114, 0.4609894064069559, 0.39060945443229833, 0.2612881219937739, 1.7042692564313295, 1.8514878984140284, 2.6254543501776832, 1.6334026051469608, 0.3642906352022719, 0.36441544243463164, 0.27381337409647616, 0.5614455349490823, 0.24651952755641549, 3.3402466728207703, 3.652030513392024, 1.6124932530476614, 0.3075064531221845, 0.3124332498936649, 0.19840695321680996, 0.4518233455773641, 0.3644423116090774, 2.410481888421306, 2.9375508538281134, 1.570500109163931, -0.7299336659989091, -0.7276341295770936, -0.140620081965128, 0.29895855060340826, 0.296447636940019, 0.23806253936180807, 0.1983137523263853, 0.3327647307318486, 0.22208952242873725, 2.6075456763595697, 2.6113996195807325, 1.7778393837904083, 1.6915031494924389, -0.5198644200217225, -0.5213686631848582, -0.27504685756974984, -0.2522143937191492, 0.36436266066240863, 0.36691869828869705, 0.3088367833824547, 0.2773582423758467, 0.6645007584346154, 0.21551614749187417, 3.2448501528994003, 3.2416852052548513, 2.578065267315028, 2.9649770588549016, 1.7233948619088022, -0.5158259260954045, -0.5193666877135769, -0.2719436582503391, -0.3102282656662802, 0.2568553228048028, 0.2578129420756767, 0.4231522534534153, 0.26309343237134175, 0.23035514781421612, 0.343791040761123, -0.39128272586197704, -0.23572018439252124, 0.21862429190761298, 0.2546912753334759, 0.12914499727964435, 0.3565703158850229, 0.48953223670087026, 1.4527674664375823, 2.1509581480079834, 2.100887106557946, 2.368959024606218, 2.3599571297744473, -0.409621124007898, -0.18312493286944823, 0.22209255926698634, 0.25775930538504177, 0.18428249624638832, 0.3597916959185377, 0.49229505931872114, 1.45327171515008, 2.1526812683617833, 2.096241399195995, 2.3587911387130944, 2.3623836974606314, 0.506319962275674, 0.4821451544262887, 0.2439099231592277, 0.26821355598287516, 2.1118174362152193, 2.1113954400116435, 1.52165310893057, 2.2558170392956116, 2.3632175338758525, -0.7362793478666803, -0.7409499823376299, -0.2613103599688505, 0.297260268030464, 0.29775911249505405, 0.2553245612144079, 0.1784077779505055, 0.288538292180979, 2.156564780943332, 2.1583834827307777, 1.5158895842868256, 2.466181263733116, 2.3916527737235116, 2.2954944998641857, 2.299119868858793, 2.4800996451603257, 1.8781902087217173, 1.6740924969521964, 0.6749909406996029, 0.6698532613602473, 0.5550074887809253, 0.8708789528645011, 2.1678224955929646, 2.165473538208971, 2.2206254920920068, 2.179981416121792, 1.7474346581539526
-2.42355230056626, -2.413304617366064, -2.8173548386892353, -2.817830228734273, -2.6689416940845514, -2.634150445086042, -2.219032412813465, -1.5927185901364176, -2.2153129044094144, -2.2765243226461105, -1.5394939455950802, -1.5874972551383604, -2.4232390186203627, -2.41509879126808, -2.818160804806791, -2.815955314078305, -2.6634480825741784, -2.632268798427858, -2.218488278757058, -1.5917286943540339, -2.2149810922098663, -2.284239437331796, -1.5846017265166477, -1.5719372803501914, -2.4654077672964534, -2.4621084232573818, -1.8398498586634409, -1.7449274532713188, -2.290362184037499, -2.397946085404005, -1.5469499216419644, -1.5692480305942151, -0.7550661624587707, -1.480329348037101, -1.709016457500877, -1.4836803579909135, -1.6172657280363996, -1.2934523011038295, -2.7944939679362775, -2.7975617308824066, -2.158198317436974, -1.6909381735086364, -3.051807769721199, -2.9256238936797567, -2.9284218701570244, -2.270939318696415, -3.0356980961259765, -1.8897683242978056, -2.7282893139283013, -2.7307130217885764, -2.633754889481788, -1.8664016997789648, -2.8663079588729814, -1.5684140842026204, -2.035251042836631, -2.039393930544546, -1.8664692395818188, -2.8159630872619874, -2.8167276432905344, -1.9360498696515591, -2.0033726873848936, -1.2920780491984722, -1.1948228806275862, -1.369001662321488, -1.3660806832384587, -1.2710137108921307, 1.741615024552464, 1.8426319527957133, 1.2154230567826438, 1.4305692979359854, 1.8861678218216955, 2.6822707594225865, 2.2633505549257324, 2.288498009897711, 3.002230733063475, 1.9000714147878965, 1.6921688618733048, 1.843211156501782, 1.5580793176846295, 1.1462377172686238, 1.7566134823360018, 1.8684035308882019, 1.2315679261968044, 1.4462248968223022, 1.8978001495677392, 2.713557348196016, 2.2851671971835414, 2.2308885104192924, 2.9903123292223124, 1.8965568159049297, 1.6813459057607605, 1.8422304807340837, 1.548475222075665, 1.1373453409716239, 2.226744700005482, 2.218307719426816, 1.5640078182844106, 2.5541182094438057, 1.9457301990841147, 1.5333940433085564, 1.4506485909117361, 1.4573282021051128, 1.7275295302629516, 1.728034465762333, 1.3326987851893068, 1.37805968779506, 2.269539486435514, 1.6516323671749182, 1.1793390744790981, 1.2818218923521776, 1.5794539130002008, 1.6079613014854373, 1.3002394671941822, 3.7846619064136164, 3.8047825718617463, 2.1733789062332605, 1.4159038405286593, 6.090049764998941, 1.835145181834536, 1.8416135044474449, 1.8509866339426562, 1.4365549672858187, 1.0983820217165718, 2.4250922784478828, 2.416418454483029, 2.4775333375601636, 1.5879357083018377, 2.7326758266287743, 2.7365317668254825, 3.344887194851154, 3.163383048343152, 2.146512745651872, 2.692948586979923, 2.89589407468519, 2.8773202413935697, 1.8644116876194152, 1.7328534354176206, 3.502856176384155, 1.2639986995656425, 1.2639314358471425, 0.9837024455511546, 1.751328769687932, 1.9040565377524858, 1.9083171113774695, 2.0222098640838198, 2.3095817708526893, 1.152676709117102, 1.80948498897172, 10.05930252336423, 8.147227609213033, 13.930822355299657, 11.485212753265088, 12.540907657359813, 15.021940291247288, 12.573077195235236, 14.852646993285948, 16.65421771314122, 17.15716888670983, 17.147276929719077, 16.168832185949345, 9.995489409926375, 8.023067468378837, 13.792705665980874, 11.425869010522826, 12.438502661299715, 15.004036872086392, 12.557937292299588, 14.855533613949971, 16.65240622673117, 17.17690679454219, 17.154791005957172, 16.174594917532417, 12.208747183778666, 12.409340002115034, 12.22598664702854, 8.447449882947858, 17.186960859359477, 17.16834570715533, 13.942058500968761, 17.609584899184618, 16.53888175128218, 10.537236306573153, 10.334142729480902, 8.805974568726494, 15.54045737619104, 15.450985051312882, 12.093784859842728, 12.332784524182806, 12.980262996770092, 16.53157859110583, 16.552597521844746, 13.773182057922767, 15.052200601889137, 15.388030339254327, 17.59108324362043, 17.596339036784222, 18.66854158095183, 14.867236010819619, 11.155814572240546, 8.832409120409551, 8.789828285619338, 9.751599304082227, 8.268265957286546, 17.469068807546492, 17.463292845408823, 16.997970579961464, 17.613842086205548, 10.615099894660977
8, 0.14323403286761202
-0.5474561590067261, -0.12653142568218645, -0.6894569330564577, -0.619816425567853, -0.6985117590815808, -0.8291301533367287, 2.127129398437121, 2.5077536573359387, 2.267311219067844, 3.1735031186320017, -1.58074657558305, -1.2333877492293548, -0.5476458253412821, -0.1232551258578179, -0.684618696167935, -0.6260424658442413, -0.7009591951696958, -0.8279743464120896, 2.120016544111335, 2.606041677881106, 2.2529624031632522, 3.1314909933632022, -1.5771927035921787, -1.2940003803637066, -0.4478181037023426, -0.4524656601050595, -0.08860741921899908, -0.07932016622871244, -0.5157695681576117, -0.750784312637289, 3.955343557429009, 3.952616194597877, 3.8705702552668595, 2.158062236135048, 3.636555085262055, -3.5440725832299966, -3.181834393716371, -1.481857816531805, -0.6984633592033028, -0.6996333468724049, 0.5664714834155672, -0.6681808085389844, -0.7667032430035298, -0.692021431296834, -0.6860383562567433, 0.664152928602654, -0.6790207363335842, -0.686371060469468, -0.6681460672081041, -0.6668496601373933, 0.11424207409925569, -1.3653454129622378, -0.3519024742520868, -1.1121166036712737, 4.569416964595154, 4.591486396511299, 3.0612087502907452, -0.7369996519465832, -0.7368408645479145, 0.028851186696454433, -0.4733912995763406, -1.2789042091369804, -1.242553950612399, 4.006386080100633, 4.011715691753798, 2.5547350982424795, -0.6047315306106592, 0.7349043647256001, -0.4899936220793023, -0.5760564353454004, 1.6998273490879225, 3.07431673907102, 3.6865332078271287, 2.509241586128752, 2.5685154407313053, 3.351142892739742, -1.3065526679656132, -1.0179322858960929, -1.8028303652254374, 5.621592453453995, -0.6042945906978299, 0.7322583177160848, -0.4940606078149657, -0.5906238494514796, 1.69163941931427, 3.09740815991189, 3.5634283357153036, 2.524605681061562, 2.5645226494108315, 3.3386691412353726, -1.326210603417584, -1.0234237382790294, -1.8177364470840593, 5.551477904055599, 2.650380356122082, 2.647165401207443, 3.4501240724675672, 3.3361501255900317, 2.923106641746691, -2.386435663290019, -2.6121424246960903, -1.4669117682286699, 2.724781000721683, 2.803977837650521, 3.551634658269945, 1.984554732000207, 4.617604687826623, -1.6995363630295013, -2.094779454977256, -1.4089480007985409, -0.47404190315634004, -0.46502339147634647, 3.9366860393953087, 2.3908445634839945, 2.388695892433628, 2.5452676001528163, 2.7958222021048074, 3.4439389657446187, 3.3525621871017632, -1.7288832467126085, -1.7332821946909587, -1.0642991012637306, 5.269942153219773, -0.8707929412382099, -0.8756326253027388, -0.21520781177192386, -0.6285045908739638, 2.3131938027936054, 2.312699847129611, 3.1995058776501235, 3.901335052014507, 2.5536837733167292, 2.556752902904922, -1.3445068503883504, -1.339247336217048, 0.19439323131713543, -1.3910724064409663, 13.867800150143747, -0.8528710419312466, -0.8674309960804232, -0.2105482111847676, -0.5758988497743986, 2.4070367585428314, 2.4180676040101168, 3.227187865968113, 3.339743575112251, 2.5882818096514644, 1.9800251803638624, -0.3054550382557722, -0.15235299773510838, 1.9434952121092963, 2.0492724421370405, 2.7391424537290057, 3.6508966889679755, 3.3248528004994795, -1.0140381427163774, -1.194558940529269, -1.1201280728102656, -0.3795509346575999, 0.22966617698325784, -0.32023417694712275, 0.4062723699909526, 1.9711840608931888, 2.082435375013218, 2.735578638794022, 3.6786053822859883, 3.419687800672848, -1.016207970096864, -1.1981709223647443, -1.1171890333548236, -0.3483060801412146, 0.2186015345793359, 3.7909509026964496, 3.604266906533333, 2.8496513720979864, 1.59175990390048, -1.1723528468857816, -1.168129479849495, -1.0119110506699043, 0.1498755302913555, 0.6250751702733514, -0.4783834822189472, -0.468474106670482, 0.22295824672950076, 2.8686496280584306, 2.8672778922020017, 2.032840923045765, 4.387331284869664, 3.9446349848918607, -1.2876435373384378, -1.2885009167777413, -0.9517895015488507, -1.2554270357435235, 0.4537153116128539, -1.4619834411679673, -1.4682079046682737, -1.4072626524506568, -1.1126368071951145, 8.608491730937414, 5.593051128774707, 5.549866721342078, 6.4457394390672995, 10.886241655812684, -1.1795910738937236, -1.1610566836851253, -1.0407052811443123, -0.9509674605735581, 7.553919100732917
-1.3743136232031934, -0.48914042194728896, -1.3788195137697223, -1.3587709486136499, -1.1224056446266342, -1.1723159496849747, -1.1947194815755187, -0.4575308573857864, -1.0647789824655793, -1.0881165019312362, -0.4467464297399193, -0.45256895411617215, -1.374134710050822, -0.5285468299217948, -1.3665158058259264, -1.3402271186623274, -1.1105927850947124, -1.1632780915477237, -1.1855881749288126, -0.44012425458487153, -1.0570446929185289, -1.0911131702353942, -0.43814247133760836, -0.4327062591308686, -0.3294096197163576, -0.30061196648343647, 0.5846281527975541, 0.6385356157729604, -0.11873693847492811, -0.14514565022215506, 0.6453382897671291, 0.7067266150176443, 4.223457292026959, -0.4922186157607589, -0.5184213551294721, -0.44723216215595496, -0.5024620598091135, 0.08623238666899505, -1.4258663639491809, -1.4387383828349447, -0.5484477573896293, -0.9186706337465302, -1.5740114585105391, -1.4111557767450007, -1.4261003271981032, -0.6368737248541317, -1.4559639952995604, -0.9226709972502227, -1.2132466392988976, -1.2186261781104817, -0.8421995048519546, -0.9107311225526393, -1.149936529387662, -1.1320027666328047, -0.8533672818952204, -0.819492418420348, -0.7989856438874127, -1.5096947508319232, -1.516629572229079, -0.9857812161405373, -0.9117211543369099, -0.7416321706186829, -0.9905113342622496, -0.6567561217443897, -0.665863077803884, -0.6476679586335892, 4.391365013702617, 3.289770720846441, 4.84442122666704, 3.701673309537373, 4.6001106367827695, 5.2772396731594045, 5.441316915137289, 5.061667703534634, 5.3421420355566935, 5.236216832706651, 4.2173319584076365, 3.4495462050821266, 4.6186823163353825, 2.7461310768637235, 4.442863039737356, 3.336321964177808, 4.9194085298519825, 3.75071704165163, 4.655067469903582, 5.348054767080279, 5.581115326683993, 5.077796453969463, 5.343121305108803, 5.244552503622203, 4.213742726037389, 3.4390233883774473, 4.606127800673196, 2.737314617332563, 5.785520845810725, 5.7794440341409805, 4.619568513926194, 8.11955381721533, 4.593297701409065, 3.6727123086413527, 3.4699623279958884, 3.43970428421651, 6.779698348494861, 6.801422281423601, 5.30206604425787, 5.817264015971168, 7.8813987093331335, 9.68243979491947, 4.742362005678658, 7.996551978344221, 4.007994744353141, 3.8807957094044174, 4.6494487242297735, 4.725955510985981, 4.724365574070993, 5.7308911027803395, 6.179610471404102, 4.738764122174849, 5.549668018317787, 4.7348395034980175, 4.7088419505857475, 4.336857975838456, 2.935055717979098, 4.375036413807441, 4.391942468685456, 2.9099510402755606, 5.0321545568665655, 5.685450994176357, 5.694768115241091, 6.101549630699754, 4.753599267766996, 6.0469803920727525, 5.326586679956879, 5.507976667729817, 5.375627401370769, 2.449284503097378, 6.13335815557433, 8.31715484189353, 4.860029242514772, 4.8554362732811756, 4.241770038039416, 6.212614897464563, 7.528657753572029, 7.537068665758664, 7.768324865184139, 9.113222589776115, 5.497856536566775, 6.974685023172003, -1.311314668966025, -1.0631639866128693, -2.1569741641069347, -1.497806617800491, -1.6340154136437595, -2.1359559718111294, -1.2025055797303335, -2.0485513860116624, -1.7585130564553857, -2.0499499066862925, -2.223142189482311, -1.3502221183661332, -1.3070153046375896, -1.0504030579077075, -2.1425601131806458, -1.4946077114496874, -1.626003299213473, -2.1318645708845074, -1.1997886534531346, -2.050372301003783, -1.7642130035134544, -2.0683083960968722, -2.2275545012613835, -1.3510875490284069, -1.317203509815462, -1.3635033521507034, -1.3728335753337852, -0.1249201954392902, -2.0347993639564086, -2.0286253312271736, -1.7035247610983397, -1.9674049446249302, -1.752488138140855, -1.8857884033037309, -1.8506907097363827, -1.702462645357321, -2.245216178120567, -2.218215977979226, -2.27938256159202, -2.2971664720901104, -1.4966140786076254, -1.5221431167802648, -1.5293053372773695, -1.642046762655904, -1.9693186618097203, -0.22951462411445167, -1.4941046193743308, -1.4951550048209388, -1.5677145996254336, -1.6201946710665889, 5.71399662957682, 4.1045720099642375, 4.008006133208418, 2.793366196217738, 9.410262141056158, -0.050487472815794465, -0.050577941855701476, 0.5820571268047185, -0.24937124592237064, 7.089278785533908
8, 0.13833664955775593
-0.7582672907476926, -0.014956172299511206, -0.7951140558505757, -0.6269174266908042, -1.0663747922136064, -1.2461699791246792, 2.7753475728896517, 3.8906949677601674, 2.6491661025812188, 3.7231135448462735, 0.14943574400184015, 0.1533881876889673, -0.7584025668249657, -0.011837469323626114, -0.7890935070789735, -0.6350191749072336, -1.0689718962957588, -1.2440723273740757, 2.7635802616202065, 4.061234695709984, 2.6334440003523896, 3.6705242360722385, 0.14618666316724513, 0.15591626037815615, -0.5775960562642974, -0.5815538743302868, 0.16314695948192032, 0.261048581312397, -0.8956979251179289, -1.186422926424329, 5.184665150851258, 5.181826306804926, 6.571087891726018, 2.631428198133624, 4.3711116626914155, 0.34461393978926064, 0.3144278390862644, 0.24585804773166692, -0.9111678412437542, -0.9134439137798234, 1.1417924142821412, -1.2127682578850019, -1.1433786352263173, -0.903065041215135, -0.8946134160483195, 1.4612196518386273, -1.0059710173980732, -1.2265927041049922, -0.9150491702389609, -0.9141554989256503, 0.3012283591848002, -1.9404597271773962, -0.0904122248125683, -2.2127069160387483, 5.589792420328788, 5.610754243667197, 3.303409607791274, -1.0003237830692138, -1.0005312321954056, 0.169954827874104, -0.4301955340082843, -1.78236311432608, -2.5383885409314533, 4.518800403779208, 4.540163326507273, 2.8020671922057128, -0.799356211034454, 1.4739853253623783, -0.745536767586086, -0.9054926383530462, 2.2781053244507197, 4.174530634665691, 4.7934138340621795, 3.345037759707218, 2.7577187336501376, 3.9818320574083437, 0.04198682816091408, 0.030368864608709373, -0.16244962562328683, -5.292946205858215, -0.7978454143919267, 1.4749473734503593, -0.759011994507401, -0.9332870151974997, 2.2657248688458065, 4.207229808050067, 4.6315833727407085, 3.3575335452554467, 2.764554741634662, 3.9605213079171997, 0.04452138887243238, 0.024921660105266297, -0.16161870566899375, -4.928140440353564, 3.5312981127190004, 3.5246445511188162, 5.917870423983135, 4.027399048976101, 3.3160995239103865, 0.22826796957769752, 0.2558450621040267, 0.22256223861982896, 3.482237291042965, 3.5831370164189984, 5.7387340847762145, 2.296501361660329, 5.514760203042988, 0.15818401067418797, 0.2038533085258064, 0.21088647742464756, -0.2742636480082052, -0.2662707334938509, 7.469999755920318, 3.1621751876216764, 3.165689085498274, 3.7590606632757857, 3.98849468912995, 2.285809367062139, 4.12006993235077, -0.07961379208464867, -0.07872646118651161, 0.01998960790448913, -5.467936918791709, -1.1337560449898973, -1.1432065016315833, -0.09905428983630121, -1.0946348464933733, 3.053952694076555, 3.0600617841778783, 4.6585715481637076, 4.848248991794549, 3.109839902136089, 2.824326738890933, -0.5347786172981923, -0.5519292336225572, -0.6175144025980958, -0.709688910153318, -11.912448264472294, -1.1596685187975637, -1.1840549130373725, -0.16690048700208496, -1.0038457959048184, 2.966732199092997, 2.987752068024791, 4.13061218737593, 4.542483437318586, 3.1672679373401906, 1.870517768727478, -0.24370420583400593, -0.018131920337618936, 2.4581238578438076, 2.686833831302067, 4.206018031847793, 3.93620969103324, -0.00440859529556264, 0.11437940379219201, 0.07282343253728267, 0.11075368493254846, -1.4552924530775275, -0.8702871565269649, -0.2528385910665244, 0.7606275845043553, 2.492526581143155, 2.731781066912565, 3.8192846208192908, 3.962976148051444, -0.055842016774800426, 0.11393385591711416, 0.07955734448662888, 0.11308165581357305, -1.469971394096583, -0.8813528439190143, 5.06638305848552, 4.812300831999005, 3.4679699426294364, 1.6926513489981532, 0.1709746252676264, 0.170143663030321, 0.1233561918652548, -2.0032798452222487, -0.6112809458486154, -0.2770503168259119, -0.2619623051102828, 0.7168759694420682, 3.4861600253165617, 3.491578990847166, 2.657413496149409, 6.954939986888789, 0.6807350134063797, -0.03679516161792281, -0.04100667304816743, 0.20685751143139627, -0.6536817741096489, -1.3912319249196878, -0.09586788824882471, -0.0967588340084908, 0.03605666139217887, -0.21507381416662927, -6.654223110599383, 6.508254987093898, 6.462250837545248, 5.26598358353245, -8.46540023894028, 0.13979256606217683, 0.13783712021735955, 0.37844300512109436, 0.26373181634470605, -7.281357018909815
-1.6741904410799595, -0.4838003454209608, -1.56792484844758, -1.5350083685504137, -1.345165689243104, -1.4202140112149522, -1.3703312986686875, -0.39209310471069925, -1.2206200348755987, -1.247675521103585, -0.38631039261504413, -0.3851825391622792, -1.6736597037881231, -0.5399964195884289, -1.5485841357531704, -1.5066585417984708, -1.3306910828895855, -1.4105527688253112, -1.3565574997215966, -0.36603690538348094, -1.208441589107648, -1.2505342907464694, -0.3643799668274276, -0.3583367962301062, -0.1377013090512952, -0.09584067476830099, 1.1683361505416898, 1.5522483203214565, 0.11506132475410547, -0.022863016486641352, 1.3919233648487654, 1.4712958007689005, 7.16811827304907, -0.38967473809240344, -0.4418085855045159, -0.22988787273786818, -0.24579256526179558, 0.6620112869665623, -1.5132040562697793, -1.5324004712035653, -0.2814634290172435, -1.0703959059102752, -1.6781297183637827, -1.3532106978598795, -1.3762341367704056, -0.20289774758162019, -1.3083409282041873, -0.9933266055734313, -1.4988518751148943, -1.505293918494231, -1.1105843858698285, -1.2534775930731563, -1.3730876694103407, -1.9385605778992738, -1.0497356613930615, -0.9812051383183418, -1.0421089353606716, -1.9553763295074509, -1.9629145657979472, -1.3103984084470646, -1.1723568973176768, -1.1017272439290797, -1.678623764478657, -0.8693012672729566, -0.8888517719049452, -0.9288502955656152, 4.957768109420455, 3.7290382855934703, 5.345015940994789, 3.76713694980539, 5.309475945066711, 6.0634844387298665, 6.063306905173821, 5.675976427002303, 5.686742884780604, 5.656529547499636, 4.620343400823137, 4.006211317516904, 4.981144930888942, 2.87667037364537, 5.01261678796628, 3.778779971482046, 5.4265507316887245, 3.8134600773631337, 5.369167721019865, 6.136531865975809, 6.215461591785547, 5.706383842960222, 5.688378291049501, 5.665349655387317, 4.609040401761209, 3.9935606167277404, 4.962538122187974, 2.8616507318226163, 6.561983689228614, 6.558417461401221, 5.680147766119796, 9.817677572615018, 4.865175083061986, 3.941347912816417, 3.720454659334047, 3.6427186260810895, 7.771295581320029, 7.801137902726614, 6.57122584614946, 6.541874048471197, 8.989684902139814, 13.135482648654135, 5.777576710338275, 10.978486345816814, 5.4018294166620695, 5.201990309479212, 6.892922080429959, 5.509353590806215, 5.5073651596790665, 8.5624647525111, 8.696478741939117, 3.2941675496098166, 6.3203636544541935, 5.0987391636393555, 5.067649415470843, 4.921440019185366, 2.9109656314919508, 4.185254673235912, 4.199196935157084, 2.491134888329671, 5.110301046202581, 5.406942731193927, 5.409903185189857, 5.737830779063692, 4.431722221857882, 5.165735769011903, 4.902570951355261, 2.1365931625988095, 2.2392193320243794, 1.8785420036320377, 3.3230913032466476, -4.240381414386768, 5.2269605478159376, 5.223945998245233, 4.734770217886908, 6.274955200512466, 8.07922384299967, 8.087144957895847, 8.24516800605737, 9.925122907627017, 5.973406266797471, 7.1600602085444445, -0.16939709696396146, -0.1385730227497154, -0.545743833075956, -0.19417186560167607, -0.21019421009436082, -0.6763397583638785, -0.5959885571858358, -0.37278284202241047, -0.1921436010935402, -0.6228121227773886, -0.7206731729207847, -0.098455234841491, -0.17428691880205396, -0.14146364848360218, -0.5479499541972865, -0.1998965693325045, -0.2163286052568359, -0.6744973454293182, -0.6078357133637005, -0.3743733895668161, -0.20093533712592995, -0.6252131087404019, -0.7254525224459089, -0.07756702120417211, -0.3403139499486483, -0.34376256381984854, -0.390274589681331, -0.3790563512786622, -0.503357607307018, -0.49655585709047606, -0.2089612095784281, -0.4763756704208396, -0.2039320866501958, -0.3793385625459032, -0.36752125256376783, -0.28371203457876887, -0.767401810219378, -0.7617401679620023, -0.40446506627484763, -0.41347475317386007, -0.8904277235501954, -0.14745624939141527, -0.1567600113128373, -0.24908241586642393, -0.921311804346355, 0.6860369402413189, -2.3412995765169127, -2.3369660414217757, -3.0794209323640978, -1.3997704756689318, -6.580904520776109, -3.6188810944070724, -3.5627669002688993, -4.0589610166804295, -7.0595452415764335, -1.1469115001858914, -1.158551728438511, -0.696633650540909, -1.7221469541395495, -5.648771216867825
8, 0.12624193093230324
0.8644256733840485, 0.5451828527882483, 0.7956302401207173, 0.7318937032460464, -0.6587547642757589, -0.4533541112582991, -0.5454608177762053, 0.048213240753079575, -0.6875576097415667, -0.9374972966032561, 0.06920082646144314, 0.09750360390359702, 0.8642116282293325, 0.5515420961400767, 0.7837251323583995, 0.7305644207361227, -0.6562879569081662, -0.4512492302700898, -0.5430826133123623, 0.02634293557104988, -0.681547678036277, -0.9225689727591239, 0.06941674410276064, 0.10095575612629988, 0.8017404783704196, 0.7995268586347742, 0.5864004978030214, 0.5159833684481596, -1.2522775239059802, -0.9393709339446072, -0.9697661056714812, -0.9717871962699367, 0.25971445375955315, -0.5100382786457804, -0.8424126081821297, 0.16269876540481265, 0.14429061926375467, 0.13053097725381027, 0.898444589377546, 0.9072553371607424, 0.388515421949764, -3.074838407909426, -0.45635943347787283, 0.8771376284471183, 0.8831331229511538, 0.4172887866089805, -0.46806825260747525, -2.807589572409183, 0.9751850958814949, 0.9747935121742315, 0.45513940525314983, 0.017415310752704947, 0.481139703380075, -6.687073269615352, -1.477158361011777, -1.4844435611564595, -1.151045872537707, 0.9610850441881071, 0.9611172396276054, 0.3976864378572965, 0.25514423616585846, -0.17990291668078337, -8.05381101983804, -1.13289402365079, -1.1378905189890915, -1.0575468122903962, 1.0360660779084387, 0.4658613375337484, -0.524886344430311, -0.8515477706474438, -0.3646561546287375, -0.766754072639253, -0.8782351584122249, -0.35473224648902413, -0.7022172714409854, -1.0593928528279941, 0.05096493225386872, 0.053669748942234245, 0.14189916436410244, 0.35851390006196526, 1.0338214607177567, 0.4662027464571921, -0.6205678235113955, -0.9263773380400447, -0.36288088484202125, -0.7730587826874019, -0.8466414001297066, -0.3595364222084805, -0.7031949064306983, -1.0557856657792546, 0.0514366551150686, 0.05277873269810894, 0.14152402048616128, 0.2793162632035397, -0.6810944268729423, -0.6808549805697746, 0.17927061306172523, -0.9442904994347107, -0.9387354248528582, 0.10798005212615874, 0.11761795708745351, 0.1249399274466403, -0.6733521784104228, -0.6993426878023201, 0.23326007604589835, -0.6273512095954449, -1.2267444829776697, 0.07507529539510965, 0.09383890456309801, 0.11898022971629342, 1.6535532663460013, 1.6641956268412312, 0.8334983855373136, -0.495174828692908, -0.49417896721338106, -0.425030767396735, -0.45583231117669665, -0.6694630082298032, -1.0260517851390192, 0.09842742308820418, 0.09939959212609874, 0.07813376241356731, 0.39794317823571, 0.8209679998093197, 0.8262103782703296, 0.3657409915957322, -2.2894885054120615, -0.5714923672494295, -0.5735295264324514, -0.7447273027857617, -1.0232799792408986, -0.31583076178386627, -1.133285072625972, 0.100980141934263, 0.10368986915500168, -0.06497050477911895, 0.2149369726075917, 0.7454133604892037, 0.3848246398314152, 0.38524343694543667, 0.0016801663040918737, -2.267904872697781, -0.537457171835455, -0.5430590741702048, -0.8971193401343897, -0.7171884472783778, -0.21969503009759056, -0.7568478890420276, 0.9069743261145053, 0.5145903012189644, -0.458928058070798, -0.5515278366993177, -0.17309046416183843, -0.6462636524733866, -0.35878828548814407, 0.024742066962560243, 0.07165271961588397, 0.04896369637317978, 0.19069267586136304, 0.04819158252466228, 0.9408441637805705, 0.20967143467048271, -0.4634142971870879, -0.561447265774702, -0.4908784003610604, -0.6528794251548206, -0.3553884417675227, 0.024882974906404717, 0.07120734945275727, 0.04837089909572792, 0.19021404768599073, 0.05192461410480861, -0.6558296809678333, -0.6261510383676542, -0.23874111514139865, -0.3204828923395569, 0.026345589093620073, 0.026218657609983244, 0.09935559151602348, 0.2514342730820968, -0.07662328793887702, 1.66798094675525, 1.6935492948028787, 0.538378474194757, -0.6588658833849507, -0.6603016810533258, -0.5475525204924377, -0.10688207521296456, -0.6545422263690983, 0.062020337844910664, 0.0627697672271514, 0.08363265810868623, 0.14421733538878437, 0.16514758673665325, 0.07528605822578022, 0.07631236779991142, 0.06844002161450469, 0.1321411902724998, 0.25233748865493205, -1.463830888874849, -1.4633342923620563, -1.2842400727955259, 0.5090869862574352, 0.02008676841536852, 0.018744929638737477, 0.08564667341478283, -0.041042803715824895, 0.4112638776519909
3.633140116714832, 2.3698943794062948, 3.0007085465143803, 3.0538263645977293, 2.755346250916157, 3.049814750810863, 3.506672224024688, 1.9810436033239647, 1.7282555410447744, 1.498500808824309, 1.919279304893794, 1.9711394266146047, 3.6335746863692218, 2.411891630764285, 2.985951203876468, 3.045353018873858, 2.7439680453180966, 3.04633451255095, 3.493603004545977, 1.9581468385107037, 1.707884703835116, 1.4848600469850481, 1.9493681182316747, 1.9318559084010896, 1.8800401981819779, 1.8443679474207721, 1.315828306803555, 1.2821507134900898, 1.5342996884534106, 1.4826287931896718, 1.2678213776068827, 1.2355460095654514, -0.27827673439946415, 0.8890423712318125, 0.04006720539353052, 1.7781111976911759, 2.006578676606583, 1.3527978045457125, 2.581972673449799, 2.62511223416299, 2.3075240252882665, 0.5638189469907843, -0.5706656714266631, 2.646670417711126, 2.669279864298326, 2.1376725044799616, -0.0607133505813976, 0.5847733562482073, -1.286582567531024, -1.2758450562365449, -2.8969894895803234, -6.343314019212388, -0.6691214238535567, -16.34481846379177, -1.3870346849004294, -0.6197214265904332, -4.295917988845925, -1.8860769531883663, -1.878757111972483, -2.4940086653548463, -1.0465421017680856, -6.100796697533193, -13.660812561305574, -1.5493900868906072, -1.8524186609125473, -4.4001854388443356, -2.21607487283506, -1.614775235095323, -2.7326280014973854, -1.8878390791114994, -1.9958423154096514, -2.6642055814903087, -2.675553874618705, -1.7934501538723386, -2.3587389219352053, -2.3300851918979877, -1.9974482415334458, -1.4931051701574707, -1.924955835749097, -1.3564879757752686, -2.2427610901125576, -1.6372125286329597, -2.785527931204297, -1.9080427924770813, -2.0184414749037654, -2.6997576938715775, -2.755623572807267, -1.8068850337858469, -2.3750696321719684, -2.298614277814664, -1.9923224336700713, -1.4851787420340885, -1.9149754870520403, -1.3507336555162655, -3.064024760377109, -3.0616915968884753, -2.2867717916898482, -4.6513297310766255, -2.3900409859244385, -1.92092710207085, -1.8131688525033751, -1.7897306338880339, -3.618478055216725, -3.6274156682156393, -2.684164156915853, -3.158641843184822, -4.199495705016767, -4.331261769885117, -2.3800493912455964, -3.5274976974293613, -1.3596760818099687, -1.2778874273843375, -1.4673633301829099, -1.829008239662953, -1.8232225530862312, -1.8550005333328883, -1.9112783730521399, -0.9970288303764864, -2.1492156794773316, -1.9344238783288652, -1.9186836650228423, -1.679214744736974, -1.2914759664212594, -2.239641559839467, -2.2434861942427595, -1.2086103799089996, -3.452165046176983, -2.8395481790944896, -2.835015283418999, -2.9691673920800556, -2.468368789843645, -2.695469214211154, -3.3324796777203924, -1.7841980021410087, -1.805759125623332, -0.8371759869410884, -2.566717067192202, 0.15255139821671052, -2.6647239846685875, -2.672904692655637, -2.182737923263266, -3.9806991978789554, -4.21672151694224, -4.241725179127844, -4.474504639529777, -4.867874889003629, -3.1487180456405652, -4.845985291111575, 0.201976407275644, 0.16426441924949753, 0.4351703426727621, 0.23098368036498204, 0.2513127137871871, 0.4804384940791384, 0.27388003087370055, 0.36070503245104973, 0.2517040042735175, 0.4265270246962889, 0.4718733971836674, 0.1080270759205782, 0.20394385156274317, 0.1644730227995777, 0.4351868842106804, 0.2334584889390722, 0.2535159007618511, 0.47948932346728773, 0.2788873254156778, 0.3613013941093007, 0.25699542479696635, 0.42803566226628537, 0.4754962915218623, 0.09641846260705683, 0.2309967798911752, 0.24164553925327337, 0.274967820617012, -0.02384143333668977, 0.4266922817809556, 0.4225597866981099, 0.35685809356660536, 0.34761601532456443, 0.3706252491163741, 0.43867740846973835, 0.43179658347641364, 0.4054125672962766, 0.5603293054040213, 0.5551781421944059, 0.5390178774391408, 0.5415734433275963, 0.5083423637803333, 0.198280569831271, 0.2031610451080195, 0.3726232985024432, 0.6076665098284753, -0.5284881976781179, 0.9435684185600608, 0.9412810321815476, 1.2708741833826434, 0.6373586319217311, 1.30834133153107, 0.5282192830027432, 0.5225745150186052, 1.0155278343210767, 0.8733120346425597, 0.18837156696963564, 0.1958856108267958, -0.1963404447509016, 0.5515240216184484, 0.7235406381140475
8, 0.12093596796081532
0.3160471103047205, -0.3729273352813052, -1.0703803760702881, -1.2343365418391135, -0.16725854667100987, -0.27557214032466, 3.3394860953407326, -1.9462626213608185, 3.019629153089043, 4.133173183374425, -0.44046763736832, -0.8022237767917355, 0.3156247251244373, -0.34738130330497985, -1.0758044014912755, -1.2488911737831143, -0.17159117536920324, -0.27750650450332076, 3.3227456959185333, -2.228855577504538, 2.996763387682085, 4.065846882569359, -0.4468416241321711, -0.8231820881929215, 0.262132545947668, 0.23032994742062746, -1.6255184124507418, -1.8248459188327681, -0.017952228603272512, -0.285818868798627, 4.8004200822710645, 4.825266837316865, -7.417460838761662, 1.94168852051977, 2.980401618498243, -1.1032736417589957, -0.9606150652593569, -1.1420796961900042, -0.09609850744139752, -0.07962116775231542, -1.6260614297258296, -0.4563341873724321, -0.21015877927585103, -0.08423784800204014, -0.06946027188435558, -2.17063499490872, -0.08523585684096559, -0.46992546428959564, 0.21379502405420156, 0.21805235929455796, -0.05919052487374103, -0.7112150080855385, -2.2295186258441544, -0.8268728013151, 6.942958645509335, 6.961531715508605, 4.440866724106629, 0.092679224295792, 0.09614423399051691, -0.13556948508622121, -1.715994151454676, -0.6277355579525694, -0.9270631444245516, 5.6614393051394645, 5.675836712853403, 3.941282725441926, 0.12873379351119718, -2.051367593505162, -0.08407887978155879, -0.21524134111479482, 2.8190118551975725, 3.1040956471953662, 3.5738085666060364, 1.5437064387352426, 3.2587665461182453, 4.637851853645291, -0.18680814003601146, -0.38134015499224616, -0.8646327839824426, -1.3529016985263722, 0.11804946403297176, -2.053398158941702, -0.09963998536006642, -0.22649942577012433, 2.801379973914319, 3.128451813704187, 3.4336286869049246, 1.5912332104850857, 3.2570217787921125, 4.607284663985451, -0.18962186891129773, -0.3759583848032789, -0.85465991594537, -0.8257966746178308, 3.8597625901800083, 3.857889220084126, -5.696365737204442, 4.304695807075239, 3.696340680156132, -0.719636392616896, -0.776211559019574, -1.0716973092453477, 3.8357418945946735, 3.9808382431504885, -6.024031679713068, 2.4587676029291616, 5.517253829551556, -0.4855490670435871, -0.6153146647425177, -1.0180888568536868, -0.9237275181183665, -0.854038138457636, -11.591212628280323, 3.4671221925035653, 3.464184962089072, 0.3435822974037976, 0.44038152693698607, 3.2459676602287972, 4.252752595896996, -0.5174388156495056, -0.5272669400782737, -0.6060412966854872, -1.1932964368339491, -0.34925315344274066, -0.32458721677125185, -1.4475938321635249, -0.4099846773198511, 3.4637297378089844, 3.479386217142227, 2.325268842083384, 4.535257751778476, 0.7799896534888929, 3.6677404896947228, -0.46936012158951823, -0.4789308949174129, 0.40868150933566916, -1.2945235355227693, -2.692513799605841, -0.26015944289893256, -0.23935041115803438, -0.9042047931959254, -0.3516405163264415, 3.4302857442651082, 3.4500088133442635, 4.003374344829326, 2.2898892876901122, -0.1206472566368929, 2.484520571908786, -0.36932703347498974, -0.931653293712606, 2.806118928977402, 2.392366318912132, -2.2363112870854818, 3.4643834552107946, 1.5134778504979198, -0.03491778790686379, -0.482677032628426, -0.33470138153480955, -0.8061553292126434, -0.1609256217765931, -0.42417114398972283, -0.13366365264404892, 2.8289088836573892, 2.4632456846522697, 1.277387708621645, 3.4934654225217123, 1.5013757704844075, -0.03593095026383586, -0.4831225623734374, -0.3260957686651678, -0.8001371149780034, -0.18284076966916055, 3.265579064744773, 3.1514262519847644, -0.21883341523958497, 1.208775380238977, -0.07621013798720193, -0.07244038733845358, -0.7427123369296914, -1.1261247905167937, 0.480144015352975, -0.9313748128885975, -0.8778812534775793, -2.0105007933192187, 4.0498775460246295, 4.0370850836802035, 2.346639389957073, -5.318391288679172, 2.47068196157945, -0.28247839670224273, -0.28948469428558055, -0.7279821483002669, -0.7478312978645759, -0.7667585796880309, -0.3515639034181531, -0.35701495145677287, -0.4722158860960064, -0.9044550030714277, -0.22776378260492688, 7.197265624727351, 7.193146644383192, 6.4728179934190795, -2.3297202995807815, -0.032921304383509764, -0.02428785719336608, -0.79753515320141, -0.11309895483676617, -0.7456644175787297
0.9234192785433126, 0.5863767535559665, -0.04780237176446432, -0.009927833365873967, 0.5918308001354917, 0.5263268804087611, 0.33143886217121477, -0.27362097826771564, -0.24536784145083235, -0.13881442747807726, -0.2545132801410698, -0.2803809191047975, 0.9203672522901782, 0.6266328924657363, -0.07154333497648675, -0.037300520456894554, 0.5970921975362348, 0.532485110483867, 0.3172526197826343, -0.2993106130584267, -0.264787814251195, -0.15026749898569408, -0.2979945999274285, -0.29981200383216655, -0.6380512865250983, -0.6740540434141323, -2.743114546272872, -3.413710874559956, -0.5344439881117673, -0.4981121301752824, -2.7598652294042574, -2.8500330585324622, -11.173395830348118, -1.7282423410286338, -1.245921894616584, -1.6195551528559131, -1.9379793769906317, -3.197471428512276, -1.6608898728158457, -1.6302671340664623, -2.7496392234014904, -0.7914549465065648, -2.9955614101852253, -1.8224212231692611, -1.7943918070847475, -2.9108355452274877, -3.52743872327215, -0.7809570916475586, -0.37612380350332625, -0.37938243487603585, -0.21923104343334843, -1.1204549321521133, -0.32079828176652125, -1.88829345563928, -0.3487514467776575, -0.2566122603440496, -0.8715303163219777, -0.7154608178703379, -0.7206952025383622, -0.6228678900881355, -0.39964548780152187, -1.0124753087931984, -1.6564536252451942, -0.377337573528023, -0.4213230077448288, -0.8087153620416623, 5.672019291683217, 3.5238741490587193, 6.144033796458739, 4.417894058266704, 6.312696998043827, 6.3661534444842, 6.386293210205558, 5.26293982594146, 6.086506052184526, 6.06190074771478, 4.990478448606384, 2.9171325959753776, 5.078265291452423, 3.0758274325946173, 5.735838005077415, 3.5736285049507157, 6.236098039598826, 4.478779244470443, 6.3818895181033914, 6.432229426968639, 6.579969163578484, 5.224734460394215, 6.0651595400888425, 6.060042250363298, 5.004554827197946, 2.8992039594303427, 5.025857897640644, 3.076321248004855, 4.979725202570129, 4.956622625432066, 1.0101600141900715, 6.766605623806019, 4.219684698360932, 3.4758011599925034, 3.228196899413357, 3.1615640938678737, 5.893541471285911, 5.896623923123519, 1.688285724178331, 5.460455732873196, 6.139436386874174, -4.961856185878934, 2.5292699463670867, -5.214162840040905, -1.803567637905694, -1.5210281920933715, -6.7006489009525465, 2.4942228301152407, 2.481968745644726, -7.258303452169759, -7.049778841813758, -0.09435118384298179, 1.162889133966926, 3.523756936087277, 3.5344020439544668, 0.9286765365233542, 2.3301207385592484, 4.555994068038529, 4.579173562145004, 1.9360562107405075, 6.620847014155152, 5.924969962754389, 5.9448163743969555, 6.027918092294025, 4.540008424441917, 5.800394072274524, 5.7833213622071025, 3.799695999795551, 3.802546407440946, 0.982763871418695, 5.034235775285633, -0.04002772076708538, 5.1852470633235646, 5.18054220001738, 3.061845445810365, 7.693563227975979, 8.594422926476598, 8.60371772945533, 8.002759468293398, 9.063311365531408, 5.721673359953384, 8.36616686867066, -0.3696705244200337, -0.2987101329002103, -0.6313243494719062, -0.4216869054370046, -0.46136790997787946, -0.9148888700252092, -0.4088019428156798, -0.41119777384843376, -0.31798352327373614, -0.6934278316149942, -0.7742933457175492, 0.0446688780233134, -0.3679261728104568, -0.2945474508736835, -0.6290788858284386, -0.42024682355001863, -0.45812639430450686, -0.9190878011080112, -0.415090238260826, -0.412512154304669, -0.3199284521304647, -0.7056533603351622, -0.7817544062124383, 0.0669066475722539, -0.5382536641069343, -0.5840748792763695, -0.8055105331669562, 0.1332129660244594, -1.047795425218405, -1.0465154075569263, -1.3617658638438122, -0.8196992485329178, -1.3609602359319246, -1.3493338898743488, -1.3407436140144842, -1.4320184418574822, -1.2619037445414913, -1.2383748993530364, -1.8277642723188519, -1.815860164153755, -1.2394210038121087, -0.4163493984711835, -0.41611415813202995, -1.2739270457632967, -1.6210449962308549, 1.0112898240991601, -1.8122835475913464, -1.8083379383620044, -2.7021944295478937, -1.2900008832946133, -2.067388835945807, -0.6989371923325569, -0.7136499585651207, -1.9569181753523186, -1.123776640285663, -0.21703574767561948, -0.23247282520661494, 0.6702194812059757, -1.208343873578744, -0.9212098464601872
8, 0.09466094334872553
-3.2768538242169383, 2.409398438391559, 2.4404739927627497, 3.6094294119261905, 0.7988112249559483, -0.16981660169160281, 0.15349225106285902, 0.7632952690713153, -0.9266142660637015, 0.36237510916898896, -1.1364346860943606, -2.720944251819715, -3.275430800990122, 2.415872037682117, 2.436798796488865, 3.6098820624582832, 0.812258829169453, -0.17208232395360515, 0.14133439331355652, 0.2593651211680449, -0.8425710225634887, 0.3363834736241378, -0.9892404785236817, -2.755831996606183, -1.0949154981456806, -1.128479920992996, 5.72512523798836, 6.017466997090885, 0.9984779846642365, 1.539870454118063, 1.2052265125753967, 1.2922030549432186, -2.844370062107946, -3.8278938918536287, 1.3511743882149276, -3.128806211431007, -3.0239940805909025, -4.484986815874937, -1.057599377724701, -1.0733230699543015, 4.414797140286563, 1.7042671933471933, -0.13024906267108602, -0.9595189913906779, -0.9451987690928454, 4.57614759896189, 2.543057111289071, -0.08005227444574738, -2.0586195660552895, -2.077618750099422, 5.110763778508925, 0.30453243167023747, 5.603661500813609, -0.5528449437542102, 0.8839011828995638, 0.8584196220043471, -0.22022240335336807, -1.8830682737916504, -1.8754847415888587, 2.8079732564650395, 5.72470544797833, 5.322023169811667, -0.7168430022084277, 0.19967668322509316, 0.35020311311673497, 0.25626348107619995, -2.7890828825621328, 3.3492095279515675, 1.5837488966093498, -0.137205582551467, -0.22869901715246113, -1.1140457588228332, -0.1939232405424331, 1.4132370945884472, 0.0902424099613614, 0.5501991792227584, 1.8499171453466343, -0.38864050512516995, -1.4188878113701835, 0.1017535119844769, -2.773666332382136, 3.249685104291347, 1.5853957765202185, -0.17355786150544253, -0.22739609517280404, -1.135762852948573, -0.1910385165369848, 1.4882755971485007, 0.18363474313629294, 0.5354204328974698, 1.8682134772103896, -0.287457048156612, -1.4407581616733331, -2.240587226307532, 0.4182703174750648, 0.44590050060131897, -1.731883384054376, -1.507312251255923, 0.25752804458170564, -1.8943364055836944, -2.359068627455234, -4.031596979457831, 0.44946424233384624, 0.49200554909905536, -1.751674444949857, -1.6527372242823777, 0.7770656095623336, -1.1029273667840866, -1.8205812985328058, -3.811592910843501, 7.129446917903987, 7.119925375819883, -2.2709953871874076, 0.5501463692757453, 0.4693421902383317, -1.5656221614692063, -1.270971952281859, 4.830627528890887, 4.062449704861519, 0.8164698790672017, 0.8539699464295716, -1.4626258838937471, -13.198131001645352, 0.4370695528705178, 0.3933596033289796, 6.690390785365264, 0.1581597695459586, 0.36631127220163506, 0.22122838567808484, -1.3557022907646146, 0.35250019010699535, -3.5859384877912093, 0.45865235711051866, -0.22477375431590613, -0.2886628604530755, 3.3129597276077902, -4.790429700451535, 2.0646436320398944, 1.0484112423481173, 0.9816686140738256, 4.873925834263105, 2.264358273730945, 0.007003079420340663, 0.05102127185321472, -1.4124496271748763, -1.463206205810073, 1.2694032576408012, -0.3393195870302211, 2.995416808877124, 4.613009864427995, 0.19296648551839432, -0.8261381681346508, -1.936214972160891, 3.2331007554186204, 1.1258240278881622, 1.5487618828313086, -0.6630126696092374, -0.895747333877347, -1.7580636114075547, -0.598420218869575, 3.178121555297006, 5.557348013939837, 0.17558032097767476, -0.8056344096997654, -0.668982860558766, 3.305412641444679, 1.23561596453305, 1.5512917872613765, -0.5964850811714137, -0.9773627533282003, -1.7627061407423643, -0.6270627346691798, 2.257011114154646, 2.2457045971517258, 1.4261055067170911, -1.2546863510179493, 0.7777027453860954, 0.7119839445101196, -1.8967732387125218, -4.772565969154062, 2.2768516914236, 7.188080548466007, 7.326334257723699, 9.422022752845974, 0.17376245978077362, 0.24234851521656575, -0.8749335333181261, -3.655320101818148, 3.5522888211692, 0.7054243771468196, 0.7620825446065261, -2.0769996562755138, -0.8013730119553758, -3.8445975789036204, 0.9768075789634959, 0.9567933981085244, -0.24729594307575006, -3.350536742838127, -2.8063530157329, 0.943604124407465, 1.120346994598264, 9.637139753429357, 5.320655653414182, 1.1925349111134804, 1.2105498211544372, -2.1116659159611717, -0.42522520183221046, -9.16346364604361
-5.3149167830348345, -1.722646423046488, -1.3770828053721427, -1.3727933029945718, -1.9975505510427298, -2.2502154148750577, -3.4354955820886706, 1.2981151214598539, -0.017616681267189006, 0.0733645987792527, 1.2015636147608224, 1.3347200774676125, -5.313218356168638, -1.7608996016159004, -1.33837744938401, -1.3088823540909524, -1.9942506814567138, -2.2852920612105767, -3.421904509278135, 1.3475466805142333, 0.01445601790343781, 0.06270016391667012, 1.3416395704584656, 1.3529169324865509, 2.646964800365663, 2.7025688710868816, 6.518916149452637, 6.2512905520918345, 5.0819287787560965, 3.11608478556363, 3.5508334908927393, 3.74695640653662, -1.4457727628770913, 7.517337712632924, 5.520410547835857, 6.79955057627123, 8.121614659087527, 7.721845161824399, 3.7052001039020386, 3.6177225912700663, 8.687679388860916, 1.6020591456834483, 8.396228852404667, 3.9329747852626813, 3.849292121889739, 7.945251965219852, 6.375036485392308, 2.768945621874926, 1.1295779848325034, 1.1374381950244126, 1.7862495271095533, 1.9688555832718375, 2.5201173749952273, -0.8299984054741496, 1.6791964967766044, 1.8486922426287076, 2.4786805098047053, 0.9424358911500864, 0.9710874702402615, 2.4411491349343, 0.4829755312003333, 0.1977515520053484, -0.7031957545647878, 0.21778606413980334, 0.22670973504534594, 0.5148197534194777, -0.6368548358742259, 0.0798842469670306, 0.1958151726278697, -0.33377807077363036, -1.4553914217695734, -0.3602401048249264, -0.31725154160924807, 1.1428924976915447, -0.12303188083928225, -0.308449716844583, -0.460915805857195, 0.6176754226311671, 0.3105520460799687, -0.09143816573272484, -0.6720515797316656, 0.02294472677696158, 0.246424516236016, -0.4528965950383142, -1.4868195438485756, -0.3961621602151942, -0.4009112844063206, 1.366645767040746, 0.2519072420521871, -0.37254139089168276, -0.5642903865447083, 0.5289487890119517, 0.29590625578053376, -0.18018936078129047, -2.3161648095525225, -2.300289888043505, -2.8760368357135064, -2.4762451223042725, -2.081609869289655, -1.5572019520423446, -1.505940562627839, -1.5583536795664308, -0.7702840616381929, -0.7248929491224052, -1.8120738953431081, 0.2320439423266434, -3.862508603114001, -5.674746390360738, -1.425373265841929, -4.978097875099801, -0.340514067413239, -0.25901988444674046, -2.4762735365305764, 1.3724677572369541, 1.2332360725194587, -2.838942068531402, -2.1799638699327324, -9.561376641024872, 2.6835318165494106, 3.12299932847272, 3.0089886584079895, 2.1917055858939904, 2.97751234149753, -1.4241082616438672, -1.5803268033628013, -3.5484502378887384, 0.5087327822394386, -0.21323708436221217, -0.4092360146154337, -2.517698590200807, -3.023773831021109, 7.056535586959625, -0.5585097859418503, 0.8190518767454794, 0.5866716749617753, -3.8345738529683295, 5.661404259470166, 1.7986443888476076, 0.5973558954773108, 0.6308333713936994, 1.8162204206623394, -0.3153076709322791, 0.6516164744478719, 0.7183660404121116, 1.1450927839365501, 1.7562980896444833, 6.3101844531957845, 0.7543838696241686, -0.35402432074129286, -0.26287222667308197, 2.1502003729547794, -0.39097340847259693, -0.45858755299062, 0.544732009075249, 0.4421717222334947, 2.2500345690900834, 1.1515920399764772, 0.7407999939316542, 1.1224253607555679, 1.269428186459743, -0.3871550640801865, -0.2819676097686709, 2.177627891049261, -0.43028670911342504, -0.49198344006618916, 0.5674878858245808, 0.486507598902483, 2.252430114801433, 1.1168315512732, 0.7508653070194492, 1.137979174386813, 1.1874705505368814, -0.40672321675421147, -0.579646055176707, -1.9969166815957589, 1.1649336185569035, -1.1829136722985303, -1.1584182114314894, -3.8543109594315017, -0.6995581585516311, -3.307918205905583, -4.09329251208901, -4.1650731662833955, -5.347171548151875, -1.6104693548755868, -1.565897072110358, -6.471753090904338, -6.329758829666751, -2.798276732749667, -0.9551340796787167, -0.9957891796419535, -3.4592133461007526, -4.304090356710417, 1.4454045262578432, -1.4502891746337692, -1.4712550042145047, -5.535841608132105, -0.9301601289280084, -3.9407564006787386, -1.038983305996701, -0.04800626726400458, -6.331467546202056, 0.9514242379406926, 0.03008407414658351, 0.12275313017054035, 2.359763120078351, -2.7797783149426727, -1.1684427779036703
8, 0.0859460470265741
0.037736092876217, -5.7639397507725105, 5.346751209321113, 5.011230516133529, 0.6871455569567791, 0.3306125293238788, -0.3150328177853731, 9.211300181633055, -0.5712279868274004, -0.5110217172927632, -3.88829087759019, 0.5764708808749449, -0.20388934686385846, 5.985889430614611, -5.306354338831493, -4.782004652823416, -0.6495809611320185, -0.42422965440770166, 0.3999113693061864, -7.275091714127644, 0.4624219150818972, 0.4868097341721256, 3.6430981851136672, -0.9604328821972391, 4.857386407613633, -4.702280110361149, -0.01800342131995996, 0.10471391409640014, -0.11014490746046396, 0.00655775291429728, 4.339330956080777, -4.245937227511369, -0.002674993664490969, -0.1755643726287183, 0.09212563784469346, 9.49383493420631, -8.926822061520378, -0.2591222205901678, -5.022763817609928, 5.042500511171258, -0.0009982777751066717, 0.09985824940073443, -0.06661206060370847, -4.944607096862428, 4.992202358094966, 0.03769284070073975, 0.12493528264147621, -0.027744631449894995, -0.7117018628137772, 0.6574949683408077, 0.1520693946821526, -0.16850737972114033, 0.07143125927268863, 0.012944714839890323, 0.17822022193222695, -0.2277676031502773, -0.12642950080632517, -0.4431289162536184, 0.33622290018254825, -0.014806268820286066, 0.06949668784638993, 0.2394464338939905, 0.0028769067708763005, 0.3585543665485365, -0.3861729073113129, -0.10076148481052678, 3.004429052416221, -3.417818254174204, 0.45153528956344013, 0.1465594795344668, -0.48380276397416705, -0.5172804263775997, -0.6336393547254082, 4.046097307463365, 0.09339782751942864, -0.004768312444966643, -0.2415822391385578, -1.4175315838221823, 2.881240679386912, -0.526889694331739, -3.123683070088933, 3.5595926472843806, -0.2949056269697944, -0.2301641263659963, 0.5580435574266782, 0.8294372717039915, 0.47492879967843427, -3.9336486232329246, -0.12244758822360109, -0.03945271076109742, 0.44846076032482296, 1.2648982882066033, -3.0990354157286366, 0.8523639656509502, 1.5192536194502284, -1.4379097903654614, 0.5076889700878333, -0.07760021203624705, -0.04587280007374283, 6.086095386338974, -7.144039236109803, -0.20743735073925668, 1.3170974991350393, -1.1936831873924467, -0.26065408379495136, -0.11482691755153061, 0.043134696669297666, 3.9790273418804576, -5.6226524971810345, -0.2517558676036611, -20.46311510814761, 21.15888266590541, 0.031058678089714385, -0.7666422237767557, 0.8969754852053422, 0.40359277541044525, -0.20897595881789857, 0.03174183258624787, -0.009093921171390061, -2.599768794647312, 2.637646159068586, -0.1271209269177662, -0.21023257316702698, -7.306464860192132, 7.351556362598532, 0.03256010490124491, -0.029311007592924213, 0.9077876824828783, -0.8143721599334164, 0.28456125469593374, 0.007077839924107667, -0.08735675339947015, -0.06019206598952261, 1.873650560471995, -1.9840165721287473, -0.18043528095061537, -0.19050174718136173, 0.04004572472073358, -5.021506464684651, 5.063302379101946, 0.06272341235485837, 0.10994963053442999, 0.7612392727253591, -0.6992365650141403, 0.0010495403107423345, -0.20525528255386924, 0.10993083016541512, -0.07895525577580254, 9.868980876029813, -1.863698189213538, -0.6692351076824052, -0.11763722128184592, -0.5493239903662646, 1.8651436616302184, -0.8158979050668733, 0.10367598864816999, -2.2791846619994405, 2.2186199436003093, -0.26732517029837005, -0.2508901055348336, -10.048954453963676, 3.1166767232184682, 0.7816217437056467, 0.24080282767406205, 0.5678895501680955, -1.5966108009163442, 0.7375064050244072, 0.05029053434974012, 2.181785251209791, -2.354055059449074, 0.05821076282843344, 0.11236679060960975, 7.067382879295531, -6.487804041012609, 0.27256113011285626, -0.04647627532101159, 2.069763486926031, -2.05121425148471, -0.061498242764114426, -0.19245589034043742, -0.08922789338188787, -20.635177177765836, 21.683937681898268, 0.6067364565775067, -0.3077201037866781, 0.39650448538988714, 0.0366867584215383, -0.7390572004716265, -0.004502800165753635, -2.006625857338713, 2.027826948713302, -0.08030173373439876, -0.14404573448780178, -0.06721786182249538, 0.19285270310118738, -0.1435655201093318, -0.11244617994560788, -0.13755750195170235, -0.027155877350507004, 2.6217095455119575, -2.4752841357531006, 0.10949145847596681, 0.10599737992875215, -0.06573087351224687, 0.12287999396392899, 0.0024588583492867115, -0.15870793375883535, -0.17480764501018067
0.2374331974283622, -5.5485817443132195, 5.416456556968838, 5.326587435188348, 0.6299162145561503, 0.3883761785830528, 4.03940142430865, 5.838107277833991, 4.327965892741223, 3.184452937433497, 5.573625639935192, 5.872289627647308, -0.12213775583509313, 5.729631731818243, -5.338945745795241, -5.3145976491283955, -0.6557143563269644, -0.3326149271722531, -3.8962179518855744, -5.804385424514045, -4.257298712633958, -3.179242268467089, -5.778560880592276, -5.760996488613573, 6.225717896458555, -6.210509852827784, -0.0802812643767534, -0.11978130705108796, -0.0657205803294686, -0.038745533564665695, 3.6173906790845214, -3.7200268487294905, 0.03997091581405519, -0.09887966865222088, -0.18484586590735053, 2.229779639609656, -2.810076262581175, -0.23978528527084014, -5.701701322572641, 5.6827447195712235, -0.1031138899633112, -0.0026230243713352202, -0.11614489944887156, -5.364809018641058, 5.123724570261282, -0.21411217219448933, -0.17239371814109947, -0.08782698357240323, -0.7118605266617881, 0.5361391317812009, -0.11442973129143488, -0.04107250039538193, -0.08586784047578067, 0.016957588537527338, -0.46043281145233667, 0.3412288428126059, -0.051016698160508564, -0.3716513263268658, 0.3264196921129891, -0.05941526888663009, -0.007813860346930782, 0.006671510005538178, 0.015904434695442792, -0.1480392900168887, 0.1407293815541294, -0.0009141336638782037, -0.3676855758614419, -1.2859235095832822, -0.390714397355568, -0.3015346844666444, -0.8059869473862241, -1.2718339280651416, -1.1088918888710753, 3.0527170977126294, -0.2546577161895106, -0.2618309466803929, -0.7046332176666216, -2.1678324453597937, 1.3011662826870258, -0.53934043182002, 0.2984624513197011, 1.2498908019105701, 0.2866413829797265, 0.2866759363982561, 0.7679842618615463, 1.2113440370216042, 1.0085509711308716, -3.134631561165118, 0.19082471147492033, 0.20047131110983993, 0.627096919127668, 2.0918995175178776, -1.358059595145304, 0.49997350444672783, 0.5574979297359668, -0.5403431299019497, 0.0007473409642773414, -0.03395349617483577, 0.03433058720287662, 0.21319246909686052, -0.1333598582534673, 0.024108844524739884, 0.451153653489708, -0.4619434906188651, 0.08609177020823515, -0.04080002113547026, 0.11570424349840286, 1.0292340144725385, -0.601374524770867, 0.3498945391639449, -3.0060403164728324, 3.475533885972181, 0.035085536058321695, -3.0945159252423435, 3.008672720225649, -0.016649914450029803, 0.13061830882775785, 0.302709715602767, -0.05869552636941742, -1.6851115341374594, 1.5293710667024767, -0.01251752074463247, -0.08052978808164717, 0.16464868534912946, -0.09401010865713672, 0.12091297186513016, -0.05114449029281874, -0.32052069353434237, 0.3134613325144336, 0.0635551356139163, 0.09145248767086939, -0.16985240929104445, 0.011291459086398893, 0.21384080362325394, -0.2884505036260116, 0.13219428962684596, -0.13567795542357083, -0.010861778843929571, 0.07029333251719715, -0.1596482714368904, -0.05978393620704792, -0.01494214471088869, -0.4209181518712541, 0.2857239795019546, -0.06213830370646416, -0.09733459248879535, -0.3254681170092609, -0.053582913395256816, -1.9939781899940023, -1.5872156498578776, -0.478994238667491, -2.261235068423936, -2.5059208395719224, 1.7829655575544319, -0.9123486585247048, -0.014908190390488622, -2.1365879000908254, 2.011349186857477, -0.22047013522068967, -0.015392131169484905, 2.0154728540278244, 1.5838975494085603, 0.40175885567405667, 2.2894598627682563, 2.520077748141737, -1.7727553334173696, 0.8900648281942513, -0.03576479128169983, 2.118913806710673, -2.009431336757707, 0.2072222446935532, -0.011408170478359729, 1.3085228277213312, -1.3260676027355935, 0.01355321411553336, -0.05514989652972178, 2.226025601844369, -2.163032816388121, 0.06055322190789383, -0.012637735356206055, 0.10221003786622262, -0.8791002527568587, 0.9898239645788227, 0.13296453191695312, -2.052414653905015, 2.153918778910053, 0.1799160141544006, 0.20015646932100017, 0.08952467831610592, -2.2604008562855182, 2.3072936393362293, 0.0415192256863626, 0.11045935689782771, -0.06977114318990148, 0.2507722576430536, -0.16306768041625466, 0.17433032692245298, 0.0069837702177388255, 0.045595371042134014, 0.21368072444495353, -0.10636216355953779, 0.1482204836136183, -0.013250553113350346, 0.05966162158794801, -0.05765525531612897, -0.09274834057711913, 0.09471793419560225, 0.007833961284393903
